ISO-10303-21;
HEADER;
FILE_DESCRIPTION(('FreeCAD Model'),'2;1');
FILE_NAME('Open CASCADE Shape Model','2026-09-23T17:35:27',(''),(''),
  'Open CASCADE STEP processor 7.8','FreeCAD','Unknown');
FILE_SCHEMA(('AUTOMOTIVE_DESIGN { 1 0 10303 214 1 1 1 1 }'));
ENDSEC;
DATA;
#1 = APPLICATION_PROTOCOL_DEFINITION('international standard',
  'automotive_design',2000,#2);
#2 = APPLICATION_CONTEXT(
  'core data for automotive mechanical design processes');
#3 = SHAPE_DEFINITION_REPRESENTATION(#4,#10);
#4 = PRODUCT_DEFINITION_SHAPE('','',#5);
#5 = PRODUCT_DEFINITION('design','',#6,#9);
#6 = PRODUCT_DEFINITION_FORMATION('','',#7);
#7 = PRODUCT('Chamfer001','Chamfer001','',(#8));
#8 = PRODUCT_CONTEXT('',#2,'mechanical');
#9 = PRODUCT_DEFINITION_CONTEXT('part definition',#2,'design');
#10 = SHAPE_REPRESENTATION('',(#11,#15,#6143,#7636),#9547);
#11 = AXIS2_PLACEMENT_3D('',#12,#13,#14);
#12 = CARTESIAN_POINT('',(0.,0.,0.));
#13 = DIRECTION('',(0.,0.,1.));
#14 = DIRECTION('',(1.,0.,-0.));
#15 = MANIFOLD_SOLID_BREP('',#16);
#16 = CLOSED_SHELL('',(#17,#114,#284,#316,#519,#584,#611,#714,#739,#771,
    #822,#846,#1055,#1102,#1133,#1160,#1193,#1211,#1276,#1293,#1383,
    #1408,#1498,#1516,#1717,#1734,#1767,#1798,#1830,#1855,#1969,#1993,
    #2017,#2042,#2156,#2180,#2205,#2230,#2263,#2287,#2311,#2334,#2346,
    #2477,#2503,#2529,#2644,#2661,#2679,#2761,#2786,#2803,#2850,#2867,
    #2907,#2919,#2937,#2970,#3001,#3033,#3056,#3170,#3187,#3211,#3228,
    #3342,#3359,#3384,#3409,#3442,#3464,#3481,#3493,#3645,#3670,#3696,
    #3753,#3812,#3824,#3849,#3873,#3898,#3924,#3976,#3993,#4010,#4022,
    #4049,#4078,#4102,#4127,#4155,#4179,#4207,#4224,#4249,#4267,#4302,
    #4326,#4354,#4378,#4400,#4425,#4450,#4479,#4491,#4508,#4645,#4662,
    #4688,#4747,#4772,#4796,#4821,#4847,#4899,#4917,#4958,#5004,#5020,
    #5044,#5071,#5115,#5131,#5143,#5172,#5184,#5209,#5226,#5251,#5287,
    #5313,#5341,#5366,#5394,#5420,#5456,#5473,#5485,#5526,#5542,#5569,
    #5585,#5609,#5629,#5647,#5693,#5717,#5761,#5773,#5790,#5815,#5851,
    #5877,#5905,#5930,#5958,#5984,#6020,#6037,#6054,#6071,#6083,#6100,
    #6117,#6129));
#17 = ADVANCED_FACE('',(#18),#109,.T.);
#18 = FACE_BOUND('',#19,.F.);
#19 = EDGE_LOOP('',(#20,#30,#52,#60,#77,#94,#102));
#20 = ORIENTED_EDGE('',*,*,#21,.F.);
#21 = EDGE_CURVE('',#22,#24,#26,.T.);
#22 = VERTEX_POINT('',#23);
#23 = CARTESIAN_POINT('',(30.089362603948,7.630251214477,4.772762973789)
  );
#24 = VERTEX_POINT('',#25);
#25 = CARTESIAN_POINT('',(30.089362603948,21.5,4.772762973789));
#26 = LINE('',#27,#28);
#27 = CARTESIAN_POINT('',(30.089362603948,-22.,4.772762973789));
#28 = VECTOR('',#29,1.);
#29 = DIRECTION('',(0.,1.,-2.2E-16));
#30 = ORIENTED_EDGE('',*,*,#31,.T.);
#31 = EDGE_CURVE('',#22,#32,#34,.T.);
#32 = VERTEX_POINT('',#33);
#33 = CARTESIAN_POINT('',(29.774016824433,5.683396082269,6.978467523178)
  );
#34 = B_SPLINE_CURVE_WITH_KNOTS('',6,(#35,#36,#37,#38,#39,#40,#41,#42,
    #43,#44,#45,#46,#47,#48,#49,#50,#51),.UNSPECIFIED.,.F.,.F.,(7,5,5,7)
  ,(0.,0.367572039567,0.903758093283,1.),.UNSPECIFIED.);
#35 = CARTESIAN_POINT('',(30.089362603948,7.630251214477,4.772762973789)
  );
#36 = CARTESIAN_POINT('',(30.161964496696,7.535951431538,4.923520729254)
  );
#37 = CARTESIAN_POINT('',(30.218224886342,7.433685893662,5.079063164502)
  );
#38 = CARTESIAN_POINT('',(30.258026330945,7.324245538616,5.236737672704)
  );
#39 = CARTESIAN_POINT('',(30.281870215587,7.208825974547,5.393903384702)
  );
#40 = CARTESIAN_POINT('',(30.290842963636,7.08912043164,5.548099578946)
  );
#41 = CARTESIAN_POINT('',(30.280481985753,6.789590438837,5.914412286532)
  );
#42 = CARTESIAN_POINT('',(30.246253031687,6.60670873644,6.121468242933)
  );
#43 = CARTESIAN_POINT('',(30.188635380877,6.421251236459,6.316113406681)
  );
#44 = CARTESIAN_POINT('',(30.110927664582,6.235590035401,6.497601881561)
  );
#45 = CARTESIAN_POINT('',(30.015325330679,6.05194394344,6.66555046289));
#46 = CARTESIAN_POINT('',(29.882905370233,5.841230444279,6.847029855439)
  );
#47 = CARTESIAN_POINT('',(29.862207428137,5.809310343372,6.874206271788)
  );
#48 = CARTESIAN_POINT('',(29.840967349142,5.777550687339,6.900940442591)
  );
#49 = CARTESIAN_POINT('',(29.819188082451,5.745967086465,6.9272304342));
#50 = CARTESIAN_POINT('',(29.796871185595,5.714576269222,6.953073788553)
  );
#51 = CARTESIAN_POINT('',(29.774016824433,5.683396082269,6.978467523178)
  );
#52 = ORIENTED_EDGE('',*,*,#53,.T.);
#53 = EDGE_CURVE('',#32,#54,#56,.T.);
#54 = VERTEX_POINT('',#55);
#55 = CARTESIAN_POINT('',(29.774016824433,11.732499698092,6.978467523178
    ));
#56 = LINE('',#57,#58);
#57 = CARTESIAN_POINT('',(29.774016824433,-22.,6.978467523178));
#58 = VECTOR('',#59,1.);
#59 = DIRECTION('',(0.,1.,-2.2E-16));
#60 = ORIENTED_EDGE('',*,*,#61,.F.);
#61 = EDGE_CURVE('',#62,#54,#64,.T.);
#62 = VERTEX_POINT('',#63);
#63 = CARTESIAN_POINT('',(30.150131883219,14.,6.368779932614));
#64 = B_SPLINE_CURVE_WITH_KNOTS('',6,(#65,#66,#67,#68,#69,#70,#71,#72,
    #73,#74,#75,#76),.UNSPECIFIED.,.F.,.F.,(7,5,7),(0.,0.495372632866,1.
    ),.UNSPECIFIED.);
#65 = CARTESIAN_POINT('',(30.150131883219,14.,6.368779932614));
#66 = CARTESIAN_POINT('',(30.150131883219,13.804613885571,6.368779932614
    ));
#67 = CARTESIAN_POINT('',(30.145675738811,13.609423708875,6.380177338879
    ));
#68 = CARTESIAN_POINT('',(30.136781046338,13.414889926394,6.402930870793
    ));
#69 = CARTESIAN_POINT('',(30.122990117932,13.22151689243,6.436656822362)
  );
#70 = CARTESIAN_POINT('',(30.103407491651,13.029916549765,6.480625816934
    ));
#71 = CARTESIAN_POINT('',(30.049864494532,12.648284048738,6.587892015228
    ));
#72 = CARTESIAN_POINT('',(30.015596186381,12.458021003075,6.651626253974
    ));
#73 = CARTESIAN_POINT('',(29.972774189895,12.270604045824,6.723977169905
    ));
#74 = CARTESIAN_POINT('',(29.919690915289,12.086619044517,6.803693975346
    ));
#75 = CARTESIAN_POINT('',(29.854288484695,11.906879201121,6.889276789553
    ));
#76 = CARTESIAN_POINT('',(29.774016824433,11.732499698092,6.978467523178
    ));
#77 = ORIENTED_EDGE('',*,*,#78,.F.);
#78 = EDGE_CURVE('',#79,#62,#81,.T.);
#79 = VERTEX_POINT('',#80);
#80 = CARTESIAN_POINT('',(29.774016824433,16.267500301908,6.978467523178
    ));
#81 = B_SPLINE_CURVE_WITH_KNOTS('',6,(#82,#83,#84,#85,#86,#87,#88,#89,
    #90,#91,#92,#93),.UNSPECIFIED.,.F.,.F.,(7,5,7),(0.,0.502292785879,1.
    ),.UNSPECIFIED.);
#82 = CARTESIAN_POINT('',(29.774016824433,16.267500301908,6.978467523178
    ));
#83 = CARTESIAN_POINT('',(29.853916441759,16.093929012662,6.889690170593
    ));
#84 = CARTESIAN_POINT('',(29.919084143554,15.915047362497,6.804487570241
    ));
#85 = CARTESIAN_POINT('',(29.972033587927,15.731958027717,6.725088050332
    ));
#86 = CARTESIAN_POINT('',(30.014797959599,15.545464733633,6.652973485774
    ));
#87 = CARTESIAN_POINT('',(30.049065266634,15.356143630053,6.589377001234
    ));
#88 = CARTESIAN_POINT('',(30.102942968936,14.974616791355,6.481668336197
    ));
#89 = CARTESIAN_POINT('',(30.122728428144,14.782142654436,6.437296543699
    ));
#90 = CARTESIAN_POINT('',(30.136654430485,14.587871918133,6.403254812848
    ));
#91 = CARTESIAN_POINT('',(30.145633379318,14.392424988573,6.380285664018
    ));
#92 = CARTESIAN_POINT('',(30.150131883219,14.196312483816,6.368779932614
    ));
#93 = CARTESIAN_POINT('',(30.150131883219,14.,6.368779932614));
#94 = ORIENTED_EDGE('',*,*,#95,.F.);
#95 = EDGE_CURVE('',#96,#79,#98,.T.);
#96 = VERTEX_POINT('',#97);
#97 = CARTESIAN_POINT('',(29.774016824433,21.5,6.978467523178));
#98 = LINE('',#99,#100);
#99 = CARTESIAN_POINT('',(29.774016824433,22.,6.978467523178));
#100 = VECTOR('',#101,1.);
#101 = DIRECTION('',(-0.,-1.,-6.7E-16));
#102 = ORIENTED_EDGE('',*,*,#103,.T.);
#103 = EDGE_CURVE('',#96,#24,#104,.T.);
#104 = CIRCLE('',#105,2.);
#105 = AXIS2_PLACEMENT_3D('',#106,#107,#108);
#106 = CARTESIAN_POINT('',(28.287428531938,21.5,5.640538059933));
#107 = DIRECTION('',(0.,1.,4.4E-16));
#108 = DIRECTION('',(0.743294146247,-2.943444819139E-16,0.668964731622)
  );
#109 = CYLINDRICAL_SURFACE('',#110,2.);
#110 = AXIS2_PLACEMENT_3D('',#111,#112,#113);
#111 = CARTESIAN_POINT('',(28.287428531938,-22.,5.640538059933));
#112 = DIRECTION('',(0.,1.,-2.2E-16));
#113 = DIRECTION('',(0.900967036005,-9.545525947578E-17,-0.433887543072)
  );
#114 = ADVANCED_FACE('',(#115),#279,.F.);
#115 = FACE_BOUND('',#116,.T.);
#116 = EDGE_LOOP('',(#117,#127,#134,#135,#152,#264,#272));
#117 = ORIENTED_EDGE('',*,*,#118,.F.);
#118 = EDGE_CURVE('',#119,#121,#123,.T.);
#119 = VERTEX_POINT('',#120);
#120 = CARTESIAN_POINT('',(43.706050965509,21.5,-10.35689076127));
#121 = VERTEX_POINT('',#122);
#122 = CARTESIAN_POINT('',(43.706050965509,-21.5,-10.35689076127));
#123 = LINE('',#124,#125);
#124 = CARTESIAN_POINT('',(43.706050965509,22.,-10.35689076127));
#125 = VECTOR('',#126,1.);
#126 = DIRECTION('',(-0.,-1.,-6.7E-16));
#127 = ORIENTED_EDGE('',*,*,#128,.F.);
#128 = EDGE_CURVE('',#24,#119,#129,.T.);
#129 = CIRCLE('',#130,11.);
#130 = AXIS2_PLACEMENT_3D('',#131,#132,#133);
#131 = CARTESIAN_POINT('',(40.,21.5,9.55E-15));
#132 = DIRECTION('',(0.,-1.,-4.4E-16));
#133 = DIRECTION('',(-0.900967036005,-1.909105189516E-16,0.433887543072)
  );
#134 = ORIENTED_EDGE('',*,*,#21,.F.);
#135 = ORIENTED_EDGE('',*,*,#136,.F.);
#136 = EDGE_CURVE('',#137,#22,#139,.T.);
#137 = VERTEX_POINT('',#138);
#138 = CARTESIAN_POINT('',(29.,9.,0.));
#139 = B_SPLINE_CURVE_WITH_KNOTS('',6,(#140,#141,#142,#143,#144,#145,
    #146,#147,#148,#149,#150,#151),.UNSPECIFIED.,.F.,.F.,(7,5,7),(0.,
    0.528310371131,1.),.UNSPECIFIED.);
#140 = CARTESIAN_POINT('',(29.,9.,-1.43E-15));
#141 = CARTESIAN_POINT('',(29.,9.,0.489289649187));
#142 = CARTESIAN_POINT('',(29.026117272865,8.968079016211,0.975720424428
    ));
#143 = CARTESIAN_POINT('',(29.077776678765,8.904939127986,1.453588257017
    ));
#144 = CARTESIAN_POINT('',(29.152856241967,8.812896084747,1.91729028981)
  );
#145 = CARTESIAN_POINT('',(29.247717267613,8.695869744714,2.361476642773
    ));
#146 = CARTESIAN_POINT('',(29.455305132872,8.437761811369,3.155851180042
    ));
#147 = CARTESIAN_POINT('',(29.56556378243,8.299936559365,3.513060390885)
  );
#148 = CARTESIAN_POINT('',(29.685941973511,8.148399006926,3.852929798974
    ));
#149 = CARTESIAN_POINT('',(29.814476944336,7.985174909215,4.175818056045
    ));
#150 = CARTESIAN_POINT('',(29.949448554621,7.811980147184,4.482231594563
    ));
#151 = CARTESIAN_POINT('',(30.089362603948,7.630251214477,4.772762973789
    ));
#152 = ORIENTED_EDGE('',*,*,#153,.F.);
#153 = EDGE_CURVE('',#154,#137,#156,.T.);
#154 = VERTEX_POINT('',#155);
#155 = CARTESIAN_POINT('',(30.089362603948,-7.630251214477,
    4.772762973789));
#156 = B_SPLINE_CURVE_WITH_KNOTS('',8,(#157,#158,#159,#160,#161,#162,
    #163,#164,#165,#166,#167,#168,#169,#170,#171,#172,#173,#174,#175,
    #176,#177,#178,#179,#180,#181,#182,#183,#184,#185,#186,#187,#188,
    #189,#190,#191,#192,#193,#194,#195,#196,#197,#198,#199,#200,#201,
    #202,#203,#204,#205,#206,#207,#208,#209,#210,#211,#212,#213,#214,
    #215,#216,#217,#218,#219,#220,#221,#222,#223,#224,#225,#226,#227,
    #228,#229,#230,#231,#232,#233,#234,#235,#236,#237,#238,#239,#240,
    #241,#242,#243,#244,#245,#246,#247,#248,#249,#250,#251,#252,#253,
    #254,#255,#256,#257,#258,#259,#260,#261,#262,#263),.UNSPECIFIED.,.F.
  ,.F.,(9,7,7,7,7,7,7,7,7,7,7,7,7,7,7,9),(0.,6.057401962672E-02,
    8.510593298202E-02,9.914205136855E-02,0.128528026962,0.215088162182,
    0.378015322097,0.487532749334,0.515605409574,0.564505986145,
    0.612373243185,0.640341327052,0.75091709579,0.870961169924,
    0.945797071535,1.),.UNSPECIFIED.);
#157 = CARTESIAN_POINT('',(30.089362603948,-7.630251214477,
    4.772762973789));
#158 = CARTESIAN_POINT('',(29.984610916422,-7.766309119061,
    4.555246202604));
#159 = CARTESIAN_POINT('',(29.882499280286,-7.897809092407,
    4.329254210145));
#160 = CARTESIAN_POINT('',(29.783557691966,-8.024241955594,4.0945754646)
  );
#161 = CARTESIAN_POINT('',(29.688364293827,-8.145038920596,
    3.851016533215));
#162 = CARTESIAN_POINT('',(29.597547212293,-8.259568295748,
    3.598408659906));
#163 = CARTESIAN_POINT('',(29.511786395985,-8.367132191217,
    3.336614342869));
#164 = CARTESIAN_POINT('',(29.431815453845,-8.466963224469,
    3.065533912198));
#165 = CARTESIAN_POINT('',(29.328700433295,-8.595179865665,
    2.671543890317));
#166 = CARTESIAN_POINT('',(29.3000642887,-8.630722456672,2.556473813556)
  );
#167 = CARTESIAN_POINT('',(29.272577441147,-8.66478101749,2.439941229946
    ));
#168 = CARTESIAN_POINT('',(29.246300487528,-8.697289513,2.321986731085)
  );
#169 = CARTESIAN_POINT('',(29.221292239966,-8.728183854236,
    2.202652147437));
#170 = CARTESIAN_POINT('',(29.197609725807,-8.757401898387,
    2.081980548324));
#171 = CARTESIAN_POINT('',(29.175308187624,-8.784883448793,
    1.960016241931));
#172 = CARTESIAN_POINT('',(29.142501812781,-8.825267153923,
    1.766308409729));
#173 = CARTESIAN_POINT('',(29.131033536904,-8.839374737087,
    1.695412680691));
#174 = CARTESIAN_POINT('',(29.12004692582,-8.852881263262,1.624130597771
    ));
#175 = CARTESIAN_POINT('',(29.109552281144,-8.865775383506,
    1.552476391627));
#176 = CARTESIAN_POINT('',(29.099559535867,-8.878046141113,
    1.480465513995));
#177 = CARTESIAN_POINT('',(29.090078254359,-8.889682971614,
    1.408114637687));
#178 = CARTESIAN_POINT('',(29.081117632367,-8.900675702778,
    1.335441656593));
#179 = CARTESIAN_POINT('',(29.055035097192,-8.932659943973,
    1.109683410617));
#180 = CARTESIAN_POINT('',(29.039698476281,-8.951446631242,
    0.955523807302));
#181 = CARTESIAN_POINT('',(29.026764082343,-8.967276905256,
    0.800206516613));
#182 = CARTESIAN_POINT('',(29.016302619872,-8.980072071922,
    0.643952046056));
#183 = CARTESIAN_POINT('',(29.008367956256,-8.989772377929,
    0.486981748881));
#184 = CARTESIAN_POINT('',(29.002997028221,-8.996336934455,
    0.329517803182));
#185 = CARTESIAN_POINT('',(29.000209748289,-8.99974364088,0.171783191007
    ));
#186 = CARTESIAN_POINT('',(28.999417320083,-9.00071216463,
    -0.450763873859));
#187 = CARTESIAN_POINT('',(29.021273195058,-8.973999823463,
    -0.911591051217));
#188 = CARTESIAN_POINT('',(29.064910057696,-8.920667632234,
    -1.365098144418));
#189 = CARTESIAN_POINT('',(29.12901184328,-8.842175268633,
    -1.807948911032));
#190 = CARTESIAN_POINT('',(29.211629803364,-8.740619347184,
    -2.236932832635));
#191 = CARTESIAN_POINT('',(29.310211703475,-8.618745242327,
    -2.649012878342));
#192 = CARTESIAN_POINT('',(29.421643315973,-8.479977928186,-3.0413407756
    ));
#193 = CARTESIAN_POINT('',(29.769411495309,-8.043300636939,
    -4.107479407555));
#194 = CARTESIAN_POINT('',(30.033813782219,-7.707220544296,
    -4.738362303313));
#195 = CARTESIAN_POINT('',(30.322430622513,-7.333749842944,
    -5.307220275031));
#196 = CARTESIAN_POINT('',(30.625344467758,-6.932305783757,
    -5.81900254012));
#197 = CARTESIAN_POINT('',(30.935315968966,-6.50895525342,
    -6.279172257504));
#198 = CARTESIAN_POINT('',(31.24716981269,-6.06667011947,-6.69311268541)
  );
#199 = CARTESIAN_POINT('',(31.557129224228,-5.605591559886,
    -7.065535187752));
#200 = CARTESIAN_POINT('',(32.065009133848,-4.798708511976,
    -7.624173951219));
#201 = CARTESIAN_POINT('',(32.265635490857,-4.465796938976,
    -7.830625558435));
#202 = CARTESIAN_POINT('',(32.461062300876,-4.124244496603,
    -8.019719494823));
#203 = CARTESIAN_POINT('',(32.649341255316,-3.77389046929,
    -8.191793853912));
#204 = CARTESIAN_POINT('',(32.828112826996,-3.414571847508,
    -8.346851266088));
#205 = CARTESIAN_POINT('',(32.994533191775,-3.04612484344,-8.48464006359
    ));
#206 = CARTESIAN_POINT('',(33.145295138325,-2.668317838144,
    -8.604685866171));
#207 = CARTESIAN_POINT('',(33.310482413703,-2.181371241617,
    -8.732248723673));
#208 = CARTESIAN_POINT('',(33.342910144422,-2.081402263056,
    -8.757052412427));
#209 = CARTESIAN_POINT('',(33.373991979467,-1.980840874936,
    -8.780613110864));
#210 = CARTESIAN_POINT('',(33.403659596735,-1.879708810217,
    -8.80291254288));
#211 = CARTESIAN_POINT('',(33.431846785205,-1.778025231748,
    -8.823933686377));
#212 = CARTESIAN_POINT('',(33.458489597266,-1.675806736644,
    -8.843660417542));
#213 = CARTESIAN_POINT('',(33.483526501023,-1.573067360662,
    -8.862077155116));
#214 = CARTESIAN_POINT('',(33.547610948579,-1.289966558023,
    -8.908940419423));
#215 = CARTESIAN_POINT('',(33.583302475616,-1.108432398574,
    -8.934713276811));
#216 = CARTESIAN_POINT('',(33.613586421057,-0.92554521438,
    -8.956349958772));
#217 = CARTESIAN_POINT('',(33.638147014596,-0.741593944841,
    -8.973753692094));
#218 = CARTESIAN_POINT('',(33.656742176883,-0.556835894093,
    -8.986857233454));
#219 = CARTESIAN_POINT('',(33.66920510569,-0.371505308923,
    -8.995615264931));
#220 = CARTESIAN_POINT('',(33.675444679663,-0.185821999079,-9.));
#221 = CARTESIAN_POINT('',(33.675444679663,0.181895388913,-9.));
#222 = CARTESIAN_POINT('',(33.669466014877,0.363665183451,
    -8.995798614578));
#223 = CARTESIAN_POINT('',(33.657523065599,0.545105536237,
    -8.987405984258));
#224 = CARTESIAN_POINT('',(33.63969953889,0.726007445533,-8.974847657096
    ));
#225 = CARTESIAN_POINT('',(33.616149169905,0.906148865552,
    -8.958165622915));
#226 = CARTESIAN_POINT('',(33.587095372036,1.085286852503,
    -8.937422207453));
#227 = CARTESIAN_POINT('',(33.55282983588,1.263149746412,-8.912706826441
    ));
#228 = CARTESIAN_POINT('',(33.490853018467,1.542426805369,
    -8.867457724911));
#229 = CARTESIAN_POINT('',(33.466329687219,1.644924760755,
    -8.849450273832));
#230 = CARTESIAN_POINT('',(33.440197954404,1.746911231445,
    -8.830138447027));
#231 = CARTESIAN_POINT('',(33.412518377352,1.848371621728,
    -8.809537672994));
#232 = CARTESIAN_POINT('',(33.383354048206,1.949288759288,
    -8.787663963953));
#233 = CARTESIAN_POINT('',(33.352770442537,2.049642890931,
    -8.764534271724));
#234 = CARTESIAN_POINT('',(33.320835267957,2.1494116783,-8.74016684361)
  );
#235 = CARTESIAN_POINT('',(33.156290389935,2.640607385292,
    -8.613426619075));
#236 = CARTESIAN_POINT('',(33.005078138994,3.022653004558,-8.49335215536
    ));
#237 = CARTESIAN_POINT('',(32.837721328741,3.39515504391,-8.355161288738
    ));
#238 = CARTESIAN_POINT('',(32.657643427062,3.758351560055,
    -8.199350973837));
#239 = CARTESIAN_POINT('',(32.467789318045,4.112406832634,
    -8.026189101545));
#240 = CARTESIAN_POINT('',(32.270600634301,4.457483663368,
    -7.835682896134));
#241 = CARTESIAN_POINT('',(32.068090526101,4.793743602875,
    -7.627493674973));
#242 = CARTESIAN_POINT('',(31.638220135692,5.476835119443,
    -7.154805734945));
#243 = CARTESIAN_POINT('',(31.410616908803,5.821470905432,
    -6.887451768019));
#244 = CARTESIAN_POINT('',(31.181143010529,6.155745455039,
    -6.597661565294));
#245 = CARTESIAN_POINT('',(30.951596089271,6.479593977079,
    -6.283902550537));
#246 = CARTESIAN_POINT('',(30.723941236874,6.792266812011,
    -5.944357583025));
#247 = CARTESIAN_POINT('',(30.500549667124,7.092246808181,
    -5.577055273759));
#248 = CARTESIAN_POINT('',(30.284369685496,7.377149150063,
    -5.180004264563));
#249 = CARTESIAN_POINT('',(29.951079538966,7.809738616175,
    -4.484082512584));
#250 = CARTESIAN_POINT('',(29.826980304316,7.969134662139,
    -4.203840252657));
#251 = CARTESIAN_POINT('',(29.707836160711,8.120746795122,
    -3.910319948312));
#252 = CARTESIAN_POINT('',(29.594802266019,8.26341038829,-3.603294273749
    ));
#253 = CARTESIAN_POINT('',(29.489125359422,8.395850621348,
    -3.282600964604));
#254 = CARTESIAN_POINT('',(29.392146080198,8.516674306858,
    -2.948158862924));
#255 = CARTESIAN_POINT('',(29.305299677351,8.624360294054,
    -2.599984466775));
#256 = CARTESIAN_POINT('',(29.175659646436,8.78452645406,-1.976178459492
    ));
#257 = CARTESIAN_POINT('',(29.127293526069,8.844076612758,
    -1.706876333888));
#258 = CARTESIAN_POINT('',(29.085824503065,8.894987432713,
    -1.431375323507));
#259 = CARTESIAN_POINT('',(29.051918521069,8.936520677835,
    -1.150774384382));
#260 = CARTESIAN_POINT('',(29.026093859958,8.968107488724,-0.86619408898
    ));
#261 = CARTESIAN_POINT('',(29.008716970925,8.989345934897,
    -0.578771647536));
#262 = CARTESIAN_POINT('',(29.,9.,-0.289655574488));
#263 = CARTESIAN_POINT('',(29.,9.,-1.78E-15));
#264 = ORIENTED_EDGE('',*,*,#265,.F.);
#265 = EDGE_CURVE('',#266,#154,#268,.T.);
#266 = VERTEX_POINT('',#267);
#267 = CARTESIAN_POINT('',(30.089362603948,-21.5,4.772762973789));
#268 = LINE('',#269,#270);
#269 = CARTESIAN_POINT('',(30.089362603948,-22.,4.772762973789));
#270 = VECTOR('',#271,1.);
#271 = DIRECTION('',(0.,1.,-2.2E-16));
#272 = ORIENTED_EDGE('',*,*,#273,.T.);
#273 = EDGE_CURVE('',#266,#121,#274,.T.);
#274 = CIRCLE('',#275,11.);
#275 = AXIS2_PLACEMENT_3D('',#276,#277,#278);
#276 = CARTESIAN_POINT('',(40.,-21.5,0.));
#277 = DIRECTION('',(-0.,-1.,0.));
#278 = DIRECTION('',(-0.900967036005,0.,0.433887543072));
#279 = CYLINDRICAL_SURFACE('',#280,11.);
#280 = AXIS2_PLACEMENT_3D('',#281,#282,#283);
#281 = CARTESIAN_POINT('',(40.,0.,0.));
#282 = DIRECTION('',(0.,1.,-2.2E-16));
#283 = DIRECTION('',(1.,0.,0.));
#284 = ADVANCED_FACE('',(#285),#311,.T.);
#285 = FACE_BOUND('',#286,.T.);
#286 = EDGE_LOOP('',(#287,#295,#296,#304));
#287 = ORIENTED_EDGE('',*,*,#288,.F.);
#288 = EDGE_CURVE('',#96,#289,#291,.T.);
#289 = VERTEX_POINT('',#290);
#290 = CARTESIAN_POINT('',(29.402369751309,22.,6.643985157366));
#291 = LINE('',#292,#293);
#292 = CARTESIAN_POINT('',(29.588193287871,21.75,6.811226340272));
#293 = VECTOR('',#294,1.);
#294 = DIRECTION('',(-0.525588331228,0.707106781187,-0.473029498105));
#295 = ORIENTED_EDGE('',*,*,#103,.T.);
#296 = ORIENTED_EDGE('',*,*,#297,.T.);
#297 = EDGE_CURVE('',#24,#298,#300,.T.);
#298 = VERTEX_POINT('',#299);
#299 = CARTESIAN_POINT('',(29.638879085946,22.,4.989706745325));
#300 = LINE('',#301,#302);
#301 = CARTESIAN_POINT('',(30.089362603948,21.5,4.772762973789));
#302 = VECTOR('',#303,1.);
#303 = DIRECTION('',(-0.637079900784,0.707106781187,0.306804823978));
#304 = ORIENTED_EDGE('',*,*,#305,.F.);
#305 = EDGE_CURVE('',#289,#298,#306,.T.);
#306 = CIRCLE('',#307,1.5);
#307 = AXIS2_PLACEMENT_3D('',#308,#309,#310);
#308 = CARTESIAN_POINT('',(28.287428531938,22.,5.640538059933));
#309 = DIRECTION('',(0.,1.,4.4E-16));
#310 = DIRECTION('',(0.743294146247,-2.943444819139E-16,0.668964731622)
  );
#311 = CONICAL_SURFACE('',#312,2.,0.785398163397);
#312 = AXIS2_PLACEMENT_3D('',#313,#314,#315);
#313 = CARTESIAN_POINT('',(28.287428531938,21.5,5.640538059933));
#314 = DIRECTION('',(0.,-1.,-4.4E-16));
#315 = DIRECTION('',(0.743294146247,-2.943444819139E-16,0.668964731622)
  );
#316 = ADVANCED_FACE('',(#317),#514,.F.);
#317 = FACE_BOUND('',#318,.T.);
#318 = EDGE_LOOP('',(#319,#363,#369,#370,#371,#380,#400,#401,#402,#444)
  );
#319 = ORIENTED_EDGE('',*,*,#320,.F.);
#320 = EDGE_CURVE('',#321,#323,#325,.T.);
#321 = VERTEX_POINT('',#322);
#322 = CARTESIAN_POINT('',(10.723805294764,9.,0.));
#323 = VERTEX_POINT('',#324);
#324 = CARTESIAN_POINT('',(14.,0.,9.));
#325 = B_SPLINE_CURVE_WITH_KNOTS('',6,(#326,#327,#328,#329,#330,#331,
    #332,#333,#334,#335,#336,#337,#338,#339,#340,#341,#342,#343,#344,
    #345,#346,#347,#348,#349,#350,#351,#352,#353,#354,#355,#356,#357,
    #358,#359,#360,#361,#362),.UNSPECIFIED.,.F.,.F.,(7,5,5,5,5,5,5,7),(
    0.,0.204776262634,0.411941633044,0.615723289646,0.692390401216,
    0.79103717235,0.870295042777,1.),.UNSPECIFIED.);
#326 = CARTESIAN_POINT('',(10.723805294764,9.,-2.88E-15));
#327 = CARTESIAN_POINT('',(10.723805294764,9.,0.434344396335));
#328 = CARTESIAN_POINT('',(10.744915700269,8.97484620059,0.86814665488)
  );
#329 = CARTESIAN_POINT('',(10.787039058342,8.924654950314,1.2997483551)
  );
#330 = CARTESIAN_POINT('',(10.849223334488,8.849661292348,1.727431160178
    ));
#331 = CARTESIAN_POINT('',(10.929659362835,8.750252601877,2.149296681931
    ));
#332 = CARTESIAN_POINT('',(11.123198841884,8.502905031447,2.981841306026
    ));
#333 = CARTESIAN_POINT('',(11.236723575906,8.35434811705,3.392553369007)
  );
#334 = CARTESIAN_POINT('',(11.364312736088,8.181956633,3.794760130181));
#335 = CARTESIAN_POINT('',(11.503646735448,7.985799697143,4.187741183145
    ));
#336 = CARTESIAN_POINT('',(11.652301863633,7.765796026636,4.570551166919
    ));
#337 = CARTESIAN_POINT('',(11.960685555958,7.281690389998,5.307363857879
    ));
#338 = CARTESIAN_POINT('',(12.120244430726,7.018287031045,5.66185683885)
  );
#339 = CARTESIAN_POINT('',(12.284368899268,6.730833682033,6.005064263806
    ));
#340 = CARTESIAN_POINT('',(12.450957612657,6.418236129959,6.336121303819
    ));
#341 = CARTESIAN_POINT('',(12.617661523677,6.079160283646,6.653520143834
    ));
#342 = CARTESIAN_POINT('',(12.843368749866,5.574114147776,7.068321740416
    ));
#343 = CARTESIAN_POINT('',(12.904698629597,5.432076866683,7.179471545154
    ));
#344 = CARTESIAN_POINT('',(12.96551185334,5.285977882596,7.288259318839)
  );
#345 = CARTESIAN_POINT('',(13.025651121751,5.135729097667,7.394546355524
    ));
#346 = CARTESIAN_POINT('',(13.08494611798,4.981244698232,7.498171536345)
  );
#347 = CARTESIAN_POINT('',(13.218185548991,4.618110295301,7.728623636047
    ));
#348 = CARTESIAN_POINT('',(13.291473504806,4.406581500918,7.853615491548
    ));
#349 = CARTESIAN_POINT('',(13.36266078749,4.187735182773,7.973490568878)
  );
#350 = CARTESIAN_POINT('',(13.431295599331,3.961475030341,8.087760773135
    ));
#351 = CARTESIAN_POINT('',(13.496892492751,3.727728401216,8.195885349778
    ));
#352 = CARTESIAN_POINT('',(13.608781200535,3.292588637946,8.378727609671
    ));
#353 = CARTESIAN_POINT('',(13.656346819004,3.093813825399,8.455856378217
    ));
#354 = CARTESIAN_POINT('',(13.701312661129,2.890275861926,8.528266075858
    ));
#355 = CARTESIAN_POINT('',(13.743367127045,2.68214494443,8.595580034399)
  );
#356 = CARTESIAN_POINT('',(13.782208165297,2.469607869933,8.657433418461
    ));
#357 = CARTESIAN_POINT('',(13.875376903498,1.898174773206,8.805177443662
    ));
#358 = CARTESIAN_POINT('',(13.923948184924,1.531478974195,8.88150260582)
  );
#359 = CARTESIAN_POINT('',(13.961608905887,1.155471929147,8.940280481242
    ));
#360 = CARTESIAN_POINT('',(13.987173259426,0.772964476834,8.980047302706
    ));
#361 = CARTESIAN_POINT('',(14.,0.386839537434,9.));
#362 = CARTESIAN_POINT('',(14.,-5.9E-16,9.));
#363 = ORIENTED_EDGE('',*,*,#364,.T.);
#364 = EDGE_CURVE('',#321,#137,#365,.T.);
#365 = LINE('',#366,#367);
#366 = CARTESIAN_POINT('',(0.,9.,0.));
#367 = VECTOR('',#368,1.);
#368 = DIRECTION('',(1.,0.,0.));
#369 = ORIENTED_EDGE('',*,*,#136,.T.);
#370 = ORIENTED_EDGE('',*,*,#31,.T.);
#371 = ORIENTED_EDGE('',*,*,#372,.T.);
#372 = EDGE_CURVE('',#32,#373,#375,.T.);
#373 = VERTEX_POINT('',#374);
#374 = CARTESIAN_POINT('',(29.774016824433,-5.68339608227,6.978467523178
    ));
#375 = ELLIPSE('',#376,12.108261642366,9.);
#376 = AXIS2_PLACEMENT_3D('',#377,#378,#379);
#377 = CARTESIAN_POINT('',(36.054637595293,0.,0.));
#378 = DIRECTION('',(0.743294146247,-1.5E-16,0.668964731622));
#379 = DIRECTION('',(-0.668964731622,-1.7E-16,0.743294146247));
#380 = ORIENTED_EDGE('',*,*,#381,.T.);
#381 = EDGE_CURVE('',#373,#154,#382,.T.);
#382 = B_SPLINE_CURVE_WITH_KNOTS('',6,(#383,#384,#385,#386,#387,#388,
    #389,#390,#391,#392,#393,#394,#395,#396,#397,#398,#399),
  .UNSPECIFIED.,.F.,.F.,(7,5,5,7),(0.,9.95885020369E-02,0.632238757085,
    1.),.UNSPECIFIED.);
#383 = CARTESIAN_POINT('',(29.774016824433,-5.683396082269,
    6.978467523178));
#384 = CARTESIAN_POINT('',(29.797666640826,-5.715661508168,
    6.952189949407));
#385 = CARTESIAN_POINT('',(29.82074093156,-5.748152479145,6.925430913235
    ));
#386 = CARTESIAN_POINT('',(29.843239509208,-5.780849228445,
    6.898193715463));
#387 = CARTESIAN_POINT('',(29.865160592725,-5.813733262515,
    6.870481060128));
#388 = CARTESIAN_POINT('',(29.886500807447,-5.846787361008,
    6.842295054502));
#389 = CARTESIAN_POINT('',(30.018260213961,-6.057610102943,6.66036039141
    ));
#390 = CARTESIAN_POINT('',(30.112794427216,-6.240091871701,
    6.493190118132));
#391 = CARTESIAN_POINT('',(30.189632308159,-6.424530262162,
    6.312657415674));
#392 = CARTESIAN_POINT('',(30.246603448174,-6.608742784271,
    6.119145078187));
#393 = CARTESIAN_POINT('',(30.280463452866,-6.790396857792,
    5.913398447076));
#394 = CARTESIAN_POINT('',(30.29086496961,-7.088832202801,5.548471095359
    ));
#395 = CARTESIAN_POINT('',(30.281916152095,-7.208607819508,
    5.394200928461));
#396 = CARTESIAN_POINT('',(30.258082423568,-7.324094086858,5.23695636049
    ));
#397 = CARTESIAN_POINT('',(30.218275975191,-7.433594218581,
    5.079202833443));
#398 = CARTESIAN_POINT('',(30.161995962106,-7.535910562337,
    4.923586067146));
#399 = CARTESIAN_POINT('',(30.089362603948,-7.630251214477,
    4.772762973789));
#400 = ORIENTED_EDGE('',*,*,#153,.T.);
#401 = ORIENTED_EDGE('',*,*,#364,.F.);
#402 = ORIENTED_EDGE('',*,*,#403,.F.);
#403 = EDGE_CURVE('',#404,#321,#406,.T.);
#404 = VERTEX_POINT('',#405);
#405 = CARTESIAN_POINT('',(14.,-3.E-15,-9.));
#406 = B_SPLINE_CURVE_WITH_KNOTS('',6,(#407,#408,#409,#410,#411,#412,
    #413,#414,#415,#416,#417,#418,#419,#420,#421,#422,#423,#424,#425,
    #426,#427,#428,#429,#430,#431,#432,#433,#434,#435,#436,#437,#438,
    #439,#440,#441,#442,#443),.UNSPECIFIED.,.F.,.F.,(7,5,5,5,5,5,5,7),(
    0.,0.130809400608,0.210951786228,0.311317331323,0.385743640568,
    0.587355761112,0.795622504896,1.),.UNSPECIFIED.);
#407 = CARTESIAN_POINT('',(14.,-2.79E-15,-9.));
#408 = CARTESIAN_POINT('',(14.,0.390154472163,-9.));
#409 = CARTESIAN_POINT('',(13.986952483941,0.779564794353,
    -8.979703875025));
#410 = CARTESIAN_POINT('',(13.960951063599,1.165263492708,
    -8.939257167797));
#411 = CARTESIAN_POINT('',(13.922658212635,1.544304002229,
    -8.879489230781));
#412 = CARTESIAN_POINT('',(13.873297292981,1.913814879687,
    -8.801909304384));
#413 = CARTESIAN_POINT('',(13.778589355122,2.489914024851,
    -8.651675421689));
#414 = CARTESIAN_POINT('',(13.739045633679,2.70445972612,-8.588677273917
    ));
#415 = CARTESIAN_POINT('',(13.696238071667,2.914483094504,
    -8.520122860935));
#416 = CARTESIAN_POINT('',(13.650478386812,3.119798398984,
    -8.446388190276));
#417 = CARTESIAN_POINT('',(13.602087357997,3.320237199766,
    -8.367860321704));
#418 = CARTESIAN_POINT('',(13.487903469364,3.760369561708,
    -8.181093639366));
#419 = CARTESIAN_POINT('',(13.420780901747,3.997282220332,
    -8.070325528584));
#420 = CARTESIAN_POINT('',(13.350566216179,4.226446214034,
    -7.953256060522));
#421 = CARTESIAN_POINT('',(13.277766283736,4.447946462436,
    -7.830447853524));
#422 = CARTESIAN_POINT('',(13.202851165172,4.661892441947,
    -7.702405781234));
#423 = CARTESIAN_POINT('',(13.069450844747,5.021567063999,
    -7.471078969328));
#424 = CARTESIAN_POINT('',(13.011714150731,5.170660770785,
    -7.369932131164));
#425 = CARTESIAN_POINT('',(12.95320826063,5.315776240786,-7.266301828721
    ));
#426 = CARTESIAN_POINT('',(12.894087501229,5.456992457191,
    -7.160332937702));
#427 = CARTESIAN_POINT('',(12.834494837029,5.594390004142,
    -7.052150709647));
#428 = CARTESIAN_POINT('',(12.612210510289,6.090123169165,-6.64309829877
    ));
#429 = CARTESIAN_POINT('',(12.447296282402,6.424924219078,
    -6.328747014894));
#430 = CARTESIAN_POINT('',(12.282534205155,6.733833524994,
    -6.001049411102));
#431 = CARTESIAN_POINT('',(12.120197350089,7.018139064756,
    -5.661459479662));
#432 = CARTESIAN_POINT('',(11.962322590597,7.278898165733,
    -5.310816642315));
#433 = CARTESIAN_POINT('',(11.654512636262,7.762550584371,
    -4.576297363899));
#434 = CARTESIAN_POINT('',(11.504954449872,7.984000143879,
    -4.191569455323));
#435 = CARTESIAN_POINT('',(11.364797451244,8.181347621227,
    -3.796556563751));
#436 = CARTESIAN_POINT('',(11.236504277695,8.35467707533,-3.392219713531
    ));
#437 = CARTESIAN_POINT('',(11.122431580004,8.503918992272,
    -2.979290034348));
#438 = CARTESIAN_POINT('',(10.928875766406,8.751220910816,
    -2.145182051916));
#439 = CARTESIAN_POINT('',(10.848738818458,8.850245623242,
    -1.724095316315));
#440 = CARTESIAN_POINT('',(10.786792657838,8.9249485429,-1.297222728338)
  );
#441 = CARTESIAN_POINT('',(10.744833202946,8.974944499495,
    -0.866452620983));
#442 = CARTESIAN_POINT('',(10.723805294764,9.,-0.433494856088));
#443 = CARTESIAN_POINT('',(10.723805294764,9.,-3.55E-15));
#444 = ORIENTED_EDGE('',*,*,#445,.F.);
#445 = EDGE_CURVE('',#323,#404,#446,.T.);
#446 = B_SPLINE_CURVE_WITH_KNOTS('',6,(#447,#448,#449,#450,#451,#452,
    #453,#454,#455,#456,#457,#458,#459,#460,#461,#462,#463,#464,#465,
    #466,#467,#468,#469,#470,#471,#472,#473,#474,#475,#476,#477,#478,
    #479,#480,#481,#482,#483,#484,#485,#486,#487,#488,#489,#490,#491,
    #492,#493,#494,#495,#496,#497,#498,#499,#500,#501,#502,#503,#504,
    #505,#506,#507,#508,#509,#510,#511,#512,#513),.UNSPECIFIED.,.F.,.F.,
  (7,5,5,5,5,5,5,5,5,5,5,5,5,7),(0.,6.539360047535E-02,0.105457992793,
    0.155632248809,0.192839087978,0.293628040427,0.397743739819,
    0.499915144893,0.602286780071,0.705852776679,0.8461131477,
    0.895462846659,0.935112923408,1.),.UNSPECIFIED.);
#447 = CARTESIAN_POINT('',(14.,0.,9.));
#448 = CARTESIAN_POINT('',(14.,-0.390154472051,9.));
#449 = CARTESIAN_POINT('',(13.986952483948,-0.779564794382,
    8.979703875036));
#450 = CARTESIAN_POINT('',(13.96095106359,-1.165263492816,8.939257167783
    ));
#451 = CARTESIAN_POINT('',(13.922658212622,-1.544304002261,
    8.879489230761));
#452 = CARTESIAN_POINT('',(13.873297292999,-1.913814879578,
    8.801909304412));
#453 = CARTESIAN_POINT('',(13.778589355122,-2.489914024851,
    8.651675421689));
#454 = CARTESIAN_POINT('',(13.739045633679,-2.70445972612,8.588677273917
    ));
#455 = CARTESIAN_POINT('',(13.696238071667,-2.914483094505,
    8.520122860935));
#456 = CARTESIAN_POINT('',(13.650478386811,-3.119798398984,
    8.446388190276));
#457 = CARTESIAN_POINT('',(13.602087357997,-3.320237199766,
    8.367860321704));
#458 = CARTESIAN_POINT('',(13.487903469365,-3.760369561708,
    8.181093639366));
#459 = CARTESIAN_POINT('',(13.420780901747,-3.997282220332,
    8.070325528584));
#460 = CARTESIAN_POINT('',(13.350566216179,-4.226446214034,
    7.953256060522));
#461 = CARTESIAN_POINT('',(13.277766283736,-4.447946462436,
    7.830447853524));
#462 = CARTESIAN_POINT('',(13.202851165172,-4.661892441948,
    7.702405781234));
#463 = CARTESIAN_POINT('',(13.069450844747,-5.021567063999,
    7.471078969328));
#464 = CARTESIAN_POINT('',(13.011714150731,-5.170660770785,
    7.369932131164));
#465 = CARTESIAN_POINT('',(12.95320826063,-5.315776240786,7.266301828721
    ));
#466 = CARTESIAN_POINT('',(12.894087501229,-5.456992457191,
    7.160332937702));
#467 = CARTESIAN_POINT('',(12.834494837029,-5.594390004142,
    7.052150709647));
#468 = CARTESIAN_POINT('',(12.612210510289,-6.090123169165,6.64309829877
    ));
#469 = CARTESIAN_POINT('',(12.447296282402,-6.424924219078,
    6.328747014894));
#470 = CARTESIAN_POINT('',(12.282534205156,-6.733833524994,
    6.001049411102));
#471 = CARTESIAN_POINT('',(12.120197350089,-7.018139064756,
    5.661459479662));
#472 = CARTESIAN_POINT('',(11.962322590597,-7.278898165733,
    5.310816642314));
#473 = CARTESIAN_POINT('',(11.654512636262,-7.762550584371,
    4.576297363898));
#474 = CARTESIAN_POINT('',(11.504954449872,-7.984000143879,
    4.191569455323));
#475 = CARTESIAN_POINT('',(11.364797451244,-8.181347621227,
    3.796556563752));
#476 = CARTESIAN_POINT('',(11.236504277695,-8.35467707533,3.392219713531
    ));
#477 = CARTESIAN_POINT('',(11.122431580004,-8.503918992273,
    2.979290034348));
#478 = CARTESIAN_POINT('',(10.928875766406,-8.751220910816,
    2.145182051916));
#479 = CARTESIAN_POINT('',(10.848738818458,-8.850245623242,
    1.724095316317));
#480 = CARTESIAN_POINT('',(10.786792657838,-8.9249485429,1.297222728335)
  );
#481 = CARTESIAN_POINT('',(10.744833202946,-8.974944499495,
    0.866452620984));
#482 = CARTESIAN_POINT('',(10.723805294764,-9.,0.433494856089));
#483 = CARTESIAN_POINT('',(10.723805294764,-9.,-0.434344396335));
#484 = CARTESIAN_POINT('',(10.744915700269,-8.974846200589,
    -0.868146654881));
#485 = CARTESIAN_POINT('',(10.787039058342,-8.924654950314,
    -1.299748355099));
#486 = CARTESIAN_POINT('',(10.849223334488,-8.849661292348,
    -1.727431160179));
#487 = CARTESIAN_POINT('',(10.929659362835,-8.750252601877,
    -2.149296681931));
#488 = CARTESIAN_POINT('',(11.123198841884,-8.502905031447,
    -2.981841306025));
#489 = CARTESIAN_POINT('',(11.236723575906,-8.35434811705,
    -3.392553369007));
#490 = CARTESIAN_POINT('',(11.364312736088,-8.181956633,-3.794760130181)
  );
#491 = CARTESIAN_POINT('',(11.503646735448,-7.985799697143,
    -4.187741183145));
#492 = CARTESIAN_POINT('',(11.652301863633,-7.765796026636,
    -4.570551166919));
#493 = CARTESIAN_POINT('',(12.01830617574,-7.191236622444,
    -5.445035223041));
#494 = CARTESIAN_POINT('',(12.241235932166,-6.816780040158,
    -5.926990819766));
#495 = CARTESIAN_POINT('',(12.471288323525,-6.396382324049,
    -6.387329375119));
#496 = CARTESIAN_POINT('',(12.703149817512,-5.92657895885,-6.82353523282
    ));
#497 = CARTESIAN_POINT('',(12.930130012686,-5.40318476157,
    -7.230400229744));
#498 = CARTESIAN_POINT('',(13.218185548991,-4.618110295301,
    -7.728623636047));
#499 = CARTESIAN_POINT('',(13.291473504806,-4.406581500918,
    -7.853615491548));
#500 = CARTESIAN_POINT('',(13.36266078749,-4.187735182773,
    -7.973490568878));
#501 = CARTESIAN_POINT('',(13.431295599331,-3.961475030341,
    -8.087760773135));
#502 = CARTESIAN_POINT('',(13.496892492751,-3.727728401216,
    -8.195885349778));
#503 = CARTESIAN_POINT('',(13.608781200544,-3.292588637911,
    -8.378727609685));
#504 = CARTESIAN_POINT('',(13.656346819003,-3.093813825396,
    -8.455856378215));
#505 = CARTESIAN_POINT('',(13.701312661123,-2.890275861952,
    -8.528266075848));
#506 = CARTESIAN_POINT('',(13.743367127043,-2.682144944446,
    -8.595580034396));
#507 = CARTESIAN_POINT('',(13.782208165299,-2.469607869914,
    -8.657433418466));
#508 = CARTESIAN_POINT('',(13.875376903498,-1.898174773206,
    -8.805177443662));
#509 = CARTESIAN_POINT('',(13.923948184924,-1.531478974194,
    -8.88150260582));
#510 = CARTESIAN_POINT('',(13.961608905887,-1.15547192915,
    -8.940280481241));
#511 = CARTESIAN_POINT('',(13.987173259426,-0.772964476832,
    -8.980047302707));
#512 = CARTESIAN_POINT('',(14.,-0.386839537433,-9.));
#513 = CARTESIAN_POINT('',(14.,-3.55E-15,-9.));
#514 = CYLINDRICAL_SURFACE('',#515,9.);
#515 = AXIS2_PLACEMENT_3D('',#516,#517,#518);
#516 = CARTESIAN_POINT('',(0.,0.,0.));
#517 = DIRECTION('',(-1.,-0.,-0.));
#518 = DIRECTION('',(0.,1.,0.));
#519 = ADVANCED_FACE('',(#520),#579,.T.);
#520 = FACE_BOUND('',#521,.T.);
#521 = EDGE_LOOP('',(#522,#532,#541,#547,#548,#549,#556,#557,#565,#573)
  );
#522 = ORIENTED_EDGE('',*,*,#523,.T.);
#523 = EDGE_CURVE('',#524,#526,#528,.T.);
#524 = VERTEX_POINT('',#525);
#525 = CARTESIAN_POINT('',(29.774016824433,-21.5,6.978467523178));
#526 = VERTEX_POINT('',#527);
#527 = CARTESIAN_POINT('',(29.774016824433,-16.2675003019,6.978467523178
    ));
#528 = LINE('',#529,#530);
#529 = CARTESIAN_POINT('',(29.774016824433,-22.,6.978467523178));
#530 = VECTOR('',#531,1.);
#531 = DIRECTION('',(0.,1.,-2.2E-16));
#532 = ORIENTED_EDGE('',*,*,#533,.T.);
#533 = EDGE_CURVE('',#526,#534,#536,.T.);
#534 = VERTEX_POINT('',#535);
#535 = CARTESIAN_POINT('',(29.774016824433,-11.73249969809,
    6.978467523178));
#536 = CIRCLE('',#537,4.);
#537 = AXIS2_PLACEMENT_3D('',#538,#539,#540);
#538 = CARTESIAN_POINT('',(27.569634157128,-14.,9.427781597961));
#539 = DIRECTION('',(-0.743294146247,6.E-17,-0.668964731622));
#540 = DIRECTION('',(0.668964731622,0.,-0.743294146247));
#541 = ORIENTED_EDGE('',*,*,#542,.T.);
#542 = EDGE_CURVE('',#534,#373,#543,.T.);
#543 = LINE('',#544,#545);
#544 = CARTESIAN_POINT('',(29.774016824433,-22.,6.978467523178));
#545 = VECTOR('',#546,1.);
#546 = DIRECTION('',(0.,1.,-2.2E-16));
#547 = ORIENTED_EDGE('',*,*,#372,.F.);
#548 = ORIENTED_EDGE('',*,*,#53,.T.);
#549 = ORIENTED_EDGE('',*,*,#550,.F.);
#550 = EDGE_CURVE('',#79,#54,#551,.T.);
#551 = CIRCLE('',#552,4.);
#552 = AXIS2_PLACEMENT_3D('',#553,#554,#555);
#553 = CARTESIAN_POINT('',(27.569634157128,14.,9.427781597961));
#554 = DIRECTION('',(0.743294146247,-2.4E-16,0.668964731622));
#555 = DIRECTION('',(0.668964731622,3.3E-16,-0.743294146247));
#556 = ORIENTED_EDGE('',*,*,#95,.F.);
#557 = ORIENTED_EDGE('',*,*,#558,.F.);
#558 = EDGE_CURVE('',#559,#96,#561,.T.);
#559 = VERTEX_POINT('',#560);
#560 = CARTESIAN_POINT('',(22.250501078372,21.5,15.337929463245));
#561 = LINE('',#562,#563);
#562 = CARTESIAN_POINT('',(22.250501078372,21.5,15.337929463245));
#563 = VECTOR('',#564,1.);
#564 = DIRECTION('',(0.668964731622,3.3E-16,-0.743294146247));
#565 = ORIENTED_EDGE('',*,*,#566,.F.);
#566 = EDGE_CURVE('',#567,#559,#569,.T.);
#567 = VERTEX_POINT('',#568);
#568 = CARTESIAN_POINT('',(22.250501078372,-21.5,15.337929463245));
#569 = LINE('',#570,#571);
#570 = CARTESIAN_POINT('',(22.250501078372,-1.022E-14,15.337929463245));
#571 = VECTOR('',#572,1.);
#572 = DIRECTION('',(0.,1.,6.7E-16));
#573 = ORIENTED_EDGE('',*,*,#574,.T.);
#574 = EDGE_CURVE('',#567,#524,#575,.T.);
#575 = LINE('',#576,#577);
#576 = CARTESIAN_POINT('',(22.250501078372,-21.5,15.337929463245));
#577 = VECTOR('',#578,1.);
#578 = DIRECTION('',(0.668964731622,0.,-0.743294146247));
#579 = PLANE('',#580);
#580 = AXIS2_PLACEMENT_3D('',#581,#582,#583);
#581 = CARTESIAN_POINT('',(26.054289718276,-2.38E-15,11.11149764113));
#582 = DIRECTION('',(0.743294146247,-1.5E-16,0.668964731622));
#583 = DIRECTION('',(-0.668964731622,0.,0.743294146247));
#584 = ADVANCED_FACE('',(#585),#606,.F.);
#585 = FACE_BOUND('',#586,.F.);
#586 = EDGE_LOOP('',(#587,#588,#596,#603,#604,#605));
#587 = ORIENTED_EDGE('',*,*,#78,.T.);
#588 = ORIENTED_EDGE('',*,*,#589,.T.);
#589 = EDGE_CURVE('',#62,#590,#592,.T.);
#590 = VERTEX_POINT('',#591);
#591 = CARTESIAN_POINT('',(17.525177404678,14.,-4.993679098073));
#592 = LINE('',#593,#594);
#593 = CARTESIAN_POINT('',(40.56729593834,14.,15.744227582223));
#594 = VECTOR('',#595,1.);
#595 = DIRECTION('',(-0.743294146247,2.4E-16,-0.668964731622));
#596 = ORIENTED_EDGE('',*,*,#597,.F.);
#597 = EDGE_CURVE('',#590,#590,#598,.T.);
#598 = CIRCLE('',#599,4.);
#599 = AXIS2_PLACEMENT_3D('',#600,#601,#602);
#600 = CARTESIAN_POINT('',(14.849318478188,14.,-2.020502513084));
#601 = DIRECTION('',(-0.743294146247,2.4E-16,-0.668964731622));
#602 = DIRECTION('',(0.668964731622,3.3E-16,-0.743294146247));
#603 = ORIENTED_EDGE('',*,*,#589,.F.);
#604 = ORIENTED_EDGE('',*,*,#61,.T.);
#605 = ORIENTED_EDGE('',*,*,#550,.F.);
#606 = CYLINDRICAL_SURFACE('',#607,4.);
#607 = AXIS2_PLACEMENT_3D('',#608,#609,#610);
#608 = CARTESIAN_POINT('',(37.89143701185,14.,18.717404167212));
#609 = DIRECTION('',(-0.743294146247,2.4E-16,-0.668964731622));
#610 = DIRECTION('',(0.668964731622,3.3E-16,-0.743294146247));
#611 = ADVANCED_FACE('',(#612),#709,.T.);
#612 = FACE_BOUND('',#613,.F.);
#613 = EDGE_LOOP('',(#614,#624,#651,#659,#686,#694,#701,#702));
#614 = ORIENTED_EDGE('',*,*,#615,.T.);
#615 = EDGE_CURVE('',#616,#618,#620,.T.);
#616 = VERTEX_POINT('',#617);
#617 = CARTESIAN_POINT('',(45.866466706277,21.5,-10.90203234553));
#618 = VERTEX_POINT('',#619);
#619 = CARTESIAN_POINT('',(45.866466706277,15.638462967672,
    -10.90203234553));
#620 = LINE('',#621,#622);
#621 = CARTESIAN_POINT('',(45.866466706277,22.,-10.90203234553));
#622 = VECTOR('',#623,1.);
#623 = DIRECTION('',(-0.,-1.,-6.7E-16));
#624 = ORIENTED_EDGE('',*,*,#625,.F.);
#625 = EDGE_CURVE('',#626,#618,#628,.T.);
#626 = VERTEX_POINT('',#627);
#627 = CARTESIAN_POINT('',(45.866466706277,12.361537032328,
    -10.90203234553));
#628 = B_SPLINE_CURVE_WITH_KNOTS('',6,(#629,#630,#631,#632,#633,#634,
    #635,#636,#637,#638,#639,#640,#641,#642,#643,#644,#645,#646,#647,
    #648,#649,#650),.UNSPECIFIED.,.F.,.F.,(7,5,5,5,7),(0.,0.304342200725
    ,0.498631392344,0.698029124845,1.),.UNSPECIFIED.);
#629 = CARTESIAN_POINT('',(45.866466706277,12.361537032328,
    -10.90203234553));
#630 = CARTESIAN_POINT('',(45.818540107906,12.521093531943,
    -10.84878056957));
#631 = CARTESIAN_POINT('',(45.774289247325,12.683197227074,
    -10.80421627209));
#632 = CARTESIAN_POINT('',(45.734743694498,12.847335456072,
    -10.76733665224));
#633 = CARTESIAN_POINT('',(45.700653553907,13.01309038986,-10.737343268)
  );
#634 = CARTESIAN_POINT('',(45.672585069193,13.180115866452,
    -10.71362732951));
#635 = CARTESIAN_POINT('',(45.63708815346,13.455352791953,
    -10.68440898564));
#636 = CARTESIAN_POINT('',(45.625867441224,13.562983283154,
    -10.67542236659));
#637 = CARTESIAN_POINT('',(45.61735858073,13.670900032506,
    -10.66873245951));
#638 = CARTESIAN_POINT('',(45.611629539154,13.779006943107,
    -10.66427033345));
#639 = CARTESIAN_POINT('',(45.608714858749,13.887211299441,
    -10.66200078032));
#640 = CARTESIAN_POINT('',(45.608513803631,14.106481349571,
    -10.66184422904));
#641 = CARTESIAN_POINT('',(45.611377439055,14.217535965685,
    -10.66407404171));
#642 = CARTESIAN_POINT('',(45.617206888075,14.328491007383,
    -10.66861167337));
#643 = CARTESIAN_POINT('',(45.62596539611,14.439246300336,
    -10.67549462063));
#644 = CARTESIAN_POINT('',(45.637579129185,14.549697923533,
    -10.68479779287));
#645 = CARTESIAN_POINT('',(45.673681262902,14.826384601107,
    -10.71455425855));
#646 = CARTESIAN_POINT('',(45.701717122388,14.992071122149,
    -10.73827982106));
#647 = CARTESIAN_POINT('',(45.735668424236,15.156498801301,
    -10.76819953468));
#648 = CARTESIAN_POINT('',(45.774978614778,15.319326844529,
    -10.80491094797));
#649 = CARTESIAN_POINT('',(45.81891273265,15.480147004665,
    -10.84919459706));
#650 = CARTESIAN_POINT('',(45.866466706277,15.638462967672,
    -10.90203234553));
#651 = ORIENTED_EDGE('',*,*,#652,.T.);
#652 = EDGE_CURVE('',#626,#653,#655,.T.);
#653 = VERTEX_POINT('',#654);
#654 = CARTESIAN_POINT('',(45.866466706277,-12.36153703232,
    -10.90203234553));
#655 = LINE('',#656,#657);
#656 = CARTESIAN_POINT('',(45.866466706277,22.,-10.90203234553));
#657 = VECTOR('',#658,1.);
#658 = DIRECTION('',(-0.,-1.,-6.7E-16));
#659 = ORIENTED_EDGE('',*,*,#660,.T.);
#660 = EDGE_CURVE('',#653,#661,#663,.T.);
#661 = VERTEX_POINT('',#662);
#662 = CARTESIAN_POINT('',(45.866466706277,-15.63846296767,
    -10.90203234553));
#663 = B_SPLINE_CURVE_WITH_KNOTS('',6,(#664,#665,#666,#667,#668,#669,
    #670,#671,#672,#673,#674,#675,#676,#677,#678,#679,#680,#681,#682,
    #683,#684,#685),.UNSPECIFIED.,.F.,.F.,(7,5,5,5,7),(0.,0.304342200725
    ,0.498631392344,0.698029124845,1.),.UNSPECIFIED.);
#664 = CARTESIAN_POINT('',(45.866466706277,-12.36153703232,
    -10.90203234553));
#665 = CARTESIAN_POINT('',(45.818540107906,-12.52109353194,
    -10.84878056957));
#666 = CARTESIAN_POINT('',(45.774289247325,-12.68319722707,
    -10.80421627209));
#667 = CARTESIAN_POINT('',(45.734743694498,-12.84733545607,
    -10.76733665224));
#668 = CARTESIAN_POINT('',(45.700653553907,-13.01309038986,-10.737343268
    ));
#669 = CARTESIAN_POINT('',(45.672585069193,-13.18011586645,
    -10.71362732951));
#670 = CARTESIAN_POINT('',(45.63708815346,-13.45535279195,
    -10.68440898564));
#671 = CARTESIAN_POINT('',(45.625867441224,-13.56298328315,
    -10.67542236659));
#672 = CARTESIAN_POINT('',(45.61735858073,-13.6709000325,-10.66873245951
    ));
#673 = CARTESIAN_POINT('',(45.611629539154,-13.7790069431,
    -10.66427033345));
#674 = CARTESIAN_POINT('',(45.608714858749,-13.88721129944,
    -10.66200078032));
#675 = CARTESIAN_POINT('',(45.608513803631,-14.10648134957,
    -10.66184422904));
#676 = CARTESIAN_POINT('',(45.611377439055,-14.21753596568,
    -10.66407404171));
#677 = CARTESIAN_POINT('',(45.617206888075,-14.32849100738,
    -10.66861167337));
#678 = CARTESIAN_POINT('',(45.62596539611,-14.43924630033,
    -10.67549462063));
#679 = CARTESIAN_POINT('',(45.637579129185,-14.54969792353,
    -10.68479779287));
#680 = CARTESIAN_POINT('',(45.673681262902,-14.8263846011,
    -10.71455425855));
#681 = CARTESIAN_POINT('',(45.701717122388,-14.99207112214,
    -10.73827982106));
#682 = CARTESIAN_POINT('',(45.735668424236,-15.1564988013,
    -10.76819953468));
#683 = CARTESIAN_POINT('',(45.774978614778,-15.31932684452,
    -10.80491094797));
#684 = CARTESIAN_POINT('',(45.81891273265,-15.48014700466,
    -10.84919459706));
#685 = CARTESIAN_POINT('',(45.866466706277,-15.63846296767,
    -10.90203234553));
#686 = ORIENTED_EDGE('',*,*,#687,.F.);
#687 = EDGE_CURVE('',#688,#661,#690,.T.);
#688 = VERTEX_POINT('',#689);
#689 = CARTESIAN_POINT('',(45.866466706277,-21.5,-10.90203234553));
#690 = LINE('',#691,#692);
#691 = CARTESIAN_POINT('',(45.866466706277,-22.,-10.90203234553));
#692 = VECTOR('',#693,1.);
#693 = DIRECTION('',(0.,1.,-2.2E-16));
#694 = ORIENTED_EDGE('',*,*,#695,.F.);
#695 = EDGE_CURVE('',#121,#688,#696,.T.);
#696 = CIRCLE('',#697,2.);
#697 = AXIS2_PLACEMENT_3D('',#698,#699,#700);
#698 = CARTESIAN_POINT('',(44.379878413783,-21.5,-12.23996180878));
#699 = DIRECTION('',(0.,1.,0.));
#700 = DIRECTION('',(-0.336913724137,0.,0.941535523753));
#701 = ORIENTED_EDGE('',*,*,#118,.F.);
#702 = ORIENTED_EDGE('',*,*,#703,.T.);
#703 = EDGE_CURVE('',#119,#616,#704,.T.);
#704 = CIRCLE('',#705,2.);
#705 = AXIS2_PLACEMENT_3D('',#706,#707,#708);
#706 = CARTESIAN_POINT('',(44.379878413783,21.5,-12.23996180878));
#707 = DIRECTION('',(0.,1.,4.4E-16));
#708 = DIRECTION('',(-0.336913724137,-4.142756304511E-16,0.941535523753)
  );
#709 = CYLINDRICAL_SURFACE('',#710,2.);
#710 = AXIS2_PLACEMENT_3D('',#711,#712,#713);
#711 = CARTESIAN_POINT('',(44.379878413783,-22.,-12.23996180878));
#712 = DIRECTION('',(0.,1.,-2.2E-16));
#713 = DIRECTION('',(0.743294146247,1.471722409569E-16,0.668964731622));
#714 = ADVANCED_FACE('',(#715),#734,.F.);
#715 = FACE_BOUND('',#716,.T.);
#716 = EDGE_LOOP('',(#717,#718,#719,#727));
#717 = ORIENTED_EDGE('',*,*,#297,.F.);
#718 = ORIENTED_EDGE('',*,*,#128,.T.);
#719 = ORIENTED_EDGE('',*,*,#720,.T.);
#720 = EDGE_CURVE('',#119,#721,#723,.T.);
#721 = VERTEX_POINT('',#722);
#722 = CARTESIAN_POINT('',(43.874507827577,22.,-10.82765852315));
#723 = LINE('',#724,#725);
#724 = CARTESIAN_POINT('',(43.706050965509,21.5,-10.35689076127));
#725 = VECTOR('',#726,1.);
#726 = DIRECTION('',(0.238233979012,0.707106781187,-0.665766153573));
#727 = ORIENTED_EDGE('',*,*,#728,.F.);
#728 = EDGE_CURVE('',#298,#721,#729,.T.);
#729 = CIRCLE('',#730,11.5);
#730 = AXIS2_PLACEMENT_3D('',#731,#732,#733);
#731 = CARTESIAN_POINT('',(40.,22.,9.77E-15));
#732 = DIRECTION('',(0.,-1.,-4.4E-16));
#733 = DIRECTION('',(-0.900967036005,-1.909105189516E-16,0.433887543072)
  );
#734 = CONICAL_SURFACE('',#735,11.,0.785398163397);
#735 = AXIS2_PLACEMENT_3D('',#736,#737,#738);
#736 = CARTESIAN_POINT('',(40.,21.5,9.55E-15));
#737 = DIRECTION('',(-0.,1.,4.4E-16));
#738 = DIRECTION('',(-0.900967036005,-1.909105189516E-16,0.433887543072)
  );
#739 = ADVANCED_FACE('',(#740),#766,.F.);
#740 = FACE_BOUND('',#741,.F.);
#741 = EDGE_LOOP('',(#742,#750,#751,#759));
#742 = ORIENTED_EDGE('',*,*,#743,.F.);
#743 = EDGE_CURVE('',#266,#744,#746,.T.);
#744 = VERTEX_POINT('',#745);
#745 = CARTESIAN_POINT('',(29.638879085946,-22.,4.989706745325));
#746 = LINE('',#747,#748);
#747 = CARTESIAN_POINT('',(30.089362603948,-21.5,4.772762973789));
#748 = VECTOR('',#749,1.);
#749 = DIRECTION('',(-0.637079900784,-0.707106781187,0.306804823978));
#750 = ORIENTED_EDGE('',*,*,#273,.T.);
#751 = ORIENTED_EDGE('',*,*,#752,.T.);
#752 = EDGE_CURVE('',#121,#753,#755,.T.);
#753 = VERTEX_POINT('',#754);
#754 = CARTESIAN_POINT('',(43.874507827577,-22.,-10.82765852315));
#755 = LINE('',#756,#757);
#756 = CARTESIAN_POINT('',(43.706050965509,-21.5,-10.35689076127));
#757 = VECTOR('',#758,1.);
#758 = DIRECTION('',(0.238233979012,-0.707106781187,-0.665766153573));
#759 = ORIENTED_EDGE('',*,*,#760,.F.);
#760 = EDGE_CURVE('',#744,#753,#761,.T.);
#761 = CIRCLE('',#762,11.5);
#762 = AXIS2_PLACEMENT_3D('',#763,#764,#765);
#763 = CARTESIAN_POINT('',(40.,-22.,0.));
#764 = DIRECTION('',(-0.,-1.,0.));
#765 = DIRECTION('',(-0.900967036005,0.,0.433887543072));
#766 = CONICAL_SURFACE('',#767,11.,0.785398163397);
#767 = AXIS2_PLACEMENT_3D('',#768,#769,#770);
#768 = CARTESIAN_POINT('',(40.,-21.5,0.));
#769 = DIRECTION('',(-0.,-1.,-0.));
#770 = DIRECTION('',(-0.900967036005,0.,0.433887543072));
#771 = ADVANCED_FACE('',(#772),#817,.T.);
#772 = FACE_BOUND('',#773,.F.);
#773 = EDGE_LOOP('',(#774,#775,#782,#783,#800,#815,#816));
#774 = ORIENTED_EDGE('',*,*,#265,.F.);
#775 = ORIENTED_EDGE('',*,*,#776,.F.);
#776 = EDGE_CURVE('',#524,#266,#777,.T.);
#777 = CIRCLE('',#778,2.);
#778 = AXIS2_PLACEMENT_3D('',#779,#780,#781);
#779 = CARTESIAN_POINT('',(28.287428531938,-21.5,5.640538059933));
#780 = DIRECTION('',(0.,1.,0.));
#781 = DIRECTION('',(0.743294146247,-0.,0.668964731622));
#782 = ORIENTED_EDGE('',*,*,#523,.T.);
#783 = ORIENTED_EDGE('',*,*,#784,.T.);
#784 = EDGE_CURVE('',#526,#785,#787,.T.);
#785 = VERTEX_POINT('',#786);
#786 = CARTESIAN_POINT('',(30.150131883219,-14.,6.368779932614));
#787 = B_SPLINE_CURVE_WITH_KNOTS('',6,(#788,#789,#790,#791,#792,#793,
    #794,#795,#796,#797,#798,#799),.UNSPECIFIED.,.F.,.F.,(7,5,7),(0.,
    0.502292785879,1.),.UNSPECIFIED.);
#788 = CARTESIAN_POINT('',(29.774016824433,-16.2675003019,6.978467523178
    ));
#789 = CARTESIAN_POINT('',(29.853916441759,-16.09392901266,
    6.889690170593));
#790 = CARTESIAN_POINT('',(29.919084143554,-15.91504736249,
    6.804487570241));
#791 = CARTESIAN_POINT('',(29.972033587927,-15.73195802771,
    6.725088050332));
#792 = CARTESIAN_POINT('',(30.014797959599,-15.54546473363,
    6.652973485774));
#793 = CARTESIAN_POINT('',(30.049065266634,-15.35614363005,
    6.589377001234));
#794 = CARTESIAN_POINT('',(30.102942968936,-14.97461679135,
    6.481668336197));
#795 = CARTESIAN_POINT('',(30.122728428144,-14.78214265443,
    6.437296543699));
#796 = CARTESIAN_POINT('',(30.136654430485,-14.58787191813,
    6.403254812848));
#797 = CARTESIAN_POINT('',(30.145633379318,-14.39242498857,
    6.380285664018));
#798 = CARTESIAN_POINT('',(30.150131883219,-14.19631248381,
    6.368779932614));
#799 = CARTESIAN_POINT('',(30.150131883219,-14.,6.368779932614));
#800 = ORIENTED_EDGE('',*,*,#801,.T.);
#801 = EDGE_CURVE('',#785,#534,#802,.T.);
#802 = B_SPLINE_CURVE_WITH_KNOTS('',6,(#803,#804,#805,#806,#807,#808,
    #809,#810,#811,#812,#813,#814),.UNSPECIFIED.,.F.,.F.,(7,5,7),(0.,
    0.495372632866,1.),.UNSPECIFIED.);
#803 = CARTESIAN_POINT('',(30.150131883219,-14.,6.368779932614));
#804 = CARTESIAN_POINT('',(30.150131883219,-13.80461388557,
    6.368779932614));
#805 = CARTESIAN_POINT('',(30.145675738811,-13.60942370887,
    6.380177338879));
#806 = CARTESIAN_POINT('',(30.136781046338,-13.41488992639,
    6.402930870793));
#807 = CARTESIAN_POINT('',(30.122990117932,-13.22151689243,
    6.436656822362));
#808 = CARTESIAN_POINT('',(30.103407491651,-13.02991654976,
    6.480625816934));
#809 = CARTESIAN_POINT('',(30.049864494532,-12.64828404873,
    6.587892015228));
#810 = CARTESIAN_POINT('',(30.015596186381,-12.45802100307,
    6.651626253974));
#811 = CARTESIAN_POINT('',(29.972774189895,-12.27060404582,
    6.723977169905));
#812 = CARTESIAN_POINT('',(29.919690915289,-12.08661904451,
    6.803693975346));
#813 = CARTESIAN_POINT('',(29.854288484695,-11.90687920112,
    6.889276789553));
#814 = CARTESIAN_POINT('',(29.774016824433,-11.73249969809,
    6.978467523178));
#815 = ORIENTED_EDGE('',*,*,#542,.T.);
#816 = ORIENTED_EDGE('',*,*,#381,.T.);
#817 = CYLINDRICAL_SURFACE('',#818,2.);
#818 = AXIS2_PLACEMENT_3D('',#819,#820,#821);
#819 = CARTESIAN_POINT('',(28.287428531938,-22.,5.640538059933));
#820 = DIRECTION('',(0.,1.,-2.2E-16));
#821 = DIRECTION('',(0.900967036005,-9.545525947578E-17,-0.433887543072)
  );
#822 = ADVANCED_FACE('',(#823),#841,.T.);
#823 = FACE_BOUND('',#824,.T.);
#824 = EDGE_LOOP('',(#825,#833,#834,#835));
#825 = ORIENTED_EDGE('',*,*,#826,.F.);
#826 = EDGE_CURVE('',#559,#827,#829,.T.);
#827 = VERTEX_POINT('',#828);
#828 = CARTESIAN_POINT('',(21.878854005249,22.,15.003447097434));
#829 = LINE('',#830,#831);
#830 = CARTESIAN_POINT('',(22.250501078372,21.5,15.337929463245));
#831 = VECTOR('',#832,1.);
#832 = DIRECTION('',(-0.525588331228,0.707106781187,-0.473029498105));
#833 = ORIENTED_EDGE('',*,*,#558,.T.);
#834 = ORIENTED_EDGE('',*,*,#288,.T.);
#835 = ORIENTED_EDGE('',*,*,#836,.F.);
#836 = EDGE_CURVE('',#827,#289,#837,.T.);
#837 = LINE('',#838,#839);
#838 = CARTESIAN_POINT('',(21.878854005249,22.,15.003447097434));
#839 = VECTOR('',#840,1.);
#840 = DIRECTION('',(0.668964731622,3.3E-16,-0.743294146247));
#841 = PLANE('',#842);
#842 = AXIS2_PLACEMENT_3D('',#843,#844,#845);
#843 = CARTESIAN_POINT('',(22.06467754181,21.75,15.170688280339));
#844 = DIRECTION('',(0.525588331228,0.707106781187,0.473029498105));
#845 = DIRECTION('',(0.668964731622,2.775557561563E-16,-0.743294146247)
  );
#846 = ADVANCED_FACE('',(#847),#1050,.F.);
#847 = FACE_BOUND('',#848,.T.);
#848 = EDGE_LOOP('',(#849,#859,#867,#896,#904,#933,#941,#949,#957,#964,
    #965,#966,#967,#976,#984,#993,#1001,#1010,#1018,#1027,#1035,#1044));
#849 = ORIENTED_EDGE('',*,*,#850,.F.);
#850 = EDGE_CURVE('',#851,#853,#855,.T.);
#851 = VERTEX_POINT('',#852);
#852 = CARTESIAN_POINT('',(12.468827043885,22.,-11.5));
#853 = VERTEX_POINT('',#854);
#854 = CARTESIAN_POINT('',(12.468827043885,22.,-15.5));
#855 = LINE('',#856,#857);
#856 = CARTESIAN_POINT('',(12.468827043885,22.,-11.));
#857 = VECTOR('',#858,1.);
#858 = DIRECTION('',(0.,6.7E-16,-1.));
#859 = ORIENTED_EDGE('',*,*,#860,.F.);
#860 = EDGE_CURVE('',#861,#851,#863,.T.);
#861 = VERTEX_POINT('',#862);
#862 = CARTESIAN_POINT('',(16.677662606665,22.,-11.5));
#863 = LINE('',#864,#865);
#864 = CARTESIAN_POINT('',(17.708536580748,22.,-11.5));
#865 = VECTOR('',#866,1.);
#866 = DIRECTION('',(-1.,-2.5E-16,-0.));
#867 = ORIENTED_EDGE('',*,*,#868,.F.);
#868 = EDGE_CURVE('',#869,#861,#871,.T.);
#869 = VERTEX_POINT('',#870);
#870 = CARTESIAN_POINT('',(20.114857735543,22.,-10.));
#871 = ( BOUNDED_CURVE() B_SPLINE_CURVE(12,(#872,#873,#874,#875,#876,
    #877,#878,#879,#880,#881,#882,#883,#884,#885,#886,#887,#888,#889,
    #890,#891,#892,#893,#894,#895),.UNSPECIFIED.,.F.,.F.) 
B_SPLINE_CURVE_WITH_KNOTS((13,11,13),(168.25409638758,171.14314524105,
171.97057215586),.UNSPECIFIED.) CURVE() GEOMETRIC_REPRESENTATION_ITEM() 
RATIONAL_B_SPLINE_CURVE((1.,1.,1.000000000001,0.999999999998,
    1.000000000003,0.999999999996,1.000000000004,0.999999999996,
    1.000000000002,0.999999999999,1.,1.,1.,1.,1.,1.000000000001,
    0.999999999999,1.000000000002,0.999999999998,1.000000000001,
0.999999999999,1.,1.,1.)) REPRESENTATION_ITEM('') );
#872 = CARTESIAN_POINT('',(20.114857735543,22.,-10.));
#873 = CARTESIAN_POINT('',(20.114857735543,22.,-10.16535072837));
#874 = CARTESIAN_POINT('',(20.068594558946,22.,-10.33072782671));
#875 = CARTESIAN_POINT('',(19.974934059517,22.,-10.49080832691));
#876 = CARTESIAN_POINT('',(19.845671366284,22.,-10.6397125273));
#877 = CARTESIAN_POINT('',(19.672331006651,22.,-10.79159125648));
#878 = CARTESIAN_POINT('',(19.462885173456,22.,-10.9197430309));
#879 = CARTESIAN_POINT('',(19.222024771877,22.,-11.04719129157));
#880 = CARTESIAN_POINT('',(18.951423749966,22.,-11.15246811696));
#881 = CARTESIAN_POINT('',(18.659812874387,22.,-11.24633097741));
#882 = CARTESIAN_POINT('',(18.350825392493,22.,-11.32250846814));
#883 = CARTESIAN_POINT('',(18.031086286301,22.,-11.38227233643));
#884 = CARTESIAN_POINT('',(17.621387389718,22.,-11.43875642449));
#885 = CARTESIAN_POINT('',(17.535019293361,22.,-11.45009862091));
#886 = CARTESIAN_POINT('',(17.449878584104,22.,-11.4602411031));
#887 = CARTESIAN_POINT('',(17.364609250676,22.,-11.46919312616));
#888 = CARTESIAN_POINT('',(17.278966546412,22.,-11.47696574295));
#889 = CARTESIAN_POINT('',(17.193101386883,22.,-11.4835800437));
#890 = CARTESIAN_POINT('',(17.107186066367,22.,-11.48906357731));
#891 = CARTESIAN_POINT('',(17.021286631088,22.,-11.49344100491));
#892 = CARTESIAN_POINT('',(16.935387247154,22.,-11.49672503639));
#893 = CARTESIAN_POINT('',(16.84947190113,22.,-11.49891370062));
#894 = CARTESIAN_POINT('',(16.763568771172,22.,-11.5));
#895 = CARTESIAN_POINT('',(16.677662606665,22.,-11.5));
#896 = ORIENTED_EDGE('',*,*,#897,.F.);
#897 = EDGE_CURVE('',#898,#869,#900,.T.);
#898 = VERTEX_POINT('',#899);
#899 = CARTESIAN_POINT('',(20.114857735543,22.,10.));
#900 = LINE('',#901,#902);
#901 = CARTESIAN_POINT('',(20.114857735543,22.,10.));
#902 = VECTOR('',#903,1.);
#903 = DIRECTION('',(0.,4.4E-16,-1.));
#904 = ORIENTED_EDGE('',*,*,#905,.F.);
#905 = EDGE_CURVE('',#906,#898,#908,.T.);
#906 = VERTEX_POINT('',#907);
#907 = CARTESIAN_POINT('',(16.677662606665,22.,11.5));
#908 = ( BOUNDED_CURVE() B_SPLINE_CURVE(12,(#909,#910,#911,#912,#913,
    #914,#915,#916,#917,#918,#919,#920,#921,#922,#923,#924,#925,#926,
    #927,#928,#929,#930,#931,#932),.UNSPECIFIED.,.F.,.F.) 
B_SPLINE_CURVE_WITH_KNOTS((13,11,13),(144.53762061931,145.36504753412,
148.25409638759),.UNSPECIFIED.) CURVE() GEOMETRIC_REPRESENTATION_ITEM() 
RATIONAL_B_SPLINE_CURVE((1.,1.,1.,1.,1.,1.,1.,1.,1.,1.,1.,1.,1.,
    0.999999999999,1.000000000002,0.999999999997,1.000000000004,
    0.999999999996,1.000000000003,0.999999999998,1.000000000001,1.,1.,1.
)) REPRESENTATION_ITEM('') );
#909 = CARTESIAN_POINT('',(16.677662606665,22.,11.5));
#910 = CARTESIAN_POINT('',(16.763568771172,22.,11.5));
#911 = CARTESIAN_POINT('',(16.84947190113,22.,11.498913700624));
#912 = CARTESIAN_POINT('',(16.935387247155,22.,11.496725036393));
#913 = CARTESIAN_POINT('',(17.021286631087,22.,11.493441004916));
#914 = CARTESIAN_POINT('',(17.107186066369,22.,11.489063577317));
#915 = CARTESIAN_POINT('',(17.193101386881,22.,11.483580043705));
#916 = CARTESIAN_POINT('',(17.278966546414,22.,11.47696574295));
#917 = CARTESIAN_POINT('',(17.364609250675,22.,11.469193126163));
#918 = CARTESIAN_POINT('',(17.449878584104,22.,11.4602411031));
#919 = CARTESIAN_POINT('',(17.53501929336,22.,11.450098620917));
#920 = CARTESIAN_POINT('',(17.621387389718,22.,11.438756424493));
#921 = CARTESIAN_POINT('',(18.031086286301,22.,11.382272336436));
#922 = CARTESIAN_POINT('',(18.350825392491,22.,11.322508468143));
#923 = CARTESIAN_POINT('',(18.659812874388,22.,11.246330977415));
#924 = CARTESIAN_POINT('',(18.951423749966,22.,11.152468116964));
#925 = CARTESIAN_POINT('',(19.222024771872,22.,11.047191291579));
#926 = CARTESIAN_POINT('',(19.462885173464,22.,10.919743030908));
#927 = CARTESIAN_POINT('',(19.672331006642,22.,10.791591256488));
#928 = CARTESIAN_POINT('',(19.845671366291,22.,10.639712527307));
#929 = CARTESIAN_POINT('',(19.974934059513,22.,10.49080832692));
#930 = CARTESIAN_POINT('',(20.068594558947,22.,10.330727826718));
#931 = CARTESIAN_POINT('',(20.114857735542,22.,10.165350728373));
#932 = CARTESIAN_POINT('',(20.114857735543,22.,10.));
#933 = ORIENTED_EDGE('',*,*,#934,.F.);
#934 = EDGE_CURVE('',#935,#906,#937,.T.);
#935 = VERTEX_POINT('',#936);
#936 = CARTESIAN_POINT('',(12.468827043885,22.,11.5));
#937 = LINE('',#938,#939);
#938 = CARTESIAN_POINT('',(12.468827043885,22.,11.5));
#939 = VECTOR('',#940,1.);
#940 = DIRECTION('',(1.,2.5E-16,0.));
#941 = ORIENTED_EDGE('',*,*,#942,.F.);
#942 = EDGE_CURVE('',#943,#935,#945,.T.);
#943 = VERTEX_POINT('',#944);
#944 = CARTESIAN_POINT('',(12.468827043885,22.,15.5));
#945 = LINE('',#946,#947);
#946 = CARTESIAN_POINT('',(12.468827043885,22.,16.));
#947 = VECTOR('',#948,1.);
#948 = DIRECTION('',(0.,6.7E-16,-1.));
#949 = ORIENTED_EDGE('',*,*,#950,.T.);
#950 = EDGE_CURVE('',#943,#951,#953,.T.);
#951 = VERTEX_POINT('',#952);
#952 = CARTESIAN_POINT('',(20.763912785878,22.,15.5));
#953 = LINE('',#954,#955);
#954 = CARTESIAN_POINT('',(12.468827043885,22.,15.5));
#955 = VECTOR('',#956,1.);
#956 = DIRECTION('',(1.,0.,0.));
#957 = ORIENTED_EDGE('',*,*,#958,.T.);
#958 = EDGE_CURVE('',#951,#827,#959,.T.);
#959 = CIRCLE('',#960,1.5);
#960 = AXIS2_PLACEMENT_3D('',#961,#962,#963);
#961 = CARTESIAN_POINT('',(20.763912785878,22.,14.));
#962 = DIRECTION('',(-0.,1.,4.4E-16));
#963 = DIRECTION('',(0.,-4.4E-16,1.));
#964 = ORIENTED_EDGE('',*,*,#836,.T.);
#965 = ORIENTED_EDGE('',*,*,#305,.T.);
#966 = ORIENTED_EDGE('',*,*,#728,.T.);
#967 = ORIENTED_EDGE('',*,*,#968,.T.);
#968 = EDGE_CURVE('',#721,#969,#971,.T.);
#969 = VERTEX_POINT('',#970);
#970 = CARTESIAN_POINT('',(45.494819633154,22.,-11.23651471135));
#971 = CIRCLE('',#972,1.5);
#972 = AXIS2_PLACEMENT_3D('',#973,#974,#975);
#973 = CARTESIAN_POINT('',(44.379878413783,22.,-12.23996180878));
#974 = DIRECTION('',(0.,1.,4.4E-16));
#975 = DIRECTION('',(-0.336913724137,-4.142756304511E-16,0.941535523753)
  );
#976 = ORIENTED_EDGE('',*,*,#977,.T.);
#977 = EDGE_CURVE('',#969,#978,#980,.T.);
#978 = VERTEX_POINT('',#979);
#979 = CARTESIAN_POINT('',(51.27143870965,22.,-17.6549803519));
#980 = LINE('',#981,#982);
#981 = CARTESIAN_POINT('',(45.494819633154,22.,-11.23651471135));
#982 = VECTOR('',#983,1.);
#983 = DIRECTION('',(0.668964731622,3.3E-16,-0.743294146247));
#984 = ORIENTED_EDGE('',*,*,#985,.T.);
#985 = EDGE_CURVE('',#978,#986,#988,.T.);
#986 = VERTEX_POINT('',#987);
#987 = CARTESIAN_POINT('',(51.159944587712,22.,-19.7733686687));
#988 = CIRCLE('',#989,1.5);
#989 = AXIS2_PLACEMENT_3D('',#990,#991,#992);
#990 = CARTESIAN_POINT('',(50.156497490279,22.,-18.65842744933));
#991 = DIRECTION('',(-2.465190328816E-32,1.,4.4E-16));
#992 = DIRECTION('',(0.743294146247,-2.943444819139E-16,0.668964731622)
  );
#993 = ORIENTED_EDGE('',*,*,#994,.T.);
#994 = EDGE_CURVE('',#986,#995,#997,.T.);
#995 = VERTEX_POINT('',#996);
#996 = CARTESIAN_POINT('',(46.335975086973,22.,-24.11494121937));
#997 = LINE('',#998,#999);
#998 = CARTESIAN_POINT('',(51.159944587712,22.,-19.7733686687));
#999 = VECTOR('',#1000,1.);
#1000 = DIRECTION('',(-0.743294146247,3.E-16,-0.668964731622));
#1001 = ORIENTED_EDGE('',*,*,#1002,.T.);
#1002 = EDGE_CURVE('',#995,#1003,#1005,.T.);
#1003 = VERTEX_POINT('',#1004);
#1004 = CARTESIAN_POINT('',(45.332527989539,22.,-24.5));
#1005 = CIRCLE('',#1006,1.5);
#1006 = AXIS2_PLACEMENT_3D('',#1007,#1008,#1009);
#1007 = CARTESIAN_POINT('',(45.332527989539,22.,-23.));
#1008 = DIRECTION('',(0.,1.,4.4E-16));
#1009 = DIRECTION('',(0.668964731622,3.270494243488E-16,-0.743294146247)
  );
#1010 = ORIENTED_EDGE('',*,*,#1011,.T.);
#1011 = EDGE_CURVE('',#1003,#1012,#1014,.T.);
#1012 = VERTEX_POINT('',#1013);
#1013 = CARTESIAN_POINT('',(36.990724809415,22.,-24.5));
#1014 = LINE('',#1015,#1016);
#1015 = CARTESIAN_POINT('',(45.332527989539,22.,-24.5));
#1016 = VECTOR('',#1017,1.);
#1017 = DIRECTION('',(-1.,-0.,-0.));
#1018 = ORIENTED_EDGE('',*,*,#1019,.T.);
#1019 = EDGE_CURVE('',#1012,#1020,#1022,.T.);
#1020 = VERTEX_POINT('',#1021);
#1021 = CARTESIAN_POINT('',(35.875783590044,22.,-24.00344709743));
#1022 = CIRCLE('',#1023,1.5);
#1023 = AXIS2_PLACEMENT_3D('',#1024,#1025,#1026);
#1024 = CARTESIAN_POINT('',(36.990724809415,22.,-23.));
#1025 = DIRECTION('',(0.,1.,4.4E-16));
#1026 = DIRECTION('',(-3.55E-15,4.4E-16,-1.));
#1027 = ORIENTED_EDGE('',*,*,#1028,.T.);
#1028 = EDGE_CURVE('',#1020,#1029,#1031,.T.);
#1029 = VERTEX_POINT('',#1030);
#1030 = CARTESIAN_POINT('',(31.350964488522,22.,-18.97587031796));
#1031 = LINE('',#1032,#1033);
#1032 = CARTESIAN_POINT('',(35.875783590044,22.,-24.00344709743));
#1033 = VECTOR('',#1034,1.);
#1034 = DIRECTION('',(-0.668964731622,-3.3E-16,0.743294146247));
#1035 = ORIENTED_EDGE('',*,*,#1036,.T.);
#1036 = EDGE_CURVE('',#1029,#1037,#1039,.T.);
#1037 = VERTEX_POINT('',#1038);
#1038 = CARTESIAN_POINT('',(23.546375952926,22.,-15.5));
#1039 = CIRCLE('',#1040,10.5);
#1040 = AXIS2_PLACEMENT_3D('',#1041,#1042,#1043);
#1041 = CARTESIAN_POINT('',(23.546375952926,22.,-26.));
#1042 = DIRECTION('',(0.,-1.,-4.4E-16));
#1043 = DIRECTION('',(0.743294146247,-2.943444819139E-16,0.668964731622)
  );
#1044 = ORIENTED_EDGE('',*,*,#1045,.T.);
#1045 = EDGE_CURVE('',#1037,#853,#1046,.T.);
#1046 = LINE('',#1047,#1048);
#1047 = CARTESIAN_POINT('',(23.546375952926,22.,-15.5));
#1048 = VECTOR('',#1049,1.);
#1049 = DIRECTION('',(-1.,-0.,-0.));
#1050 = PLANE('',#1051);
#1051 = AXIS2_PLACEMENT_3D('',#1052,#1053,#1054);
#1052 = CARTESIAN_POINT('',(17.,22.,1.477E-14));
#1053 = DIRECTION('',(-0.,-1.,-4.4E-16));
#1054 = DIRECTION('',(0.,4.4E-16,-1.));
#1055 = ADVANCED_FACE('',(#1056,#1092),#1097,.F.);
#1056 = FACE_BOUND('',#1057,.F.);
#1057 = EDGE_LOOP('',(#1058,#1068,#1077,#1085));
#1058 = ORIENTED_EDGE('',*,*,#1059,.T.);
#1059 = EDGE_CURVE('',#1060,#1062,#1064,.T.);
#1060 = VERTEX_POINT('',#1061);
#1061 = CARTESIAN_POINT('',(-13.77497731395,2.5,-15.5));
#1062 = VERTEX_POINT('',#1063);
#1063 = CARTESIAN_POINT('',(-13.77497731395,2.5,12.5));
#1064 = LINE('',#1065,#1066);
#1065 = CARTESIAN_POINT('',(-13.77497731395,2.5,16.));
#1066 = VECTOR('',#1067,1.);
#1067 = DIRECTION('',(0.,0.,1.));
#1068 = ORIENTED_EDGE('',*,*,#1069,.F.);
#1069 = EDGE_CURVE('',#1070,#1062,#1072,.T.);
#1070 = VERTEX_POINT('',#1071);
#1071 = CARTESIAN_POINT('',(-13.77497731395,-2.5,12.5));
#1072 = CIRCLE('',#1073,14.);
#1073 = AXIS2_PLACEMENT_3D('',#1074,#1075,#1076);
#1074 = CARTESIAN_POINT('',(0.,-3.93E-15,12.5));
#1075 = DIRECTION('',(0.,0.,1.));
#1076 = DIRECTION('',(-0.983926950997,-0.178571428571,0.));
#1077 = ORIENTED_EDGE('',*,*,#1078,.T.);
#1078 = EDGE_CURVE('',#1070,#1079,#1081,.T.);
#1079 = VERTEX_POINT('',#1080);
#1080 = CARTESIAN_POINT('',(-13.77497731395,-2.5,-15.5));
#1081 = LINE('',#1082,#1083);
#1082 = CARTESIAN_POINT('',(-13.77497731395,-2.5,16.));
#1083 = VECTOR('',#1084,1.);
#1084 = DIRECTION('',(-0.,-0.,-1.));
#1085 = ORIENTED_EDGE('',*,*,#1086,.T.);
#1086 = EDGE_CURVE('',#1079,#1060,#1087,.T.);
#1087 = CIRCLE('',#1088,14.);
#1088 = AXIS2_PLACEMENT_3D('',#1089,#1090,#1091);
#1089 = CARTESIAN_POINT('',(0.,-3.93E-15,-15.5));
#1090 = DIRECTION('',(-0.,0.,1.));
#1091 = DIRECTION('',(-0.983926950997,-0.178571428571,-0.));
#1092 = FACE_BOUND('',#1093,.F.);
#1093 = EDGE_LOOP('',(#1094,#1095,#1096));
#1094 = ORIENTED_EDGE('',*,*,#445,.F.);
#1095 = ORIENTED_EDGE('',*,*,#320,.F.);
#1096 = ORIENTED_EDGE('',*,*,#403,.F.);
#1097 = CYLINDRICAL_SURFACE('',#1098,14.);
#1098 = AXIS2_PLACEMENT_3D('',#1099,#1100,#1101);
#1099 = CARTESIAN_POINT('',(0.,-3.93E-15,16.));
#1100 = DIRECTION('',(0.,0.,1.));
#1101 = DIRECTION('',(1.,0.,0.));
#1102 = ADVANCED_FACE('',(#1103),#1128,.F.);
#1103 = FACE_BOUND('',#1104,.F.);
#1104 = EDGE_LOOP('',(#1105,#1113,#1114,#1122));
#1105 = ORIENTED_EDGE('',*,*,#1106,.F.);
#1106 = EDGE_CURVE('',#567,#1107,#1109,.T.);
#1107 = VERTEX_POINT('',#1108);
#1108 = CARTESIAN_POINT('',(21.878854005249,-22.,15.003447097434));
#1109 = LINE('',#1110,#1111);
#1110 = CARTESIAN_POINT('',(22.250501078372,-21.5,15.337929463245));
#1111 = VECTOR('',#1112,1.);
#1112 = DIRECTION('',(-0.525588331228,-0.707106781187,-0.473029498105));
#1113 = ORIENTED_EDGE('',*,*,#574,.T.);
#1114 = ORIENTED_EDGE('',*,*,#1115,.T.);
#1115 = EDGE_CURVE('',#524,#1116,#1118,.T.);
#1116 = VERTEX_POINT('',#1117);
#1117 = CARTESIAN_POINT('',(29.402369751309,-22.,6.643985157366));
#1118 = LINE('',#1119,#1120);
#1119 = CARTESIAN_POINT('',(29.588193287871,-21.75,6.811226340272));
#1120 = VECTOR('',#1121,1.);
#1121 = DIRECTION('',(-0.525588331228,-0.707106781187,-0.473029498105));
#1122 = ORIENTED_EDGE('',*,*,#1123,.F.);
#1123 = EDGE_CURVE('',#1107,#1116,#1124,.T.);
#1124 = LINE('',#1125,#1126);
#1125 = CARTESIAN_POINT('',(21.878854005249,-22.,15.003447097434));
#1126 = VECTOR('',#1127,1.);
#1127 = DIRECTION('',(0.668964731622,0.,-0.743294146247));
#1128 = PLANE('',#1129);
#1129 = AXIS2_PLACEMENT_3D('',#1130,#1131,#1132);
#1130 = CARTESIAN_POINT('',(22.06467754181,-21.75,15.170688280339));
#1131 = DIRECTION('',(-0.525588331228,0.707106781187,-0.473029498105));
#1132 = DIRECTION('',(0.668964731622,8.326672684689E-17,-0.743294146247)
  );
#1133 = ADVANCED_FACE('',(#1134),#1155,.F.);
#1134 = FACE_BOUND('',#1135,.T.);
#1135 = EDGE_LOOP('',(#1136,#1137,#1145,#1152,#1153,#1154));
#1136 = ORIENTED_EDGE('',*,*,#784,.T.);
#1137 = ORIENTED_EDGE('',*,*,#1138,.T.);
#1138 = EDGE_CURVE('',#785,#1139,#1141,.T.);
#1139 = VERTEX_POINT('',#1140);
#1140 = CARTESIAN_POINT('',(17.525177404678,-14.,-4.993679098073));
#1141 = LINE('',#1142,#1143);
#1142 = CARTESIAN_POINT('',(40.56729593834,-14.,15.744227582223));
#1143 = VECTOR('',#1144,1.);
#1144 = DIRECTION('',(-0.743294146247,6.E-17,-0.668964731622));
#1145 = ORIENTED_EDGE('',*,*,#1146,.F.);
#1146 = EDGE_CURVE('',#1139,#1139,#1147,.T.);
#1147 = CIRCLE('',#1148,4.);
#1148 = AXIS2_PLACEMENT_3D('',#1149,#1150,#1151);
#1149 = CARTESIAN_POINT('',(14.849318478188,-14.,-2.020502513084));
#1150 = DIRECTION('',(0.743294146247,-6.E-17,0.668964731622));
#1151 = DIRECTION('',(0.668964731622,0.,-0.743294146247));
#1152 = ORIENTED_EDGE('',*,*,#1138,.F.);
#1153 = ORIENTED_EDGE('',*,*,#801,.T.);
#1154 = ORIENTED_EDGE('',*,*,#533,.F.);
#1155 = CYLINDRICAL_SURFACE('',#1156,4.);
#1156 = AXIS2_PLACEMENT_3D('',#1157,#1158,#1159);
#1157 = CARTESIAN_POINT('',(37.89143701185,-14.,18.717404167212));
#1158 = DIRECTION('',(-0.743294146247,6.E-17,-0.668964731622));
#1159 = DIRECTION('',(0.668964731622,0.,-0.743294146247));
#1160 = ADVANCED_FACE('',(#1161),#1188,.T.);
#1161 = FACE_BOUND('',#1162,.F.);
#1162 = EDGE_LOOP('',(#1163,#1164,#1173,#1181));
#1163 = ORIENTED_EDGE('',*,*,#566,.F.);
#1164 = ORIENTED_EDGE('',*,*,#1165,.F.);
#1165 = EDGE_CURVE('',#1166,#567,#1168,.T.);
#1166 = VERTEX_POINT('',#1167);
#1167 = CARTESIAN_POINT('',(20.763912785878,-21.5,16.));
#1168 = CIRCLE('',#1169,2.);
#1169 = AXIS2_PLACEMENT_3D('',#1170,#1171,#1172);
#1170 = CARTESIAN_POINT('',(20.763912785878,-21.5,14.));
#1171 = DIRECTION('',(0.,1.,0.));
#1172 = DIRECTION('',(0.,-0.,1.));
#1173 = ORIENTED_EDGE('',*,*,#1174,.F.);
#1174 = EDGE_CURVE('',#1175,#1166,#1177,.T.);
#1175 = VERTEX_POINT('',#1176);
#1176 = CARTESIAN_POINT('',(20.763912785878,21.5,16.));
#1177 = LINE('',#1178,#1179);
#1178 = CARTESIAN_POINT('',(20.763912785878,3.55E-15,16.));
#1179 = VECTOR('',#1180,1.);
#1180 = DIRECTION('',(0.,-1.,2.2E-16));
#1181 = ORIENTED_EDGE('',*,*,#1182,.T.);
#1182 = EDGE_CURVE('',#1175,#559,#1183,.T.);
#1183 = CIRCLE('',#1184,2.);
#1184 = AXIS2_PLACEMENT_3D('',#1185,#1186,#1187);
#1185 = CARTESIAN_POINT('',(20.763912785878,21.5,14.));
#1186 = DIRECTION('',(-0.,1.,4.4E-16));
#1187 = DIRECTION('',(0.,-4.4E-16,1.));
#1188 = CYLINDRICAL_SURFACE('',#1189,2.);
#1189 = AXIS2_PLACEMENT_3D('',#1190,#1191,#1192);
#1190 = CARTESIAN_POINT('',(20.763912785878,3.11E-15,14.));
#1191 = DIRECTION('',(0.,-1.,2.2E-16));
#1192 = DIRECTION('',(0.,2.2E-16,1.));
#1193 = ADVANCED_FACE('',(#1194),#1206,.F.);
#1194 = FACE_BOUND('',#1195,.F.);
#1195 = EDGE_LOOP('',(#1196,#1197,#1205));
#1196 = ORIENTED_EDGE('',*,*,#597,.T.);
#1197 = ORIENTED_EDGE('',*,*,#1198,.T.);
#1198 = EDGE_CURVE('',#590,#1199,#1201,.T.);
#1199 = VERTEX_POINT('',#1200);
#1200 = CARTESIAN_POINT('',(13.062853754854,14.,-3.628320764085));
#1201 = LINE('',#1202,#1203);
#1202 = CARTESIAN_POINT('',(17.525177404678,14.,-4.993679098073));
#1203 = VECTOR('',#1204,1.);
#1204 = DIRECTION('',(-0.956239479445,-1.6E-16,0.292585129409));
#1205 = ORIENTED_EDGE('',*,*,#1198,.F.);
#1206 = CONICAL_SURFACE('',#1207,4.,1.029744258677);
#1207 = AXIS2_PLACEMENT_3D('',#1208,#1209,#1210);
#1208 = CARTESIAN_POINT('',(14.849318478188,14.,-2.020502513084));
#1209 = DIRECTION('',(0.743294146247,-2.4E-16,0.668964731622));
#1210 = DIRECTION('',(0.668964731622,3.3E-16,-0.743294146247));
#1211 = ADVANCED_FACE('',(#1212),#1271,.T.);
#1212 = FACE_BOUND('',#1213,.T.);
#1213 = EDGE_LOOP('',(#1214,#1224,#1230,#1231,#1240,#1247,#1248,#1257,
    #1264,#1265));
#1214 = ORIENTED_EDGE('',*,*,#1215,.F.);
#1215 = EDGE_CURVE('',#1216,#1218,#1220,.T.);
#1216 = VERTEX_POINT('',#1217);
#1217 = CARTESIAN_POINT('',(51.643085782773,21.5,-17.32049798608));
#1218 = VERTEX_POINT('',#1219);
#1219 = CARTESIAN_POINT('',(51.643085782773,-21.5,-17.32049798608));
#1220 = LINE('',#1221,#1222);
#1221 = CARTESIAN_POINT('',(51.643085782773,-3.85E-15,-17.32049798608));
#1222 = VECTOR('',#1223,1.);
#1223 = DIRECTION('',(0.,-1.,2.2E-16));
#1224 = ORIENTED_EDGE('',*,*,#1225,.F.);
#1225 = EDGE_CURVE('',#616,#1216,#1226,.T.);
#1226 = LINE('',#1227,#1228);
#1227 = CARTESIAN_POINT('',(45.866466706277,21.5,-10.90203234553));
#1228 = VECTOR('',#1229,1.);
#1229 = DIRECTION('',(0.668964731622,3.3E-16,-0.743294146247));
#1230 = ORIENTED_EDGE('',*,*,#615,.T.);
#1231 = ORIENTED_EDGE('',*,*,#1232,.F.);
#1232 = EDGE_CURVE('',#1233,#618,#1235,.T.);
#1233 = VERTEX_POINT('',#1234);
#1234 = CARTESIAN_POINT('',(50.983399763913,14.,-16.58751352069));
#1235 = CIRCLE('',#1236,4.);
#1236 = AXIS2_PLACEMENT_3D('',#1237,#1238,#1239);
#1237 = CARTESIAN_POINT('',(48.307540837423,14.,-13.6143369357));
#1238 = DIRECTION('',(0.743294146247,-2.4E-16,0.668964731622));
#1239 = DIRECTION('',(0.668964731622,3.3E-16,-0.743294146247));
#1240 = ORIENTED_EDGE('',*,*,#1241,.F.);
#1241 = EDGE_CURVE('',#626,#1233,#1242,.T.);
#1242 = CIRCLE('',#1243,4.);
#1243 = AXIS2_PLACEMENT_3D('',#1244,#1245,#1246);
#1244 = CARTESIAN_POINT('',(48.307540837423,14.,-13.6143369357));
#1245 = DIRECTION('',(0.743294146247,-2.4E-16,0.668964731622));
#1246 = DIRECTION('',(0.668964731622,3.3E-16,-0.743294146247));
#1247 = ORIENTED_EDGE('',*,*,#652,.T.);
#1248 = ORIENTED_EDGE('',*,*,#1249,.T.);
#1249 = EDGE_CURVE('',#653,#1250,#1252,.T.);
#1250 = VERTEX_POINT('',#1251);
#1251 = CARTESIAN_POINT('',(50.983399763913,-14.,-16.58751352069));
#1252 = CIRCLE('',#1253,4.);
#1253 = AXIS2_PLACEMENT_3D('',#1254,#1255,#1256);
#1254 = CARTESIAN_POINT('',(48.307540837423,-14.,-13.6143369357));
#1255 = DIRECTION('',(-0.743294146247,6.E-17,-0.668964731622));
#1256 = DIRECTION('',(0.668964731622,0.,-0.743294146247));
#1257 = ORIENTED_EDGE('',*,*,#1258,.T.);
#1258 = EDGE_CURVE('',#1250,#661,#1259,.T.);
#1259 = CIRCLE('',#1260,4.);
#1260 = AXIS2_PLACEMENT_3D('',#1261,#1262,#1263);
#1261 = CARTESIAN_POINT('',(48.307540837423,-14.,-13.6143369357));
#1262 = DIRECTION('',(-0.743294146247,6.E-17,-0.668964731622));
#1263 = DIRECTION('',(0.668964731622,0.,-0.743294146247));
#1264 = ORIENTED_EDGE('',*,*,#687,.F.);
#1265 = ORIENTED_EDGE('',*,*,#1266,.T.);
#1266 = EDGE_CURVE('',#688,#1218,#1267,.T.);
#1267 = LINE('',#1268,#1269);
#1268 = CARTESIAN_POINT('',(45.866466706277,-21.5,-10.90203234553));
#1269 = VECTOR('',#1270,1.);
#1270 = DIRECTION('',(0.668964731622,0.,-0.743294146247));
#1271 = PLANE('',#1272);
#1272 = AXIS2_PLACEMENT_3D('',#1273,#1274,#1275);
#1273 = CARTESIAN_POINT('',(48.867702486745,2.63E-15,-14.23673876828));
#1274 = DIRECTION('',(0.743294146247,-1.5E-16,0.668964731622));
#1275 = DIRECTION('',(-0.668964731622,0.,0.743294146247));
#1276 = ADVANCED_FACE('',(#1277),#1288,.T.);
#1277 = FACE_BOUND('',#1278,.T.);
#1278 = EDGE_LOOP('',(#1279,#1280,#1281,#1287));
#1279 = ORIENTED_EDGE('',*,*,#720,.F.);
#1280 = ORIENTED_EDGE('',*,*,#703,.T.);
#1281 = ORIENTED_EDGE('',*,*,#1282,.T.);
#1282 = EDGE_CURVE('',#616,#969,#1283,.T.);
#1283 = LINE('',#1284,#1285);
#1284 = CARTESIAN_POINT('',(45.866466706277,21.5,-10.90203234553));
#1285 = VECTOR('',#1286,1.);
#1286 = DIRECTION('',(-0.525588331228,0.707106781187,-0.473029498105));
#1287 = ORIENTED_EDGE('',*,*,#968,.F.);
#1288 = CONICAL_SURFACE('',#1289,2.,0.785398163397);
#1289 = AXIS2_PLACEMENT_3D('',#1290,#1291,#1292);
#1290 = CARTESIAN_POINT('',(44.379878413783,21.5,-12.23996180878));
#1291 = DIRECTION('',(0.,-1.,-4.4E-16));
#1292 = DIRECTION('',(-0.336913724137,-4.142756304511E-16,0.941535523753
    ));
#1293 = ADVANCED_FACE('',(#1294),#1378,.F.);
#1294 = FACE_BOUND('',#1295,.F.);
#1295 = EDGE_LOOP('',(#1296,#1297,#1305,#1314,#1337,#1346,#1368,#1375,
    #1376,#1377));
#1296 = ORIENTED_EDGE('',*,*,#1232,.F.);
#1297 = ORIENTED_EDGE('',*,*,#1298,.T.);
#1298 = EDGE_CURVE('',#1233,#1299,#1301,.T.);
#1299 = VERTEX_POINT('',#1300);
#1300 = CARTESIAN_POINT('',(41.63619256468,14.,-25.));
#1301 = LINE('',#1302,#1303);
#1302 = CARTESIAN_POINT('',(61.305202618636,14.,-7.297890951439));
#1303 = VECTOR('',#1304,1.);
#1304 = DIRECTION('',(-0.743294146247,2.4E-16,-0.668964731622));
#1305 = ORIENTED_EDGE('',*,*,#1306,.F.);
#1306 = EDGE_CURVE('',#1307,#1299,#1309,.T.);
#1307 = VERTEX_POINT('',#1308);
#1308 = CARTESIAN_POINT('',(36.990724809415,17.899194631869,-25.));
#1309 = ELLIPSE('',#1310,5.979388465366,4.);
#1310 = AXIS2_PLACEMENT_3D('',#1311,#1312,#1313);
#1311 = CARTESIAN_POINT('',(35.656804099313,14.,-25.));
#1312 = DIRECTION('',(0.,6.7E-16,-1.));
#1313 = DIRECTION('',(-1.,-2.7E-16,-1.809E-31));
#1314 = ORIENTED_EDGE('',*,*,#1315,.F.);
#1315 = EDGE_CURVE('',#1316,#1307,#1318,.T.);
#1316 = VERTEX_POINT('',#1317);
#1317 = CARTESIAN_POINT('',(35.50413651692,17.955613225614,
    -24.33792946324));
#1318 = B_SPLINE_CURVE_WITH_KNOTS('',5,(#1319,#1320,#1321,#1322,#1323,
    #1324,#1325,#1326,#1327,#1328,#1329,#1330,#1331,#1332,#1333,#1334,
    #1335,#1336),.UNSPECIFIED.,.F.,.F.,(6,4,4,4,6),(0.,
    9.198534834437E-02,0.391871174088,0.558714175958,1.),.UNSPECIFIED.);
#1319 = CARTESIAN_POINT('',(35.50413651692,17.955613225614,
    -24.33792946324));
#1320 = CARTESIAN_POINT('',(35.525965338927,17.960515265953,
    -24.36218370991));
#1321 = CARTESIAN_POINT('',(35.548341376228,17.965085054736,
    -24.38605121682));
#1322 = CARTESIAN_POINT('',(35.571244544145,17.969315787936,
    -24.4094999558));
#1323 = CARTESIAN_POINT('',(35.594651074596,17.973203435492,
    -24.43249983503));
#1324 = CARTESIAN_POINT('',(35.696393803844,17.988298441748,
    -24.52845056303));
#1325 = CARTESIAN_POINT('',(35.779216226182,17.996176371358,
    -24.59671763741));
#1326 = CARTESIAN_POINT('',(35.866149955442,18.000373269036,
    -24.6589992034));
#1327 = CARTESIAN_POINT('',(35.956092922514,18.001176058955,
    -24.71473909311));
#1328 = CARTESIAN_POINT('',(36.098682080912,17.997910685328,
    -24.7909775629));
#1329 = CARTESIAN_POINT('',(36.15020940147,17.995844351075,
    -24.81616013077));
#1330 = CARTESIAN_POINT('',(36.20214879657,17.99295979613,
    -24.83927468995));
#1331 = CARTESIAN_POINT('',(36.254354090164,17.989343292131,
    -24.86033826524));
#1332 = CARTESIAN_POINT('',(36.445064499481,17.973827829515,
    -24.9297521125));
#1333 = CARTESIAN_POINT('',(36.584070609568,17.958104921297,
    -24.96592178417));
#1334 = CARTESIAN_POINT('',(36.722088493309,17.939533852056,
    -24.98898103116));
#1335 = CARTESIAN_POINT('',(36.857945809834,17.919522458006,-25.));
#1336 = CARTESIAN_POINT('',(36.990724809415,17.899194631869,-25.));
#1337 = ORIENTED_EDGE('',*,*,#1338,.T.);
#1338 = EDGE_CURVE('',#1316,#1339,#1341,.T.);
#1339 = VERTEX_POINT('',#1340);
#1340 = CARTESIAN_POINT('',(35.50413651692,10.044386774386,
    -24.33792946324));
#1341 = CIRCLE('',#1342,4.);
#1342 = AXIS2_PLACEMENT_3D('',#1343,#1344,#1345);
#1343 = CARTESIAN_POINT('',(35.901663712952,14.,-24.77962634772));
#1344 = DIRECTION('',(0.743294146247,-2.4E-16,0.668964731622));
#1345 = DIRECTION('',(0.668964731622,3.3E-16,-0.743294146247));
#1346 = ORIENTED_EDGE('',*,*,#1347,.F.);
#1347 = EDGE_CURVE('',#1348,#1339,#1350,.T.);
#1348 = VERTEX_POINT('',#1349);
#1349 = CARTESIAN_POINT('',(36.990724809415,10.100805368131,-25.));
#1350 = B_SPLINE_CURVE_WITH_KNOTS('',6,(#1351,#1352,#1353,#1354,#1355,
    #1356,#1357,#1358,#1359,#1360,#1361,#1362,#1363,#1364,#1365,#1366,
    #1367),.UNSPECIFIED.,.F.,.F.,(7,5,5,7),(0.,0.441664075219,
    0.606618350299,1.),.UNSPECIFIED.);
#1351 = CARTESIAN_POINT('',(36.990724809415,10.100805368131,-25.));
#1352 = CARTESIAN_POINT('',(36.879994675564,10.083853117277,-25.));
#1353 = CARTESIAN_POINT('',(36.767208552526,10.067112009574,
    -24.9926432656));
#1354 = CARTESIAN_POINT('',(36.652826847856,10.051145327774,
    -24.9774178299));
#1355 = CARTESIAN_POINT('',(36.537394982966,10.036611263881,
    -24.9537956117));
#1356 = CARTESIAN_POINT('',(36.421573367283,10.024250211863,
    -24.92123724919));
#1357 = CARTESIAN_POINT('',(36.263065129576,10.011369474875,
    -24.86349556656));
#1358 = CARTESIAN_POINT('',(36.22003993871,10.00828437313,
    -24.84647843762));
#1359 = CARTESIAN_POINT('',(36.177163531568,10.005661014292,
    -24.82813035451));
#1360 = CARTESIAN_POINT('',(36.134506795895,10.003541943817,
    -24.8084406857));
#1361 = CARTESIAN_POINT('',(36.092139775429,10.001967993458,
    -24.78740336036));
#1362 = CARTESIAN_POINT('',(35.949951072302,9.998618023451,
    -24.71162973968));
#1363 = CARTESIAN_POINT('',(35.851589664479,9.999574505844,
    -24.65045095437));
#1364 = CARTESIAN_POINT('',(35.756625908739,10.004415687181,
    -24.5817254425));
#1365 = CARTESIAN_POINT('',(35.666396598789,10.01350446505,
    -24.50607503096));
#1366 = CARTESIAN_POINT('',(35.581975741143,10.026906627406,
    -24.42441749015));
#1367 = CARTESIAN_POINT('',(35.50413651692,10.044386774386,
    -24.33792946324));
#1368 = ORIENTED_EDGE('',*,*,#1369,.F.);
#1369 = EDGE_CURVE('',#1299,#1348,#1370,.T.);
#1370 = ELLIPSE('',#1371,5.979388465366,4.);
#1371 = AXIS2_PLACEMENT_3D('',#1372,#1373,#1374);
#1372 = CARTESIAN_POINT('',(35.656804099313,14.,-25.));
#1373 = DIRECTION('',(0.,6.7E-16,-1.));
#1374 = DIRECTION('',(-1.,-2.7E-16,-1.809E-31));
#1375 = ORIENTED_EDGE('',*,*,#1298,.F.);
#1376 = ORIENTED_EDGE('',*,*,#1241,.F.);
#1377 = ORIENTED_EDGE('',*,*,#625,.T.);
#1378 = CYLINDRICAL_SURFACE('',#1379,4.);
#1379 = AXIS2_PLACEMENT_3D('',#1380,#1381,#1382);
#1380 = CARTESIAN_POINT('',(58.629343692146,14.,-4.32471436645));
#1381 = DIRECTION('',(-0.743294146247,2.4E-16,-0.668964731622));
#1382 = DIRECTION('',(0.668964731622,3.3E-16,-0.743294146247));
#1383 = ADVANCED_FACE('',(#1384),#1403,.T.);
#1384 = FACE_BOUND('',#1385,.F.);
#1385 = EDGE_LOOP('',(#1386,#1387,#1388,#1396));
#1386 = ORIENTED_EDGE('',*,*,#752,.F.);
#1387 = ORIENTED_EDGE('',*,*,#695,.T.);
#1388 = ORIENTED_EDGE('',*,*,#1389,.T.);
#1389 = EDGE_CURVE('',#688,#1390,#1392,.T.);
#1390 = VERTEX_POINT('',#1391);
#1391 = CARTESIAN_POINT('',(45.494819633154,-22.,-11.23651471135));
#1392 = LINE('',#1393,#1394);
#1393 = CARTESIAN_POINT('',(45.866466706277,-21.5,-10.90203234553));
#1394 = VECTOR('',#1395,1.);
#1395 = DIRECTION('',(-0.525588331228,-0.707106781187,-0.473029498105));
#1396 = ORIENTED_EDGE('',*,*,#1397,.F.);
#1397 = EDGE_CURVE('',#753,#1390,#1398,.T.);
#1398 = CIRCLE('',#1399,1.5);
#1399 = AXIS2_PLACEMENT_3D('',#1400,#1401,#1402);
#1400 = CARTESIAN_POINT('',(44.379878413783,-22.,-12.23996180878));
#1401 = DIRECTION('',(0.,1.,0.));
#1402 = DIRECTION('',(-0.336913724137,0.,0.941535523753));
#1403 = CONICAL_SURFACE('',#1404,2.,0.785398163397);
#1404 = AXIS2_PLACEMENT_3D('',#1405,#1406,#1407);
#1405 = CARTESIAN_POINT('',(44.379878413783,-21.5,-12.23996180878));
#1406 = DIRECTION('',(0.,1.,0.));
#1407 = DIRECTION('',(-0.336913724137,0.,0.941535523753));
#1408 = ADVANCED_FACE('',(#1409),#1493,.F.);
#1409 = FACE_BOUND('',#1410,.T.);
#1410 = EDGE_LOOP('',(#1411,#1412,#1420,#1429,#1452,#1461,#1483,#1490,
    #1491,#1492));
#1411 = ORIENTED_EDGE('',*,*,#1258,.F.);
#1412 = ORIENTED_EDGE('',*,*,#1413,.T.);
#1413 = EDGE_CURVE('',#1250,#1414,#1416,.T.);
#1414 = VERTEX_POINT('',#1415);
#1415 = CARTESIAN_POINT('',(41.63619256468,-14.,-25.));
#1416 = LINE('',#1417,#1418);
#1417 = CARTESIAN_POINT('',(61.305202618636,-14.,-7.297890951439));
#1418 = VECTOR('',#1419,1.);
#1419 = DIRECTION('',(-0.743294146247,6.E-17,-0.668964731622));
#1420 = ORIENTED_EDGE('',*,*,#1421,.F.);
#1421 = EDGE_CURVE('',#1422,#1414,#1424,.T.);
#1422 = VERTEX_POINT('',#1423);
#1423 = CARTESIAN_POINT('',(36.990724809415,-17.89919463186,-25.));
#1424 = ELLIPSE('',#1425,5.979388465366,4.);
#1425 = AXIS2_PLACEMENT_3D('',#1426,#1427,#1428);
#1426 = CARTESIAN_POINT('',(35.656804099313,-14.,-25.));
#1427 = DIRECTION('',(0.,2.2E-16,1.));
#1428 = DIRECTION('',(-1.,2.7E-16,-5.94E-32));
#1429 = ORIENTED_EDGE('',*,*,#1430,.F.);
#1430 = EDGE_CURVE('',#1431,#1422,#1433,.T.);
#1431 = VERTEX_POINT('',#1432);
#1432 = CARTESIAN_POINT('',(35.50413651692,-17.95561322561,
    -24.33792946324));
#1433 = B_SPLINE_CURVE_WITH_KNOTS('',5,(#1434,#1435,#1436,#1437,#1438,
    #1439,#1440,#1441,#1442,#1443,#1444,#1445,#1446,#1447,#1448,#1449,
    #1450,#1451),.UNSPECIFIED.,.F.,.F.,(6,4,4,4,6),(0.,
    9.198534834437E-02,0.391871174088,0.558714175958,1.),.UNSPECIFIED.);
#1434 = CARTESIAN_POINT('',(35.50413651692,-17.95561322561,
    -24.33792946324));
#1435 = CARTESIAN_POINT('',(35.525965338927,-17.96051526595,
    -24.36218370991));
#1436 = CARTESIAN_POINT('',(35.548341376228,-17.96508505473,
    -24.38605121682));
#1437 = CARTESIAN_POINT('',(35.571244544145,-17.96931578793,
    -24.4094999558));
#1438 = CARTESIAN_POINT('',(35.594651074596,-17.97320343549,
    -24.43249983503));
#1439 = CARTESIAN_POINT('',(35.696393803844,-17.98829844174,
    -24.52845056303));
#1440 = CARTESIAN_POINT('',(35.779216226182,-17.99617637135,
    -24.59671763741));
#1441 = CARTESIAN_POINT('',(35.866149955442,-18.00037326903,
    -24.6589992034));
#1442 = CARTESIAN_POINT('',(35.956092922514,-18.00117605895,
    -24.71473909311));
#1443 = CARTESIAN_POINT('',(36.098682080912,-17.99791068532,
    -24.7909775629));
#1444 = CARTESIAN_POINT('',(36.15020940147,-17.99584435107,
    -24.81616013077));
#1445 = CARTESIAN_POINT('',(36.20214879657,-17.99295979613,
    -24.83927468995));
#1446 = CARTESIAN_POINT('',(36.254354090164,-17.98934329213,
    -24.86033826524));
#1447 = CARTESIAN_POINT('',(36.445064499481,-17.97382782951,
    -24.9297521125));
#1448 = CARTESIAN_POINT('',(36.584070609568,-17.95810492129,
    -24.96592178417));
#1449 = CARTESIAN_POINT('',(36.722088493309,-17.93953385205,
    -24.98898103116));
#1450 = CARTESIAN_POINT('',(36.857945809834,-17.919522458,-25.));
#1451 = CARTESIAN_POINT('',(36.990724809415,-17.89919463186,-25.));
#1452 = ORIENTED_EDGE('',*,*,#1453,.T.);
#1453 = EDGE_CURVE('',#1431,#1454,#1456,.T.);
#1454 = VERTEX_POINT('',#1455);
#1455 = CARTESIAN_POINT('',(35.50413651692,-10.04438677438,
    -24.33792946324));
#1456 = CIRCLE('',#1457,4.);
#1457 = AXIS2_PLACEMENT_3D('',#1458,#1459,#1460);
#1458 = CARTESIAN_POINT('',(35.901663712952,-14.,-24.77962634772));
#1459 = DIRECTION('',(-0.743294146247,6.E-17,-0.668964731622));
#1460 = DIRECTION('',(0.668964731622,0.,-0.743294146247));
#1461 = ORIENTED_EDGE('',*,*,#1462,.F.);
#1462 = EDGE_CURVE('',#1463,#1454,#1465,.T.);
#1463 = VERTEX_POINT('',#1464);
#1464 = CARTESIAN_POINT('',(36.990724809415,-10.10080536813,-25.));
#1465 = B_SPLINE_CURVE_WITH_KNOTS('',6,(#1466,#1467,#1468,#1469,#1470,
    #1471,#1472,#1473,#1474,#1475,#1476,#1477,#1478,#1479,#1480,#1481,
    #1482),.UNSPECIFIED.,.F.,.F.,(7,5,5,7),(0.,0.441664075219,
    0.606618350299,1.),.UNSPECIFIED.);
#1466 = CARTESIAN_POINT('',(36.990724809415,-10.10080536813,-25.));
#1467 = CARTESIAN_POINT('',(36.879994675564,-10.08385311727,-25.));
#1468 = CARTESIAN_POINT('',(36.767208552526,-10.06711200957,
    -24.9926432656));
#1469 = CARTESIAN_POINT('',(36.652826847856,-10.05114532777,
    -24.9774178299));
#1470 = CARTESIAN_POINT('',(36.537394982966,-10.03661126388,
    -24.9537956117));
#1471 = CARTESIAN_POINT('',(36.421573367283,-10.02425021186,
    -24.92123724919));
#1472 = CARTESIAN_POINT('',(36.263065129576,-10.01136947487,
    -24.86349556656));
#1473 = CARTESIAN_POINT('',(36.22003993871,-10.00828437313,
    -24.84647843762));
#1474 = CARTESIAN_POINT('',(36.177163531568,-10.00566101429,
    -24.82813035451));
#1475 = CARTESIAN_POINT('',(36.134506795895,-10.00354194381,
    -24.8084406857));
#1476 = CARTESIAN_POINT('',(36.092139775429,-10.00196799345,
    -24.78740336036));
#1477 = CARTESIAN_POINT('',(35.949951072302,-9.998618023451,
    -24.71162973968));
#1478 = CARTESIAN_POINT('',(35.851589664479,-9.999574505844,
    -24.65045095437));
#1479 = CARTESIAN_POINT('',(35.756625908739,-10.00441568718,
    -24.5817254425));
#1480 = CARTESIAN_POINT('',(35.666396598789,-10.01350446505,
    -24.50607503096));
#1481 = CARTESIAN_POINT('',(35.581975741143,-10.0269066274,
    -24.42441749015));
#1482 = CARTESIAN_POINT('',(35.50413651692,-10.04438677438,
    -24.33792946324));
#1483 = ORIENTED_EDGE('',*,*,#1484,.F.);
#1484 = EDGE_CURVE('',#1414,#1463,#1485,.T.);
#1485 = ELLIPSE('',#1486,5.979388465366,4.);
#1486 = AXIS2_PLACEMENT_3D('',#1487,#1488,#1489);
#1487 = CARTESIAN_POINT('',(35.656804099313,-14.,-25.));
#1488 = DIRECTION('',(0.,2.2E-16,1.));
#1489 = DIRECTION('',(-1.,2.7E-16,-5.94E-32));
#1490 = ORIENTED_EDGE('',*,*,#1413,.F.);
#1491 = ORIENTED_EDGE('',*,*,#1249,.F.);
#1492 = ORIENTED_EDGE('',*,*,#660,.T.);
#1493 = CYLINDRICAL_SURFACE('',#1494,4.);
#1494 = AXIS2_PLACEMENT_3D('',#1495,#1496,#1497);
#1495 = CARTESIAN_POINT('',(58.629343692146,-14.,-4.32471436645));
#1496 = DIRECTION('',(-0.743294146247,6.E-17,-0.668964731622));
#1497 = DIRECTION('',(0.668964731622,0.,-0.743294146247));
#1498 = ADVANCED_FACE('',(#1499),#1511,.T.);
#1499 = FACE_BOUND('',#1500,.F.);
#1500 = EDGE_LOOP('',(#1501,#1502,#1503,#1504));
#1501 = ORIENTED_EDGE('',*,*,#1115,.F.);
#1502 = ORIENTED_EDGE('',*,*,#776,.T.);
#1503 = ORIENTED_EDGE('',*,*,#743,.T.);
#1504 = ORIENTED_EDGE('',*,*,#1505,.F.);
#1505 = EDGE_CURVE('',#1116,#744,#1506,.T.);
#1506 = CIRCLE('',#1507,1.5);
#1507 = AXIS2_PLACEMENT_3D('',#1508,#1509,#1510);
#1508 = CARTESIAN_POINT('',(28.287428531938,-22.,5.640538059933));
#1509 = DIRECTION('',(0.,1.,0.));
#1510 = DIRECTION('',(0.743294146247,-0.,0.668964731622));
#1511 = CONICAL_SURFACE('',#1512,2.,0.785398163397);
#1512 = AXIS2_PLACEMENT_3D('',#1513,#1514,#1515);
#1513 = CARTESIAN_POINT('',(28.287428531938,-21.5,5.640538059933));
#1514 = DIRECTION('',(0.,1.,0.));
#1515 = DIRECTION('',(0.743294146247,-0.,0.668964731622));
#1516 = ADVANCED_FACE('',(#1517),#1712,.F.);
#1517 = FACE_BOUND('',#1518,.F.);
#1518 = EDGE_LOOP('',(#1519,#1529,#1537,#1566,#1574,#1603,#1611,#1619,
    #1627,#1634,#1635,#1636,#1637,#1638,#1646,#1655,#1663,#1672,#1680,
    #1689,#1697,#1706));
#1519 = ORIENTED_EDGE('',*,*,#1520,.F.);
#1520 = EDGE_CURVE('',#1521,#1523,#1525,.T.);
#1521 = VERTEX_POINT('',#1522);
#1522 = CARTESIAN_POINT('',(12.468827043885,-22.,-11.5));
#1523 = VERTEX_POINT('',#1524);
#1524 = CARTESIAN_POINT('',(12.468827043885,-22.,-15.5));
#1525 = LINE('',#1526,#1527);
#1526 = CARTESIAN_POINT('',(12.468827043885,-22.,-11.));
#1527 = VECTOR('',#1528,1.);
#1528 = DIRECTION('',(0.,-2.2E-16,-1.));
#1529 = ORIENTED_EDGE('',*,*,#1530,.F.);
#1530 = EDGE_CURVE('',#1531,#1521,#1533,.T.);
#1531 = VERTEX_POINT('',#1532);
#1532 = CARTESIAN_POINT('',(16.677662606665,-22.,-11.5));
#1533 = LINE('',#1534,#1535);
#1534 = CARTESIAN_POINT('',(17.708536580748,-22.,-11.5));
#1535 = VECTOR('',#1536,1.);
#1536 = DIRECTION('',(-1.,2.5E-16,0.));
#1537 = ORIENTED_EDGE('',*,*,#1538,.F.);
#1538 = EDGE_CURVE('',#1539,#1531,#1541,.T.);
#1539 = VERTEX_POINT('',#1540);
#1540 = CARTESIAN_POINT('',(20.114857735543,-22.,-10.));
#1541 = ( BOUNDED_CURVE() B_SPLINE_CURVE(12,(#1542,#1543,#1544,#1545,
    #1546,#1547,#1548,#1549,#1550,#1551,#1552,#1553,#1554,#1555,#1556,
    #1557,#1558,#1559,#1560,#1561,#1562,#1563,#1564,#1565),
.UNSPECIFIED.,.F.,.F.) B_SPLINE_CURVE_WITH_KNOTS((13,11,13),(
    168.25409638758,171.14314524105,171.97057215586),.UNSPECIFIED.) 
CURVE() GEOMETRIC_REPRESENTATION_ITEM() RATIONAL_B_SPLINE_CURVE((1.,1.,
    1.000000000001,0.999999999998,1.000000000003,0.999999999996,
    1.000000000004,0.999999999996,1.000000000002,0.999999999999,1.,1.,1.
    ,1.,1.,1.000000000001,0.999999999999,1.000000000002,0.999999999998,
1.000000000001,0.999999999999,1.,1.,1.)) REPRESENTATION_ITEM('') );
#1542 = CARTESIAN_POINT('',(20.114857735543,-22.,-10.));
#1543 = CARTESIAN_POINT('',(20.114857735543,-22.,-10.16535072837));
#1544 = CARTESIAN_POINT('',(20.068594558946,-22.,-10.33072782671));
#1545 = CARTESIAN_POINT('',(19.974934059517,-22.,-10.49080832691));
#1546 = CARTESIAN_POINT('',(19.845671366284,-22.,-10.6397125273));
#1547 = CARTESIAN_POINT('',(19.672331006651,-22.,-10.79159125648));
#1548 = CARTESIAN_POINT('',(19.462885173456,-22.,-10.9197430309));
#1549 = CARTESIAN_POINT('',(19.222024771877,-22.,-11.04719129157));
#1550 = CARTESIAN_POINT('',(18.951423749966,-22.,-11.15246811696));
#1551 = CARTESIAN_POINT('',(18.659812874387,-22.,-11.24633097741));
#1552 = CARTESIAN_POINT('',(18.350825392493,-22.,-11.32250846814));
#1553 = CARTESIAN_POINT('',(18.031086286301,-22.,-11.38227233643));
#1554 = CARTESIAN_POINT('',(17.621387389718,-22.,-11.43875642449));
#1555 = CARTESIAN_POINT('',(17.535019293361,-22.,-11.45009862091));
#1556 = CARTESIAN_POINT('',(17.449878584104,-22.,-11.4602411031));
#1557 = CARTESIAN_POINT('',(17.364609250676,-22.,-11.46919312616));
#1558 = CARTESIAN_POINT('',(17.278966546412,-22.,-11.47696574295));
#1559 = CARTESIAN_POINT('',(17.193101386883,-22.,-11.4835800437));
#1560 = CARTESIAN_POINT('',(17.107186066367,-22.,-11.48906357731));
#1561 = CARTESIAN_POINT('',(17.021286631088,-22.,-11.49344100491));
#1562 = CARTESIAN_POINT('',(16.935387247154,-22.,-11.49672503639));
#1563 = CARTESIAN_POINT('',(16.84947190113,-22.,-11.49891370062));
#1564 = CARTESIAN_POINT('',(16.763568771172,-22.,-11.5));
#1565 = CARTESIAN_POINT('',(16.677662606665,-22.,-11.5));
#1566 = ORIENTED_EDGE('',*,*,#1567,.F.);
#1567 = EDGE_CURVE('',#1568,#1539,#1570,.T.);
#1568 = VERTEX_POINT('',#1569);
#1569 = CARTESIAN_POINT('',(20.114857735543,-22.,10.));
#1570 = LINE('',#1571,#1572);
#1571 = CARTESIAN_POINT('',(20.114857735543,-22.,10.));
#1572 = VECTOR('',#1573,1.);
#1573 = DIRECTION('',(-0.,-0.,-1.));
#1574 = ORIENTED_EDGE('',*,*,#1575,.F.);
#1575 = EDGE_CURVE('',#1576,#1568,#1578,.T.);
#1576 = VERTEX_POINT('',#1577);
#1577 = CARTESIAN_POINT('',(16.677662606665,-22.,11.5));
#1578 = ( BOUNDED_CURVE() B_SPLINE_CURVE(12,(#1579,#1580,#1581,#1582,
    #1583,#1584,#1585,#1586,#1587,#1588,#1589,#1590,#1591,#1592,#1593,
    #1594,#1595,#1596,#1597,#1598,#1599,#1600,#1601,#1602),
.UNSPECIFIED.,.F.,.F.) B_SPLINE_CURVE_WITH_KNOTS((13,11,13),(
    144.53762061931,145.36504753412,148.25409638759),.UNSPECIFIED.) 
CURVE() GEOMETRIC_REPRESENTATION_ITEM() RATIONAL_B_SPLINE_CURVE((1.,1.,
    1.,1.,1.,1.,1.,1.,1.,1.,1.,1.,1.,0.999999999999,1.000000000002,
    0.999999999997,1.000000000004,0.999999999996,1.000000000003,
0.999999999998,1.000000000001,1.,1.,1.)) REPRESENTATION_ITEM('') );
#1579 = CARTESIAN_POINT('',(16.677662606665,-22.,11.5));
#1580 = CARTESIAN_POINT('',(16.763568771172,-22.,11.5));
#1581 = CARTESIAN_POINT('',(16.84947190113,-22.,11.498913700624));
#1582 = CARTESIAN_POINT('',(16.935387247155,-22.,11.496725036393));
#1583 = CARTESIAN_POINT('',(17.021286631087,-22.,11.493441004916));
#1584 = CARTESIAN_POINT('',(17.107186066369,-22.,11.489063577317));
#1585 = CARTESIAN_POINT('',(17.193101386881,-22.,11.483580043705));
#1586 = CARTESIAN_POINT('',(17.278966546414,-22.,11.47696574295));
#1587 = CARTESIAN_POINT('',(17.364609250675,-22.,11.469193126163));
#1588 = CARTESIAN_POINT('',(17.449878584104,-22.,11.4602411031));
#1589 = CARTESIAN_POINT('',(17.53501929336,-22.,11.450098620917));
#1590 = CARTESIAN_POINT('',(17.621387389718,-22.,11.438756424493));
#1591 = CARTESIAN_POINT('',(18.031086286301,-22.,11.382272336436));
#1592 = CARTESIAN_POINT('',(18.350825392491,-22.,11.322508468143));
#1593 = CARTESIAN_POINT('',(18.659812874388,-22.,11.246330977415));
#1594 = CARTESIAN_POINT('',(18.951423749966,-22.,11.152468116964));
#1595 = CARTESIAN_POINT('',(19.222024771872,-22.,11.047191291579));
#1596 = CARTESIAN_POINT('',(19.462885173464,-22.,10.919743030908));
#1597 = CARTESIAN_POINT('',(19.672331006642,-22.,10.791591256488));
#1598 = CARTESIAN_POINT('',(19.845671366291,-22.,10.639712527307));
#1599 = CARTESIAN_POINT('',(19.974934059513,-22.,10.49080832692));
#1600 = CARTESIAN_POINT('',(20.068594558947,-22.,10.330727826718));
#1601 = CARTESIAN_POINT('',(20.114857735542,-22.,10.165350728373));
#1602 = CARTESIAN_POINT('',(20.114857735543,-22.,10.));
#1603 = ORIENTED_EDGE('',*,*,#1604,.F.);
#1604 = EDGE_CURVE('',#1605,#1576,#1607,.T.);
#1605 = VERTEX_POINT('',#1606);
#1606 = CARTESIAN_POINT('',(12.468827043885,-22.,11.5));
#1607 = LINE('',#1608,#1609);
#1608 = CARTESIAN_POINT('',(12.468827043885,-22.,11.5));
#1609 = VECTOR('',#1610,1.);
#1610 = DIRECTION('',(1.,-2.5E-16,0.));
#1611 = ORIENTED_EDGE('',*,*,#1612,.F.);
#1612 = EDGE_CURVE('',#1613,#1605,#1615,.T.);
#1613 = VERTEX_POINT('',#1614);
#1614 = CARTESIAN_POINT('',(12.468827043885,-22.,15.5));
#1615 = LINE('',#1616,#1617);
#1616 = CARTESIAN_POINT('',(12.468827043885,-22.,16.));
#1617 = VECTOR('',#1618,1.);
#1618 = DIRECTION('',(0.,-2.2E-16,-1.));
#1619 = ORIENTED_EDGE('',*,*,#1620,.T.);
#1620 = EDGE_CURVE('',#1613,#1621,#1623,.T.);
#1621 = VERTEX_POINT('',#1622);
#1622 = CARTESIAN_POINT('',(20.763912785878,-22.,15.5));
#1623 = LINE('',#1624,#1625);
#1624 = CARTESIAN_POINT('',(12.468827043885,-22.,15.5));
#1625 = VECTOR('',#1626,1.);
#1626 = DIRECTION('',(1.,0.,0.));
#1627 = ORIENTED_EDGE('',*,*,#1628,.T.);
#1628 = EDGE_CURVE('',#1621,#1107,#1629,.T.);
#1629 = CIRCLE('',#1630,1.5);
#1630 = AXIS2_PLACEMENT_3D('',#1631,#1632,#1633);
#1631 = CARTESIAN_POINT('',(20.763912785878,-22.,14.));
#1632 = DIRECTION('',(0.,1.,0.));
#1633 = DIRECTION('',(0.,-0.,1.));
#1634 = ORIENTED_EDGE('',*,*,#1123,.T.);
#1635 = ORIENTED_EDGE('',*,*,#1505,.T.);
#1636 = ORIENTED_EDGE('',*,*,#760,.T.);
#1637 = ORIENTED_EDGE('',*,*,#1397,.T.);
#1638 = ORIENTED_EDGE('',*,*,#1639,.T.);
#1639 = EDGE_CURVE('',#1390,#1640,#1642,.T.);
#1640 = VERTEX_POINT('',#1641);
#1641 = CARTESIAN_POINT('',(51.27143870965,-22.,-17.6549803519));
#1642 = LINE('',#1643,#1644);
#1643 = CARTESIAN_POINT('',(45.494819633154,-22.,-11.23651471135));
#1644 = VECTOR('',#1645,1.);
#1645 = DIRECTION('',(0.668964731622,0.,-0.743294146247));
#1646 = ORIENTED_EDGE('',*,*,#1647,.T.);
#1647 = EDGE_CURVE('',#1640,#1648,#1650,.T.);
#1648 = VERTEX_POINT('',#1649);
#1649 = CARTESIAN_POINT('',(51.159944587712,-22.,-19.7733686687));
#1650 = CIRCLE('',#1651,1.5);
#1651 = AXIS2_PLACEMENT_3D('',#1652,#1653,#1654);
#1652 = CARTESIAN_POINT('',(50.156497490279,-22.,-18.65842744933));
#1653 = DIRECTION('',(0.,1.,0.));
#1654 = DIRECTION('',(0.743294146247,-0.,0.668964731622));
#1655 = ORIENTED_EDGE('',*,*,#1656,.T.);
#1656 = EDGE_CURVE('',#1648,#1657,#1659,.T.);
#1657 = VERTEX_POINT('',#1658);
#1658 = CARTESIAN_POINT('',(46.335975086973,-22.,-24.11494121937));
#1659 = LINE('',#1660,#1661);
#1660 = CARTESIAN_POINT('',(51.159944587712,-22.,-19.7733686687));
#1661 = VECTOR('',#1662,1.);
#1662 = DIRECTION('',(-0.743294146247,0.,-0.668964731622));
#1663 = ORIENTED_EDGE('',*,*,#1664,.T.);
#1664 = EDGE_CURVE('',#1657,#1665,#1667,.T.);
#1665 = VERTEX_POINT('',#1666);
#1666 = CARTESIAN_POINT('',(45.332527989539,-22.,-24.5));
#1667 = CIRCLE('',#1668,1.5);
#1668 = AXIS2_PLACEMENT_3D('',#1669,#1670,#1671);
#1669 = CARTESIAN_POINT('',(45.332527989539,-22.,-23.));
#1670 = DIRECTION('',(0.,1.,0.));
#1671 = DIRECTION('',(0.668964731622,0.,-0.743294146247));
#1672 = ORIENTED_EDGE('',*,*,#1673,.T.);
#1673 = EDGE_CURVE('',#1665,#1674,#1676,.T.);
#1674 = VERTEX_POINT('',#1675);
#1675 = CARTESIAN_POINT('',(36.990724809415,-22.,-24.5));
#1676 = LINE('',#1677,#1678);
#1677 = CARTESIAN_POINT('',(45.332527989539,-22.,-24.5));
#1678 = VECTOR('',#1679,1.);
#1679 = DIRECTION('',(-1.,-0.,-0.));
#1680 = ORIENTED_EDGE('',*,*,#1681,.T.);
#1681 = EDGE_CURVE('',#1674,#1682,#1684,.T.);
#1682 = VERTEX_POINT('',#1683);
#1683 = CARTESIAN_POINT('',(35.875783590044,-22.,-24.00344709743));
#1684 = CIRCLE('',#1685,1.5);
#1685 = AXIS2_PLACEMENT_3D('',#1686,#1687,#1688);
#1686 = CARTESIAN_POINT('',(36.990724809415,-22.,-23.));
#1687 = DIRECTION('',(0.,1.,0.));
#1688 = DIRECTION('',(-3.55E-15,0.,-1.));
#1689 = ORIENTED_EDGE('',*,*,#1690,.T.);
#1690 = EDGE_CURVE('',#1682,#1691,#1693,.T.);
#1691 = VERTEX_POINT('',#1692);
#1692 = CARTESIAN_POINT('',(31.350964488522,-22.,-18.97587031796));
#1693 = LINE('',#1694,#1695);
#1694 = CARTESIAN_POINT('',(35.875783590044,-22.,-24.00344709743));
#1695 = VECTOR('',#1696,1.);
#1696 = DIRECTION('',(-0.668964731622,0.,0.743294146247));
#1697 = ORIENTED_EDGE('',*,*,#1698,.T.);
#1698 = EDGE_CURVE('',#1691,#1699,#1701,.T.);
#1699 = VERTEX_POINT('',#1700);
#1700 = CARTESIAN_POINT('',(23.546375952926,-22.,-15.5));
#1701 = CIRCLE('',#1702,10.5);
#1702 = AXIS2_PLACEMENT_3D('',#1703,#1704,#1705);
#1703 = CARTESIAN_POINT('',(23.546375952926,-22.,-26.));
#1704 = DIRECTION('',(-0.,-1.,0.));
#1705 = DIRECTION('',(0.743294146247,-0.,0.668964731622));
#1706 = ORIENTED_EDGE('',*,*,#1707,.T.);
#1707 = EDGE_CURVE('',#1699,#1523,#1708,.T.);
#1708 = LINE('',#1709,#1710);
#1709 = CARTESIAN_POINT('',(23.546375952926,-22.,-15.5));
#1710 = VECTOR('',#1711,1.);
#1711 = DIRECTION('',(-1.,0.,0.));
#1712 = PLANE('',#1713);
#1713 = AXIS2_PLACEMENT_3D('',#1714,#1715,#1716);
#1714 = CARTESIAN_POINT('',(17.,-22.,5.E-15));
#1715 = DIRECTION('',(0.,1.,0.));
#1716 = DIRECTION('',(0.,0.,1.));
#1717 = ADVANCED_FACE('',(#1718),#1729,.T.);
#1718 = FACE_BOUND('',#1719,.T.);
#1719 = EDGE_LOOP('',(#1720,#1726,#1727,#1728));
#1720 = ORIENTED_EDGE('',*,*,#1721,.F.);
#1721 = EDGE_CURVE('',#1175,#951,#1722,.T.);
#1722 = LINE('',#1723,#1724);
#1723 = CARTESIAN_POINT('',(20.763912785878,21.75,15.75));
#1724 = VECTOR('',#1725,1.);
#1725 = DIRECTION('',(-0.,0.707106781187,-0.707106781187));
#1726 = ORIENTED_EDGE('',*,*,#1182,.T.);
#1727 = ORIENTED_EDGE('',*,*,#826,.T.);
#1728 = ORIENTED_EDGE('',*,*,#958,.F.);
#1729 = CONICAL_SURFACE('',#1730,2.,0.785398163397);
#1730 = AXIS2_PLACEMENT_3D('',#1731,#1732,#1733);
#1731 = CARTESIAN_POINT('',(20.763912785878,21.5,14.));
#1732 = DIRECTION('',(0.,-1.,-4.4E-16));
#1733 = DIRECTION('',(0.,-4.4E-16,1.));
#1734 = ADVANCED_FACE('',(#1735),#1762,.T.);
#1735 = FACE_BOUND('',#1736,.T.);
#1736 = EDGE_LOOP('',(#1737,#1747,#1754,#1755));
#1737 = ORIENTED_EDGE('',*,*,#1738,.F.);
#1738 = EDGE_CURVE('',#1739,#1741,#1743,.T.);
#1739 = VERTEX_POINT('',#1740);
#1740 = CARTESIAN_POINT('',(-0.255837920097,20.353726863132,-11.5));
#1741 = VERTEX_POINT('',#1742);
#1742 = CARTESIAN_POINT('',(-0.255837920097,20.353726863132,-15.5));
#1743 = LINE('',#1744,#1745);
#1744 = CARTESIAN_POINT('',(-0.255837920097,20.353726863132,-11.));
#1745 = VECTOR('',#1746,1.);
#1746 = DIRECTION('',(0.,6.7E-16,-1.));
#1747 = ORIENTED_EDGE('',*,*,#1748,.F.);
#1748 = EDGE_CURVE('',#851,#1739,#1749,.T.);
#1749 = CIRCLE('',#1750,50.);
#1750 = AXIS2_PLACEMENT_3D('',#1751,#1752,#1753);
#1751 = CARTESIAN_POINT('',(12.468827043885,-28.,-11.5));
#1752 = DIRECTION('',(0.,-6.7E-16,1.));
#1753 = DIRECTION('',(-1.1E-16,1.,6.7E-16));
#1754 = ORIENTED_EDGE('',*,*,#850,.T.);
#1755 = ORIENTED_EDGE('',*,*,#1756,.T.);
#1756 = EDGE_CURVE('',#853,#1741,#1757,.T.);
#1757 = CIRCLE('',#1758,50.);
#1758 = AXIS2_PLACEMENT_3D('',#1759,#1760,#1761);
#1759 = CARTESIAN_POINT('',(12.468827043885,-28.,-15.5));
#1760 = DIRECTION('',(0.,-0.,1.));
#1761 = DIRECTION('',(-1.1E-16,1.,0.));
#1762 = CYLINDRICAL_SURFACE('',#1763,50.);
#1763 = AXIS2_PLACEMENT_3D('',#1764,#1765,#1766);
#1764 = CARTESIAN_POINT('',(12.468827043885,-28.,-11.));
#1765 = DIRECTION('',(0.,6.7E-16,-1.));
#1766 = DIRECTION('',(-0.25449329928,0.967074537263,6.47939939966E-16));
#1767 = ADVANCED_FACE('',(#1768),#1793,.T.);
#1768 = FACE_BOUND('',#1769,.T.);
#1769 = EDGE_LOOP('',(#1770,#1778,#1786,#1792));
#1770 = ORIENTED_EDGE('',*,*,#1771,.F.);
#1771 = EDGE_CURVE('',#1772,#1037,#1774,.T.);
#1772 = VERTEX_POINT('',#1773);
#1773 = CARTESIAN_POINT('',(23.546375952926,21.5,-16.));
#1774 = LINE('',#1775,#1776);
#1775 = CARTESIAN_POINT('',(23.546375952926,21.5,-16.));
#1776 = VECTOR('',#1777,1.);
#1777 = DIRECTION('',(6.7E-16,0.707106781187,0.707106781187));
#1778 = ORIENTED_EDGE('',*,*,#1779,.T.);
#1779 = EDGE_CURVE('',#1772,#1780,#1782,.T.);
#1780 = VERTEX_POINT('',#1781);
#1781 = CARTESIAN_POINT('',(12.468827043885,21.5,-16.));
#1782 = LINE('',#1783,#1784);
#1783 = CARTESIAN_POINT('',(23.546375952926,21.5,-16.));
#1784 = VECTOR('',#1785,1.);
#1785 = DIRECTION('',(-1.,-0.,-0.));
#1786 = ORIENTED_EDGE('',*,*,#1787,.T.);
#1787 = EDGE_CURVE('',#1780,#853,#1788,.T.);
#1788 = LINE('',#1789,#1790);
#1789 = CARTESIAN_POINT('',(12.468827043885,21.75,-15.75));
#1790 = VECTOR('',#1791,1.);
#1791 = DIRECTION('',(0.,0.707106781187,0.707106781187));
#1792 = ORIENTED_EDGE('',*,*,#1045,.F.);
#1793 = PLANE('',#1794);
#1794 = AXIS2_PLACEMENT_3D('',#1795,#1796,#1797);
#1795 = CARTESIAN_POINT('',(23.546375952926,21.75,-15.75));
#1796 = DIRECTION('',(0.,0.707106781187,-0.707106781187));
#1797 = DIRECTION('',(-1.,0.,-0.));
#1798 = ADVANCED_FACE('',(#1799),#1825,.T.);
#1799 = FACE_BOUND('',#1800,.T.);
#1800 = EDGE_LOOP('',(#1801,#1809,#1810,#1819));
#1801 = ORIENTED_EDGE('',*,*,#1802,.T.);
#1802 = EDGE_CURVE('',#1803,#861,#1805,.T.);
#1803 = VERTEX_POINT('',#1804);
#1804 = CARTESIAN_POINT('',(16.677662606665,21.5,-11.));
#1805 = ( BOUNDED_CURVE() B_SPLINE_CURVE(2,(#1806,#1807,#1808),
.UNSPECIFIED.,.F.,.F.) B_SPLINE_CURVE_WITH_KNOTS((3,3),(0.,
3.716475768279),.PIECEWISE_BEZIER_KNOTS.) CURVE() 
GEOMETRIC_REPRESENTATION_ITEM() RATIONAL_B_SPLINE_CURVE((1.,
0.707106781187,1.)) REPRESENTATION_ITEM('') );
#1806 = CARTESIAN_POINT('',(16.677662606665,21.5,-11.));
#1807 = CARTESIAN_POINT('',(16.677662606665,22.,-11.));
#1808 = CARTESIAN_POINT('',(16.677662606665,22.,-11.5));
#1809 = ORIENTED_EDGE('',*,*,#860,.T.);
#1810 = ORIENTED_EDGE('',*,*,#1811,.F.);
#1811 = EDGE_CURVE('',#1812,#851,#1814,.T.);
#1812 = VERTEX_POINT('',#1813);
#1813 = CARTESIAN_POINT('',(12.468827043885,21.5,-11.));
#1814 = CIRCLE('',#1815,0.5);
#1815 = AXIS2_PLACEMENT_3D('',#1816,#1817,#1818);
#1816 = CARTESIAN_POINT('',(12.468827043885,21.5,-11.5));
#1817 = DIRECTION('',(-1.,-2.5E-16,0.));
#1818 = DIRECTION('',(1.675E-31,-6.7E-16,1.));
#1819 = ORIENTED_EDGE('',*,*,#1820,.F.);
#1820 = EDGE_CURVE('',#1803,#1812,#1821,.T.);
#1821 = LINE('',#1822,#1823);
#1822 = CARTESIAN_POINT('',(17.708536580748,21.5,-11.));
#1823 = VECTOR('',#1824,1.);
#1824 = DIRECTION('',(-1.,-2.5E-16,-0.));
#1825 = CYLINDRICAL_SURFACE('',#1826,0.5);
#1826 = AXIS2_PLACEMENT_3D('',#1827,#1828,#1829);
#1827 = CARTESIAN_POINT('',(17.708536580748,21.5,-11.5));
#1828 = DIRECTION('',(-1.,-2.5E-16,-0.));
#1829 = DIRECTION('',(1.675E-31,-6.7E-16,1.));
#1830 = ADVANCED_FACE('',(#1831),#1850,.F.);
#1831 = FACE_BOUND('',#1832,.T.);
#1832 = EDGE_LOOP('',(#1833,#1841,#1848,#1849));
#1833 = ORIENTED_EDGE('',*,*,#1834,.F.);
#1834 = EDGE_CURVE('',#1835,#1029,#1837,.T.);
#1835 = VERTEX_POINT('',#1836);
#1836 = CARTESIAN_POINT('',(30.979317415398,21.5,-19.31035268377));
#1837 = LINE('',#1838,#1839);
#1838 = CARTESIAN_POINT('',(31.16514095196,21.75,-19.14311150087));
#1839 = VECTOR('',#1840,1.);
#1840 = DIRECTION('',(0.525588331228,0.707106781187,0.473029498105));
#1841 = ORIENTED_EDGE('',*,*,#1842,.T.);
#1842 = EDGE_CURVE('',#1835,#1772,#1843,.T.);
#1843 = CIRCLE('',#1844,10.);
#1844 = AXIS2_PLACEMENT_3D('',#1845,#1846,#1847);
#1845 = CARTESIAN_POINT('',(23.546375952926,21.5,-26.));
#1846 = DIRECTION('',(0.,-1.,-4.4E-16));
#1847 = DIRECTION('',(0.743294146247,-2.943444819139E-16,0.668964731622)
  );
#1848 = ORIENTED_EDGE('',*,*,#1771,.T.);
#1849 = ORIENTED_EDGE('',*,*,#1036,.F.);
#1850 = CONICAL_SURFACE('',#1851,10.,0.785398163397);
#1851 = AXIS2_PLACEMENT_3D('',#1852,#1853,#1854);
#1852 = CARTESIAN_POINT('',(23.546375952926,21.5,-26.));
#1853 = DIRECTION('',(-0.,1.,4.4E-16));
#1854 = DIRECTION('',(0.743294146247,-2.943444819139E-16,0.668964731622)
  );
#1855 = ADVANCED_FACE('',(#1856),#1896,.T.);
#1856 = FACE_BOUND('',#1857,.T.);
#1857 = EDGE_LOOP('',(#1858,#1867,#1868,#1869));
#1858 = ORIENTED_EDGE('',*,*,#1859,.T.);
#1859 = EDGE_CURVE('',#1860,#869,#1862,.T.);
#1860 = VERTEX_POINT('',#1861);
#1861 = CARTESIAN_POINT('',(19.896656565147,21.949875815351,-10.));
#1862 = CIRCLE('',#1863,0.5);
#1863 = AXIS2_PLACEMENT_3D('',#1864,#1865,#1866);
#1864 = CARTESIAN_POINT('',(20.114857735543,21.5,-10.));
#1865 = DIRECTION('',(0.,4.4E-16,-1.));
#1866 = DIRECTION('',(-0.436402340792,0.899751630702,3.95890717509E-16)
  );
#1867 = ORIENTED_EDGE('',*,*,#868,.T.);
#1868 = ORIENTED_EDGE('',*,*,#1802,.F.);
#1869 = ORIENTED_EDGE('',*,*,#1870,.F.);
#1870 = EDGE_CURVE('',#1860,#1803,#1871,.T.);
#1871 = ( BOUNDED_CURVE() B_SPLINE_CURVE(12,(#1872,#1873,#1874,#1875,
    #1876,#1877,#1878,#1879,#1880,#1881,#1882,#1883,#1884,#1885,#1886,
    #1887,#1888,#1889,#1890,#1891,#1892,#1893,#1894,#1895),
.UNSPECIFIED.,.F.,.F.) B_SPLINE_CURVE_WITH_KNOTS((13,11,13),(
    168.25409638758,171.14314524105,171.97057215586),.UNSPECIFIED.) 
CURVE() GEOMETRIC_REPRESENTATION_ITEM() RATIONAL_B_SPLINE_CURVE((1.,1.,
    1.000000000001,0.999999999998,1.000000000003,0.999999999996,
    1.000000000004,0.999999999996,1.000000000002,0.999999999999,1.,1.,1.
    ,1.,1.,1.000000000001,0.999999999999,1.000000000002,0.999999999998,
1.000000000001,0.999999999999,1.,1.,1.)) REPRESENTATION_ITEM('') );
#1872 = CARTESIAN_POINT('',(19.896656565147,21.949875815351,-10.));
#1873 = CARTESIAN_POINT('',(19.896656565147,21.949875815351,
    -10.09990118104));
#1874 = CARTESIAN_POINT('',(19.862265478874,21.945387210423,
    -10.199667653));
#1875 = CARTESIAN_POINT('',(19.79713625334,21.937142122319,
    -10.30541738571));
#1876 = CARTESIAN_POINT('',(19.667570356935,21.918223840794,
    -10.42120574116));
#1877 = CARTESIAN_POINT('',(19.518721155988,21.898415560698,
    -10.5009339687));
#1878 = CARTESIAN_POINT('',(19.32294903394,21.870420986614,
    -10.61260895324));
#1879 = CARTESIAN_POINT('',(19.100589346525,21.839800218854,
    -10.67992104874));
#1880 = CARTESIAN_POINT('',(18.85238011702,21.804976999526,
    -10.76225532902));
#1881 = CARTESIAN_POINT('',(18.583054464279,21.767445650297,
    -10.82171395456));
#1882 = CARTESIAN_POINT('',(18.299451773784,21.727854747819,
    -10.87508056003));
#1883 = CARTESIAN_POINT('',(18.005394716067,21.686670302912,
    -10.9165985594));
#1884 = CARTESIAN_POINT('',(17.622873754216,21.632912436504,
    -10.95654746021));
#1885 = CARTESIAN_POINT('',(17.536866893601,21.620667444731,
    -10.96458760559));
#1886 = CARTESIAN_POINT('',(17.450817657026,21.608440912235,
    -10.97176610403));
#1887 = CARTESIAN_POINT('',(17.364889299353,21.596294484094,
    -10.97809953279));
#1888 = CARTESIAN_POINT('',(17.27901659635,21.584203168737,
    -10.98360942848));
#1889 = CARTESIAN_POINT('',(17.193122712769,21.572134316548,
    -10.9883129093));
#1890 = CARTESIAN_POINT('',(17.107194633106,21.560076555044,
    -10.99222040854));
#1891 = CARTESIAN_POINT('',(17.021268085432,21.548036310374,
    -10.99533772175));
#1892 = CARTESIAN_POINT('',(16.93537288876,21.536019544899,
    -10.99766957018));
#1893 = CARTESIAN_POINT('',(16.849489654314,21.524016340567,
    -10.99922188286));
#1894 = CARTESIAN_POINT('',(16.763568771172,21.512005957855,-11.));
#1895 = CARTESIAN_POINT('',(16.677662606665,21.5,-11.));
#1896 = ( BOUNDED_SURFACE() B_SPLINE_SURFACE(2,12,(
    (#1897,#1898,#1899,#1900,#1901,#1902,#1903,#1904,#1905,#1906,#1907
      ,#1908,#1909,#1910,#1911,#1912,#1913,#1914,#1915,#1916,#1917,#1918
      ,#1919,#1920)
    ,(#1921,#1922,#1923,#1924,#1925,#1926,#1927,#1928,#1929,#1930,#1931
      ,#1932,#1933,#1934,#1935,#1936,#1937,#1938,#1939,#1940,#1941,#1942
      ,#1943,#1944)
    ,(#1945,#1946,#1947,#1948,#1949,#1950,#1951,#1952,#1953,#1954,#1955
      ,#1956,#1957,#1958,#1959,#1960,#1961,#1962,#1963,#1964,#1965,#1966
      ,#1967,#1968
)),.UNSPECIFIED.,.F.,.F.,.F.) B_SPLINE_SURFACE_WITH_KNOTS((3,3),(13,11,
    13),(0.,3.716475768279),(168.25409638758,171.14314524105,
171.97057215586),.UNSPECIFIED.) GEOMETRIC_REPRESENTATION_ITEM() 
RATIONAL_B_SPLINE_SURFACE((
    (1.,1.,1.000000000001,0.999999999998,1.000000000003,0.999999999996
      ,1.000000000004,0.999999999996,1.000000000002,0.999999999999,1.,1.
      ,1.,1.,1.,1.000000000001,0.999999999999,1.000000000002
      ,0.999999999998,1.000000000001,0.999999999999,1.,1.,1.)
    ,(0.974615727018,0.974615727018,0.972313325468,0.968080113848
      ,0.95836642359,0.948073115459,0.933367187315,0.916959049144
      ,0.897881059561,0.876751047515,0.853786766928,0.829064115485
      ,0.795592840737,0.787892815257,0.780121866138,0.772316678532
      ,0.764460850476,0.756532230228,0.748520582699,0.740425945096
      ,0.732248031763,0.723977048363,0.7155962754,0.707106781187)
    ,(1.,1.,1.000000000001,0.999999999998,1.000000000003,0.999999999996
      ,1.000000000004,0.999999999996,1.000000000002,0.999999999999,1.,1.
      ,1.,1.,1.,1.000000000001,0.999999999999,1.000000000002
      ,0.999999999998,1.000000000001,0.999999999999,1.,1.,1.
))) REPRESENTATION_ITEM('') SURFACE() );
#1897 = CARTESIAN_POINT('',(19.896656565147,21.949875815351,-10.));
#1898 = CARTESIAN_POINT('',(19.896656565147,21.949875815351,
    -10.09990118104));
#1899 = CARTESIAN_POINT('',(19.862265478874,21.945387210423,
    -10.199667653));
#1900 = CARTESIAN_POINT('',(19.79713625334,21.937142122319,
    -10.30541738571));
#1901 = CARTESIAN_POINT('',(19.667570356935,21.918223840794,
    -10.42120574116));
#1902 = CARTESIAN_POINT('',(19.518721155988,21.898415560698,
    -10.5009339687));
#1903 = CARTESIAN_POINT('',(19.32294903394,21.870420986614,
    -10.61260895324));
#1904 = CARTESIAN_POINT('',(19.100589346525,21.839800218854,
    -10.67992104874));
#1905 = CARTESIAN_POINT('',(18.85238011702,21.804976999526,
    -10.76225532902));
#1906 = CARTESIAN_POINT('',(18.583054464279,21.767445650297,
    -10.82171395456));
#1907 = CARTESIAN_POINT('',(18.299451773784,21.727854747819,
    -10.87508056003));
#1908 = CARTESIAN_POINT('',(18.005394716067,21.686670302912,
    -10.9165985594));
#1909 = CARTESIAN_POINT('',(17.622873754216,21.632912436504,
    -10.95654746021));
#1910 = CARTESIAN_POINT('',(17.536866893601,21.620667444731,
    -10.96458760559));
#1911 = CARTESIAN_POINT('',(17.450817657026,21.608440912235,
    -10.97176610403));
#1912 = CARTESIAN_POINT('',(17.364889299353,21.596294484094,
    -10.97809953279));
#1913 = CARTESIAN_POINT('',(17.27901659635,21.584203168737,
    -10.98360942848));
#1914 = CARTESIAN_POINT('',(17.193122712769,21.572134316548,
    -10.9883129093));
#1915 = CARTESIAN_POINT('',(17.107194633106,21.560076555044,
    -10.99222040854));
#1916 = CARTESIAN_POINT('',(17.021268085432,21.548036310374,
    -10.99533772175));
#1917 = CARTESIAN_POINT('',(16.93537288876,21.536019544899,
    -10.99766957018));
#1918 = CARTESIAN_POINT('',(16.849489654314,21.524016340567,
    -10.99922188286));
#1919 = CARTESIAN_POINT('',(16.763568771172,21.512005957855,-11.));
#1920 = CARTESIAN_POINT('',(16.677662606665,21.5,-11.));
#1921 = CARTESIAN_POINT('',(20.,22.,-10.));
#1922 = CARTESIAN_POINT('',(20.,22.,-10.13089909465));
#1923 = CARTESIAN_POINT('',(19.95934547416,22.,-10.26234682732));
#1924 = CARTESIAN_POINT('',(19.879015875803,22.,-10.3942594577));
#1925 = CARTESIAN_POINT('',(19.744773259818,22.,-10.52671147981));
#1926 = CARTESIAN_POINT('',(19.579628555081,22.,-10.63642355192));
#1927 = CARTESIAN_POINT('',(19.370134302349,22.,-10.7525030195));
#1928 = CARTESIAN_POINT('',(19.133348708953,22.,-10.83777979326));
#1929 = CARTESIAN_POINT('',(18.870172477526,22.,-10.9187509078));
#1930 = CARTESIAN_POINT('',(18.58965379825,22.,-10.97688961158));
#1931 = CARTESIAN_POINT('',(18.297891688236,22.,-11.02002708275));
#1932 = CARTESIAN_POINT('',(18.001907582302,22.,-11.04557168492));
#1933 = CARTESIAN_POINT('',(17.621663105254,22.,-11.05802271682));
#1934 = CARTESIAN_POINT('',(17.534972917866,22.,-11.05935889907));
#1935 = CARTESIAN_POINT('',(17.448591261926,22.,-11.05932217625));
#1936 = CARTESIAN_POINT('',(17.362348990592,22.,-11.05796626356));
#1937 = CARTESIAN_POINT('',(17.276198562572,22.,-11.05530215591));
#1938 = CARTESIAN_POINT('',(17.190152505269,22.,-11.05132956013));
#1939 = CARTESIAN_POINT('',(17.104248018972,22.,-11.04605005144));
#1940 = CARTESIAN_POINT('',(17.018523453653,22.,-11.0394677913));
#1941 = CARTESIAN_POINT('',(16.933000981876,22.,-11.03158352902));
#1942 = CARTESIAN_POINT('',(16.847679190722,22.,-11.02238817122));
#1943 = CARTESIAN_POINT('',(16.762549621252,22.,-11.01186352487));
#1944 = CARTESIAN_POINT('',(16.677662606665,22.,-11.));
#1945 = CARTESIAN_POINT('',(20.114857735543,22.,-10.));
#1946 = CARTESIAN_POINT('',(20.114857735543,22.,-10.16535072837));
#1947 = CARTESIAN_POINT('',(20.068594558946,22.,-10.33072782671));
#1948 = CARTESIAN_POINT('',(19.974934059517,22.,-10.49080832691));
#1949 = CARTESIAN_POINT('',(19.845671366284,22.,-10.6397125273));
#1950 = CARTESIAN_POINT('',(19.672331006651,22.,-10.79159125648));
#1951 = CARTESIAN_POINT('',(19.462885173456,22.,-10.9197430309));
#1952 = CARTESIAN_POINT('',(19.222024771877,22.,-11.04719129157));
#1953 = CARTESIAN_POINT('',(18.951423749966,22.,-11.15246811696));
#1954 = CARTESIAN_POINT('',(18.659812874387,22.,-11.24633097741));
#1955 = CARTESIAN_POINT('',(18.350825392493,22.,-11.32250846814));
#1956 = CARTESIAN_POINT('',(18.031086286301,22.,-11.38227233643));
#1957 = CARTESIAN_POINT('',(17.621387389718,22.,-11.43875642449));
#1958 = CARTESIAN_POINT('',(17.535019293361,22.,-11.45009862091));
#1959 = CARTESIAN_POINT('',(17.449878584104,22.,-11.4602411031));
#1960 = CARTESIAN_POINT('',(17.364609250676,22.,-11.46919312616));
#1961 = CARTESIAN_POINT('',(17.278966546412,22.,-11.47696574295));
#1962 = CARTESIAN_POINT('',(17.193101386883,22.,-11.4835800437));
#1963 = CARTESIAN_POINT('',(17.107186066367,22.,-11.48906357731));
#1964 = CARTESIAN_POINT('',(17.021286631088,22.,-11.49344100491));
#1965 = CARTESIAN_POINT('',(16.935387247154,22.,-11.49672503639));
#1966 = CARTESIAN_POINT('',(16.84947190113,22.,-11.49891370062));
#1967 = CARTESIAN_POINT('',(16.763568771172,22.,-11.5));
#1968 = CARTESIAN_POINT('',(16.677662606665,22.,-11.5));
#1969 = ADVANCED_FACE('',(#1970),#1988,.T.);
#1970 = FACE_BOUND('',#1971,.T.);
#1971 = EDGE_LOOP('',(#1972,#1980,#1986,#1987));
#1972 = ORIENTED_EDGE('',*,*,#1973,.F.);
#1973 = EDGE_CURVE('',#1974,#1020,#1976,.T.);
#1974 = VERTEX_POINT('',#1975);
#1975 = CARTESIAN_POINT('',(35.50413651692,21.5,-24.33792946324));
#1976 = LINE('',#1977,#1978);
#1977 = CARTESIAN_POINT('',(35.50413651692,21.5,-24.33792946324));
#1978 = VECTOR('',#1979,1.);
#1979 = DIRECTION('',(0.525588331228,0.707106781187,0.473029498105));
#1980 = ORIENTED_EDGE('',*,*,#1981,.T.);
#1981 = EDGE_CURVE('',#1974,#1835,#1982,.T.);
#1982 = LINE('',#1983,#1984);
#1983 = CARTESIAN_POINT('',(35.50413651692,21.5,-24.33792946324));
#1984 = VECTOR('',#1985,1.);
#1985 = DIRECTION('',(-0.668964731622,-3.3E-16,0.743294146247));
#1986 = ORIENTED_EDGE('',*,*,#1834,.T.);
#1987 = ORIENTED_EDGE('',*,*,#1028,.F.);
#1988 = PLANE('',#1989);
#1989 = AXIS2_PLACEMENT_3D('',#1990,#1991,#1992);
#1990 = CARTESIAN_POINT('',(35.689960053482,21.75,-24.17068828033));
#1991 = DIRECTION('',(-0.525588331228,0.707106781187,-0.473029498105));
#1992 = DIRECTION('',(-0.668964731622,-4.440892098501E-16,0.743294146247
    ));
#1993 = ADVANCED_FACE('',(#1994),#2012,.T.);
#1994 = FACE_BOUND('',#1995,.T.);
#1995 = EDGE_LOOP('',(#1996,#2004,#2005,#2006));
#1996 = ORIENTED_EDGE('',*,*,#1997,.T.);
#1997 = EDGE_CURVE('',#1998,#898,#2000,.T.);
#1998 = VERTEX_POINT('',#1999);
#1999 = CARTESIAN_POINT('',(19.896656565147,21.949875815351,10.));
#2000 = ( BOUNDED_CURVE() B_SPLINE_CURVE(2,(#2001,#2002,#2003),
.UNSPECIFIED.,.F.,.F.) B_SPLINE_CURVE_WITH_KNOTS((3,3),(0.,
3.716475768281),.PIECEWISE_BEZIER_KNOTS.) CURVE() 
GEOMETRIC_REPRESENTATION_ITEM() RATIONAL_B_SPLINE_CURVE((1.,
0.974615727018,1.)) REPRESENTATION_ITEM('') );
#2001 = CARTESIAN_POINT('',(19.896656565147,21.949875815351,10.));
#2002 = CARTESIAN_POINT('',(20.,22.,10.));
#2003 = CARTESIAN_POINT('',(20.114857735543,22.,10.));
#2004 = ORIENTED_EDGE('',*,*,#897,.T.);
#2005 = ORIENTED_EDGE('',*,*,#1859,.F.);
#2006 = ORIENTED_EDGE('',*,*,#2007,.F.);
#2007 = EDGE_CURVE('',#1998,#1860,#2008,.T.);
#2008 = LINE('',#2009,#2010);
#2009 = CARTESIAN_POINT('',(19.896656565147,21.949875815351,10.));
#2010 = VECTOR('',#2011,1.);
#2011 = DIRECTION('',(0.,4.4E-16,-1.));
#2012 = CYLINDRICAL_SURFACE('',#2013,0.5);
#2013 = AXIS2_PLACEMENT_3D('',#2014,#2015,#2016);
#2014 = CARTESIAN_POINT('',(20.114857735543,21.5,10.));
#2015 = DIRECTION('',(0.,4.4E-16,-1.));
#2016 = DIRECTION('',(-0.436402340792,0.899751630702,3.95890717509E-16)
  );
#2017 = ADVANCED_FACE('',(#2018),#2037,.T.);
#2018 = FACE_BOUND('',#2019,.T.);
#2019 = EDGE_LOOP('',(#2020,#2028,#2035,#2036));
#2020 = ORIENTED_EDGE('',*,*,#2021,.F.);
#2021 = EDGE_CURVE('',#2022,#1012,#2024,.T.);
#2022 = VERTEX_POINT('',#2023);
#2023 = CARTESIAN_POINT('',(36.990724809415,21.5,-25.));
#2024 = LINE('',#2025,#2026);
#2025 = CARTESIAN_POINT('',(36.990724809415,21.75,-24.75));
#2026 = VECTOR('',#2027,1.);
#2027 = DIRECTION('',(0.,0.707106781187,0.707106781187));
#2028 = ORIENTED_EDGE('',*,*,#2029,.T.);
#2029 = EDGE_CURVE('',#2022,#1974,#2030,.T.);
#2030 = CIRCLE('',#2031,2.);
#2031 = AXIS2_PLACEMENT_3D('',#2032,#2033,#2034);
#2032 = CARTESIAN_POINT('',(36.990724809415,21.5,-23.));
#2033 = DIRECTION('',(0.,1.,4.4E-16));
#2034 = DIRECTION('',(-3.55E-15,4.4E-16,-1.));
#2035 = ORIENTED_EDGE('',*,*,#1973,.T.);
#2036 = ORIENTED_EDGE('',*,*,#1019,.F.);
#2037 = CONICAL_SURFACE('',#2038,2.,0.785398163397);
#2038 = AXIS2_PLACEMENT_3D('',#2039,#2040,#2041);
#2039 = CARTESIAN_POINT('',(36.990724809415,21.5,-23.));
#2040 = DIRECTION('',(0.,-1.,-4.4E-16));
#2041 = DIRECTION('',(-3.55E-15,4.4E-16,-1.));
#2042 = ADVANCED_FACE('',(#2043),#2083,.T.);
#2043 = FACE_BOUND('',#2044,.T.);
#2044 = EDGE_LOOP('',(#2045,#2054,#2055,#2056));
#2045 = ORIENTED_EDGE('',*,*,#2046,.T.);
#2046 = EDGE_CURVE('',#2047,#906,#2049,.T.);
#2047 = VERTEX_POINT('',#2048);
#2048 = CARTESIAN_POINT('',(16.677662606665,21.5,11.));
#2049 = CIRCLE('',#2050,0.5);
#2050 = AXIS2_PLACEMENT_3D('',#2051,#2052,#2053);
#2051 = CARTESIAN_POINT('',(16.677662606665,21.5,11.5));
#2052 = DIRECTION('',(1.,2.5E-16,0.));
#2053 = DIRECTION('',(-1.1E-31,4.4E-16,-1.));
#2054 = ORIENTED_EDGE('',*,*,#905,.T.);
#2055 = ORIENTED_EDGE('',*,*,#1997,.F.);
#2056 = ORIENTED_EDGE('',*,*,#2057,.F.);
#2057 = EDGE_CURVE('',#2047,#1998,#2058,.T.);
#2058 = ( BOUNDED_CURVE() B_SPLINE_CURVE(12,(#2059,#2060,#2061,#2062,
    #2063,#2064,#2065,#2066,#2067,#2068,#2069,#2070,#2071,#2072,#2073,
    #2074,#2075,#2076,#2077,#2078,#2079,#2080,#2081,#2082),
.UNSPECIFIED.,.F.,.F.) B_SPLINE_CURVE_WITH_KNOTS((13,11,13),(
    144.53762061931,145.36504753412,148.25409638759),.UNSPECIFIED.) 
CURVE() GEOMETRIC_REPRESENTATION_ITEM() RATIONAL_B_SPLINE_CURVE((1.,1.,
    1.,1.,1.,1.,1.,1.,1.,1.,1.,1.,1.,0.999999999999,1.000000000002,
    0.999999999997,1.000000000004,0.999999999996,1.000000000003,
0.999999999998,1.000000000001,1.,1.,1.)) REPRESENTATION_ITEM('') );
#2059 = CARTESIAN_POINT('',(16.677662606665,21.5,11.));
#2060 = CARTESIAN_POINT('',(16.763568771172,21.512005957855,11.));
#2061 = CARTESIAN_POINT('',(16.849489654314,21.524016340567,
    10.999221882864));
#2062 = CARTESIAN_POINT('',(16.93537288876,21.536019544899,
    10.997669570182));
#2063 = CARTESIAN_POINT('',(17.021268085432,21.548036310374,
    10.995337721758));
#2064 = CARTESIAN_POINT('',(17.107194633106,21.560076555043,
    10.992220408546));
#2065 = CARTESIAN_POINT('',(17.193122712769,21.572134316548,
    10.988312909308));
#2066 = CARTESIAN_POINT('',(17.27901659635,21.584203168737,
    10.983609428485));
#2067 = CARTESIAN_POINT('',(17.364889299353,21.596294484094,
    10.978099532794));
#2068 = CARTESIAN_POINT('',(17.450817657026,21.608440912235,
    10.971766104033));
#2069 = CARTESIAN_POINT('',(17.536866893602,21.620667444731,
    10.964587605597));
#2070 = CARTESIAN_POINT('',(17.622873754216,21.632912436504,
    10.956547460213));
#2071 = CARTESIAN_POINT('',(18.005394716067,21.686670302912,
    10.916598559408));
#2072 = CARTESIAN_POINT('',(18.299451773783,21.727854747819,
    10.875080560038));
#2073 = CARTESIAN_POINT('',(18.583054464281,21.767445650296,
    10.821713954565));
#2074 = CARTESIAN_POINT('',(18.85238011702,21.804976999527,
    10.762255329022));
#2075 = CARTESIAN_POINT('',(19.100589346522,21.839800218851,
    10.679921048739));
#2076 = CARTESIAN_POINT('',(19.322949033945,21.870420986617,
    10.612608953248));
#2077 = CARTESIAN_POINT('',(19.518721155983,21.898415560695,
    10.500933968699));
#2078 = CARTESIAN_POINT('',(19.667570356937,21.918223840795,
    10.421205741166));
#2079 = CARTESIAN_POINT('',(19.797136253339,21.937142122318,
    10.305417385719));
#2080 = CARTESIAN_POINT('',(19.862265478874,21.945387210423,10.199667653
    ));
#2081 = CARTESIAN_POINT('',(19.896656565147,21.949875815351,
    10.099901181044));
#2082 = CARTESIAN_POINT('',(19.896656565147,21.949875815351,10.));
#2083 = ( BOUNDED_SURFACE() B_SPLINE_SURFACE(2,12,(
    (#2084,#2085,#2086,#2087,#2088,#2089,#2090,#2091,#2092,#2093,#2094
      ,#2095,#2096,#2097,#2098,#2099,#2100,#2101,#2102,#2103,#2104,#2105
      ,#2106,#2107)
    ,(#2108,#2109,#2110,#2111,#2112,#2113,#2114,#2115,#2116,#2117,#2118
      ,#2119,#2120,#2121,#2122,#2123,#2124,#2125,#2126,#2127,#2128,#2129
      ,#2130,#2131)
    ,(#2132,#2133,#2134,#2135,#2136,#2137,#2138,#2139,#2140,#2141,#2142
      ,#2143,#2144,#2145,#2146,#2147,#2148,#2149,#2150,#2151,#2152,#2153
      ,#2154,#2155
)),.UNSPECIFIED.,.F.,.F.,.F.) B_SPLINE_SURFACE_WITH_KNOTS((3,3),(13,11,
    13),(0.,3.716475768281),(144.53762061931,145.36504753412,
148.25409638759),.UNSPECIFIED.) GEOMETRIC_REPRESENTATION_ITEM() 
RATIONAL_B_SPLINE_SURFACE((
    (1.,1.,1.,1.,1.,1.,1.,1.,1.,1.,1.,1.,1.,0.999999999999
      ,1.000000000002,0.999999999997,1.000000000004,0.999999999996
      ,1.000000000003,0.999999999998,1.000000000001,1.,1.,1.)
    ,(0.707106781187,0.7155962754,0.723977048363,0.732248031763
      ,0.740425945097,0.748520582699,0.756532230228,0.764460850476
      ,0.772316678533,0.780121866138,0.787892815257,0.795592840737
      ,0.829064115485,0.853786766927,0.876751047517,0.897881059557
      ,0.916959049148,0.93336718731,0.948073115463,0.958366423587
      ,0.96808011385,0.972313325467,0.974615727018,0.974615727018)
    ,(1.,1.,1.,1.,1.,1.,1.,1.,1.,1.,1.,1.,1.,0.999999999999
      ,1.000000000002,0.999999999997,1.000000000004,0.999999999996
      ,1.000000000003,0.999999999998,1.000000000001,1.,1.,1.
))) REPRESENTATION_ITEM('') SURFACE() );
#2084 = CARTESIAN_POINT('',(16.677662606665,21.5,11.));
#2085 = CARTESIAN_POINT('',(16.763568771172,21.512005957855,11.));
#2086 = CARTESIAN_POINT('',(16.849489654314,21.524016340567,
    10.999221882864));
#2087 = CARTESIAN_POINT('',(16.93537288876,21.536019544899,
    10.997669570182));
#2088 = CARTESIAN_POINT('',(17.021268085432,21.548036310374,
    10.995337721758));
#2089 = CARTESIAN_POINT('',(17.107194633106,21.560076555043,
    10.992220408546));
#2090 = CARTESIAN_POINT('',(17.193122712769,21.572134316548,
    10.988312909308));
#2091 = CARTESIAN_POINT('',(17.27901659635,21.584203168737,
    10.983609428485));
#2092 = CARTESIAN_POINT('',(17.364889299353,21.596294484094,
    10.978099532794));
#2093 = CARTESIAN_POINT('',(17.450817657026,21.608440912235,
    10.971766104033));
#2094 = CARTESIAN_POINT('',(17.536866893602,21.620667444731,
    10.964587605597));
#2095 = CARTESIAN_POINT('',(17.622873754216,21.632912436504,
    10.956547460213));
#2096 = CARTESIAN_POINT('',(18.005394716067,21.686670302912,
    10.916598559408));
#2097 = CARTESIAN_POINT('',(18.299451773783,21.727854747819,
    10.875080560038));
#2098 = CARTESIAN_POINT('',(18.583054464281,21.767445650296,
    10.821713954565));
#2099 = CARTESIAN_POINT('',(18.85238011702,21.804976999527,
    10.762255329022));
#2100 = CARTESIAN_POINT('',(19.100589346522,21.839800218851,
    10.679921048739));
#2101 = CARTESIAN_POINT('',(19.322949033945,21.870420986617,
    10.612608953248));
#2102 = CARTESIAN_POINT('',(19.518721155983,21.898415560695,
    10.500933968699));
#2103 = CARTESIAN_POINT('',(19.667570356937,21.918223840795,
    10.421205741166));
#2104 = CARTESIAN_POINT('',(19.797136253339,21.937142122318,
    10.305417385719));
#2105 = CARTESIAN_POINT('',(19.862265478874,21.945387210423,10.199667653
    ));
#2106 = CARTESIAN_POINT('',(19.896656565147,21.949875815351,
    10.099901181044));
#2107 = CARTESIAN_POINT('',(19.896656565147,21.949875815351,10.));
#2108 = CARTESIAN_POINT('',(16.677662606665,22.,11.));
#2109 = CARTESIAN_POINT('',(16.762549621252,22.,11.011863524875));
#2110 = CARTESIAN_POINT('',(16.847679190723,22.,11.022388171221));
#2111 = CARTESIAN_POINT('',(16.933000981875,22.,11.03158352902));
#2112 = CARTESIAN_POINT('',(17.018523453655,22.,11.039467791306));
#2113 = CARTESIAN_POINT('',(17.104248018969,22.,11.046050051449));
#2114 = CARTESIAN_POINT('',(17.190152505272,22.,11.051329560135));
#2115 = CARTESIAN_POINT('',(17.27619856257,22.,11.055302155912));
#2116 = CARTESIAN_POINT('',(17.362348990594,22.,11.057966263563));
#2117 = CARTESIAN_POINT('',(17.448591261925,22.,11.059322176252));
#2118 = CARTESIAN_POINT('',(17.534972917867,22.,11.059358899079));
#2119 = CARTESIAN_POINT('',(17.621663105254,22.,11.058022716825));
#2120 = CARTESIAN_POINT('',(18.001907582302,22.,11.045571684925));
#2121 = CARTESIAN_POINT('',(18.297891688234,22.,11.020027082756));
#2122 = CARTESIAN_POINT('',(18.589653798252,22.,10.976889611588));
#2123 = CARTESIAN_POINT('',(18.870172477525,22.,10.918750907806));
#2124 = CARTESIAN_POINT('',(19.133348708952,22.,10.837779793262));
#2125 = CARTESIAN_POINT('',(19.370134302352,22.,10.752503019509));
#2126 = CARTESIAN_POINT('',(19.579628555077,22.,10.636423551926));
#2127 = CARTESIAN_POINT('',(19.74477325982,22.,10.526711479816));
#2128 = CARTESIAN_POINT('',(19.879015875801,22.,10.394259457706));
#2129 = CARTESIAN_POINT('',(19.95934547416,22.,10.262346827326));
#2130 = CARTESIAN_POINT('',(20.,22.,10.130899094658));
#2131 = CARTESIAN_POINT('',(20.,22.,10.));
#2132 = CARTESIAN_POINT('',(16.677662606665,22.,11.5));
#2133 = CARTESIAN_POINT('',(16.763568771172,22.,11.5));
#2134 = CARTESIAN_POINT('',(16.84947190113,22.,11.498913700624));
#2135 = CARTESIAN_POINT('',(16.935387247155,22.,11.496725036393));
#2136 = CARTESIAN_POINT('',(17.021286631087,22.,11.493441004916));
#2137 = CARTESIAN_POINT('',(17.107186066369,22.,11.489063577317));
#2138 = CARTESIAN_POINT('',(17.193101386881,22.,11.483580043705));
#2139 = CARTESIAN_POINT('',(17.278966546414,22.,11.47696574295));
#2140 = CARTESIAN_POINT('',(17.364609250675,22.,11.469193126163));
#2141 = CARTESIAN_POINT('',(17.449878584104,22.,11.4602411031));
#2142 = CARTESIAN_POINT('',(17.53501929336,22.,11.450098620917));
#2143 = CARTESIAN_POINT('',(17.621387389718,22.,11.438756424493));
#2144 = CARTESIAN_POINT('',(18.031086286301,22.,11.382272336436));
#2145 = CARTESIAN_POINT('',(18.350825392491,22.,11.322508468143));
#2146 = CARTESIAN_POINT('',(18.659812874388,22.,11.246330977415));
#2147 = CARTESIAN_POINT('',(18.951423749966,22.,11.152468116964));
#2148 = CARTESIAN_POINT('',(19.222024771872,22.,11.047191291579));
#2149 = CARTESIAN_POINT('',(19.462885173464,22.,10.919743030908));
#2150 = CARTESIAN_POINT('',(19.672331006642,22.,10.791591256488));
#2151 = CARTESIAN_POINT('',(19.845671366291,22.,10.639712527307));
#2152 = CARTESIAN_POINT('',(19.974934059513,22.,10.49080832692));
#2153 = CARTESIAN_POINT('',(20.068594558947,22.,10.330727826718));
#2154 = CARTESIAN_POINT('',(20.114857735542,22.,10.165350728373));
#2155 = CARTESIAN_POINT('',(20.114857735543,22.,10.));
#2156 = ADVANCED_FACE('',(#2157),#2175,.T.);
#2157 = FACE_BOUND('',#2158,.T.);
#2158 = EDGE_LOOP('',(#2159,#2167,#2173,#2174));
#2159 = ORIENTED_EDGE('',*,*,#2160,.F.);
#2160 = EDGE_CURVE('',#2161,#1003,#2163,.T.);
#2161 = VERTEX_POINT('',#2162);
#2162 = CARTESIAN_POINT('',(45.332527989539,21.5,-25.));
#2163 = LINE('',#2164,#2165);
#2164 = CARTESIAN_POINT('',(45.332527989539,21.5,-25.));
#2165 = VECTOR('',#2166,1.);
#2166 = DIRECTION('',(-8.3E-16,0.707106781187,0.707106781187));
#2167 = ORIENTED_EDGE('',*,*,#2168,.T.);
#2168 = EDGE_CURVE('',#2161,#2022,#2169,.T.);
#2169 = LINE('',#2170,#2171);
#2170 = CARTESIAN_POINT('',(45.332527989539,21.5,-25.));
#2171 = VECTOR('',#2172,1.);
#2172 = DIRECTION('',(-1.,-0.,-0.));
#2173 = ORIENTED_EDGE('',*,*,#2021,.T.);
#2174 = ORIENTED_EDGE('',*,*,#1011,.F.);
#2175 = PLANE('',#2176);
#2176 = AXIS2_PLACEMENT_3D('',#2177,#2178,#2179);
#2177 = CARTESIAN_POINT('',(45.332527989539,21.75,-24.75));
#2178 = DIRECTION('',(0.,0.707106781187,-0.707106781187));
#2179 = DIRECTION('',(-1.,0.,-0.));
#2180 = ADVANCED_FACE('',(#2181),#2200,.T.);
#2181 = FACE_BOUND('',#2182,.T.);
#2182 = EDGE_LOOP('',(#2183,#2192,#2193,#2194));
#2183 = ORIENTED_EDGE('',*,*,#2184,.T.);
#2184 = EDGE_CURVE('',#2185,#935,#2187,.T.);
#2185 = VERTEX_POINT('',#2186);
#2186 = CARTESIAN_POINT('',(12.468827043885,21.5,11.));
#2187 = CIRCLE('',#2188,0.5);
#2188 = AXIS2_PLACEMENT_3D('',#2189,#2190,#2191);
#2189 = CARTESIAN_POINT('',(12.468827043885,21.5,11.5));
#2190 = DIRECTION('',(1.,8.E-17,0.));
#2191 = DIRECTION('',(-8.E-17,1.,4.4E-16));
#2192 = ORIENTED_EDGE('',*,*,#934,.T.);
#2193 = ORIENTED_EDGE('',*,*,#2046,.F.);
#2194 = ORIENTED_EDGE('',*,*,#2195,.F.);
#2195 = EDGE_CURVE('',#2185,#2047,#2196,.T.);
#2196 = LINE('',#2197,#2198);
#2197 = CARTESIAN_POINT('',(12.468827043885,21.5,11.));
#2198 = VECTOR('',#2199,1.);
#2199 = DIRECTION('',(1.,2.5E-16,0.));
#2200 = CYLINDRICAL_SURFACE('',#2201,0.5);
#2201 = AXIS2_PLACEMENT_3D('',#2202,#2203,#2204);
#2202 = CARTESIAN_POINT('',(12.468827043885,21.5,11.5));
#2203 = DIRECTION('',(1.,2.5E-16,0.));
#2204 = DIRECTION('',(-1.1E-31,4.4E-16,-1.));
#2205 = ADVANCED_FACE('',(#2206),#2225,.T.);
#2206 = FACE_BOUND('',#2207,.T.);
#2207 = EDGE_LOOP('',(#2208,#2216,#2223,#2224));
#2208 = ORIENTED_EDGE('',*,*,#2209,.F.);
#2209 = EDGE_CURVE('',#2210,#995,#2212,.T.);
#2210 = VERTEX_POINT('',#2211);
#2211 = CARTESIAN_POINT('',(46.670457452784,21.5,-24.48658829249));
#2212 = LINE('',#2213,#2214);
#2213 = CARTESIAN_POINT('',(46.503216269878,21.75,-24.30076475593));
#2214 = VECTOR('',#2215,1.);
#2215 = DIRECTION('',(-0.473029498105,0.707106781187,0.525588331228));
#2216 = ORIENTED_EDGE('',*,*,#2217,.T.);
#2217 = EDGE_CURVE('',#2210,#2161,#2218,.T.);
#2218 = CIRCLE('',#2219,2.);
#2219 = AXIS2_PLACEMENT_3D('',#2220,#2221,#2222);
#2220 = CARTESIAN_POINT('',(45.332527989539,21.5,-23.));
#2221 = DIRECTION('',(0.,1.,4.4E-16));
#2222 = DIRECTION('',(0.668964731622,3.270494243488E-16,-0.743294146247)
  );
#2223 = ORIENTED_EDGE('',*,*,#2160,.T.);
#2224 = ORIENTED_EDGE('',*,*,#1002,.F.);
#2225 = CONICAL_SURFACE('',#2226,2.,0.785398163397);
#2226 = AXIS2_PLACEMENT_3D('',#2227,#2228,#2229);
#2227 = CARTESIAN_POINT('',(45.332527989539,21.5,-23.));
#2228 = DIRECTION('',(0.,-1.,-4.4E-16));
#2229 = DIRECTION('',(0.668964731622,3.270494243488E-16,-0.743294146247)
  );
#2230 = ADVANCED_FACE('',(#2231),#2258,.T.);
#2231 = FACE_BOUND('',#2232,.T.);
#2232 = EDGE_LOOP('',(#2233,#2243,#2250,#2251));
#2233 = ORIENTED_EDGE('',*,*,#2234,.F.);
#2234 = EDGE_CURVE('',#2235,#2237,#2239,.T.);
#2235 = VERTEX_POINT('',#2236);
#2236 = CARTESIAN_POINT('',(-0.255837920097,20.353726863132,15.5));
#2237 = VERTEX_POINT('',#2238);
#2238 = CARTESIAN_POINT('',(-0.255837920097,20.353726863132,11.5));
#2239 = LINE('',#2240,#2241);
#2240 = CARTESIAN_POINT('',(-0.255837920097,20.353726863132,16.));
#2241 = VECTOR('',#2242,1.);
#2242 = DIRECTION('',(0.,6.7E-16,-1.));
#2243 = ORIENTED_EDGE('',*,*,#2244,.T.);
#2244 = EDGE_CURVE('',#2235,#943,#2245,.T.);
#2245 = CIRCLE('',#2246,50.);
#2246 = AXIS2_PLACEMENT_3D('',#2247,#2248,#2249);
#2247 = CARTESIAN_POINT('',(12.468827043885,-28.,15.5));
#2248 = DIRECTION('',(0.,2.5E-16,-1.));
#2249 = DIRECTION('',(-0.25449329928,0.967074537263,2.417686343157E-16)
  );
#2250 = ORIENTED_EDGE('',*,*,#942,.T.);
#2251 = ORIENTED_EDGE('',*,*,#2252,.F.);
#2252 = EDGE_CURVE('',#2237,#935,#2253,.T.);
#2253 = CIRCLE('',#2254,50.);
#2254 = AXIS2_PLACEMENT_3D('',#2255,#2256,#2257);
#2255 = CARTESIAN_POINT('',(12.468827043885,-28.,11.5));
#2256 = DIRECTION('',(0.,4.4E-16,-1.));
#2257 = DIRECTION('',(-0.25449329928,0.967074537263,4.255127963956E-16)
  );
#2258 = CYLINDRICAL_SURFACE('',#2259,50.);
#2259 = AXIS2_PLACEMENT_3D('',#2260,#2261,#2262);
#2260 = CARTESIAN_POINT('',(12.468827043885,-28.,16.));
#2261 = DIRECTION('',(0.,6.7E-16,-1.));
#2262 = DIRECTION('',(-0.25449329928,0.967074537263,6.47939939966E-16));
#2263 = ADVANCED_FACE('',(#2264),#2282,.T.);
#2264 = FACE_BOUND('',#2265,.T.);
#2265 = EDGE_LOOP('',(#2266,#2274,#2280,#2281));
#2266 = ORIENTED_EDGE('',*,*,#2267,.F.);
#2267 = EDGE_CURVE('',#2268,#986,#2270,.T.);
#2268 = VERTEX_POINT('',#2269);
#2269 = CARTESIAN_POINT('',(51.494426953524,21.5,-20.14501574182));
#2270 = LINE('',#2271,#2272);
#2271 = CARTESIAN_POINT('',(51.494426953524,21.5,-20.14501574182));
#2272 = VECTOR('',#2273,1.);
#2273 = DIRECTION('',(-0.473029498105,0.707106781187,0.525588331228));
#2274 = ORIENTED_EDGE('',*,*,#2275,.T.);
#2275 = EDGE_CURVE('',#2268,#2210,#2276,.T.);
#2276 = LINE('',#2277,#2278);
#2277 = CARTESIAN_POINT('',(51.494426953524,21.5,-20.14501574182));
#2278 = VECTOR('',#2279,1.);
#2279 = DIRECTION('',(-0.743294146247,3.E-16,-0.668964731622));
#2280 = ORIENTED_EDGE('',*,*,#2209,.T.);
#2281 = ORIENTED_EDGE('',*,*,#994,.F.);
#2282 = PLANE('',#2283);
#2283 = AXIS2_PLACEMENT_3D('',#2284,#2285,#2286);
#2284 = CARTESIAN_POINT('',(51.327185770618,21.75,-19.95919220526));
#2285 = DIRECTION('',(0.473029498105,0.707106781187,-0.525588331228));
#2286 = DIRECTION('',(-0.743294146247,-5.551115123126E-17,
    -0.668964731622));
#2287 = ADVANCED_FACE('',(#2288),#2306,.T.);
#2288 = FACE_BOUND('',#2289,.T.);
#2289 = EDGE_LOOP('',(#2290,#2298,#2304,#2305));
#2290 = ORIENTED_EDGE('',*,*,#2291,.F.);
#2291 = EDGE_CURVE('',#2292,#943,#2294,.T.);
#2292 = VERTEX_POINT('',#2293);
#2293 = CARTESIAN_POINT('',(12.468827043885,21.5,16.));
#2294 = LINE('',#2295,#2296);
#2295 = CARTESIAN_POINT('',(12.468827043885,22.,15.5));
#2296 = VECTOR('',#2297,1.);
#2297 = DIRECTION('',(-8.E-17,0.707106781187,-0.707106781187));
#2298 = ORIENTED_EDGE('',*,*,#2299,.T.);
#2299 = EDGE_CURVE('',#2292,#1175,#2300,.T.);
#2300 = LINE('',#2301,#2302);
#2301 = CARTESIAN_POINT('',(12.468827043885,21.5,16.));
#2302 = VECTOR('',#2303,1.);
#2303 = DIRECTION('',(1.,0.,0.));
#2304 = ORIENTED_EDGE('',*,*,#1721,.T.);
#2305 = ORIENTED_EDGE('',*,*,#950,.F.);
#2306 = PLANE('',#2307);
#2307 = AXIS2_PLACEMENT_3D('',#2308,#2309,#2310);
#2308 = CARTESIAN_POINT('',(12.468827043885,21.75,15.75));
#2309 = DIRECTION('',(0.,0.707106781187,0.707106781187));
#2310 = DIRECTION('',(1.,0.,-0.));
#2311 = ADVANCED_FACE('',(#2312),#2329,.T.);
#2312 = FACE_BOUND('',#2313,.T.);
#2313 = EDGE_LOOP('',(#2314,#2320,#2327,#2328));
#2314 = ORIENTED_EDGE('',*,*,#2315,.F.);
#2315 = EDGE_CURVE('',#1216,#978,#2316,.T.);
#2316 = LINE('',#2317,#2318);
#2317 = CARTESIAN_POINT('',(51.457262246211,21.75,-17.48773916899));
#2318 = VECTOR('',#2319,1.);
#2319 = DIRECTION('',(-0.525588331228,0.707106781187,-0.473029498105));
#2320 = ORIENTED_EDGE('',*,*,#2321,.T.);
#2321 = EDGE_CURVE('',#1216,#2268,#2322,.T.);
#2322 = CIRCLE('',#2323,2.);
#2323 = AXIS2_PLACEMENT_3D('',#2324,#2325,#2326);
#2324 = CARTESIAN_POINT('',(50.156497490279,21.5,-18.65842744933));
#2325 = DIRECTION('',(-2.465190328816E-32,1.,4.4E-16));
#2326 = DIRECTION('',(0.743294146247,-2.943444819139E-16,0.668964731622)
  );
#2327 = ORIENTED_EDGE('',*,*,#2267,.T.);
#2328 = ORIENTED_EDGE('',*,*,#985,.F.);
#2329 = CONICAL_SURFACE('',#2330,2.,0.785398163397);
#2330 = AXIS2_PLACEMENT_3D('',#2331,#2332,#2333);
#2331 = CARTESIAN_POINT('',(50.156497490279,21.5,-18.65842744933));
#2332 = DIRECTION('',(0.,-1.,-4.4E-16));
#2333 = DIRECTION('',(0.743294146247,-2.943444819139E-16,0.668964731622)
  );
#2334 = ADVANCED_FACE('',(#2335),#2341,.T.);
#2335 = FACE_BOUND('',#2336,.T.);
#2336 = EDGE_LOOP('',(#2337,#2338,#2339,#2340));
#2337 = ORIENTED_EDGE('',*,*,#1282,.F.);
#2338 = ORIENTED_EDGE('',*,*,#1225,.T.);
#2339 = ORIENTED_EDGE('',*,*,#2315,.T.);
#2340 = ORIENTED_EDGE('',*,*,#977,.F.);
#2341 = PLANE('',#2342);
#2342 = AXIS2_PLACEMENT_3D('',#2343,#2344,#2345);
#2343 = CARTESIAN_POINT('',(45.680643169716,21.75,-11.06927352844));
#2344 = DIRECTION('',(0.525588331228,0.707106781187,0.473029498105));
#2345 = DIRECTION('',(0.668964731622,6.106226635438E-16,-0.743294146247)
  );
#2346 = ADVANCED_FACE('',(#2347,#2450,#2461),#2472,.F.);
#2347 = FACE_BOUND('',#2348,.F.);
#2348 = EDGE_LOOP('',(#2349,#2350,#2359,#2367,#2376,#2384,#2393,#2401,
    #2410,#2418,#2427,#2435,#2443));
#2349 = ORIENTED_EDGE('',*,*,#1059,.F.);
#2350 = ORIENTED_EDGE('',*,*,#2351,.F.);
#2351 = EDGE_CURVE('',#2352,#1060,#2354,.T.);
#2352 = VERTEX_POINT('',#2353);
#2353 = CARTESIAN_POINT('',(-14.28285685708,2.5,-16.));
#2354 = HYPERBOLA('',#2355,2.5,2.5);
#2355 = AXIS2_PLACEMENT_3D('',#2356,#2357,#2358);
#2356 = CARTESIAN_POINT('',(7.1E-16,2.5,-1.5));
#2357 = DIRECTION('',(-2.8E-16,-1.,-0.));
#2358 = DIRECTION('',(0.,0.,-1.));
#2359 = ORIENTED_EDGE('',*,*,#2360,.F.);
#2360 = EDGE_CURVE('',#2361,#2352,#2363,.T.);
#2361 = VERTEX_POINT('',#2362);
#2362 = CARTESIAN_POINT('',(-27.,2.5,-16.));
#2363 = LINE('',#2364,#2365);
#2364 = CARTESIAN_POINT('',(-11.1029500855,2.5,-16.));
#2365 = VECTOR('',#2366,1.);
#2366 = DIRECTION('',(1.,-2.8E-16,0.));
#2367 = ORIENTED_EDGE('',*,*,#2368,.F.);
#2368 = EDGE_CURVE('',#2369,#2361,#2371,.T.);
#2369 = VERTEX_POINT('',#2370);
#2370 = CARTESIAN_POINT('',(-32.,2.5,-11.));
#2371 = CIRCLE('',#2372,5.);
#2372 = AXIS2_PLACEMENT_3D('',#2373,#2374,#2375);
#2373 = CARTESIAN_POINT('',(-27.,2.5,-11.));
#2374 = DIRECTION('',(0.,-1.,2.2E-16));
#2375 = DIRECTION('',(-0.,-2.2E-16,-1.));
#2376 = ORIENTED_EDGE('',*,*,#2377,.F.);
#2377 = EDGE_CURVE('',#2378,#2369,#2380,.T.);
#2378 = VERTEX_POINT('',#2379);
#2379 = CARTESIAN_POINT('',(-32.,2.5,9.096117967978));
#2380 = LINE('',#2381,#2382);
#2381 = CARTESIAN_POINT('',(-32.,2.5,16.));
#2382 = VECTOR('',#2383,1.);
#2383 = DIRECTION('',(-0.,-0.,-1.));
#2384 = ORIENTED_EDGE('',*,*,#2385,.F.);
#2385 = EDGE_CURVE('',#2386,#2378,#2388,.T.);
#2386 = VERTEX_POINT('',#2387);
#2387 = CARTESIAN_POINT('',(-28.21267812518,2.5,13.946830468705));
#2388 = CIRCLE('',#2389,5.);
#2389 = AXIS2_PLACEMENT_3D('',#2390,#2391,#2392);
#2390 = CARTESIAN_POINT('',(-27.,2.5,9.096117967978));
#2391 = DIRECTION('',(0.,-1.,2.2E-16));
#2392 = DIRECTION('',(-1.,0.,0.));
#2393 = ORIENTED_EDGE('',*,*,#2394,.F.);
#2394 = EDGE_CURVE('',#2395,#2386,#2397,.T.);
#2395 = VERTEX_POINT('',#2396);
#2396 = CARTESIAN_POINT('',(-20.23885999883,2.5,15.940285000291));
#2397 = LINE('',#2398,#2399);
#2398 = CARTESIAN_POINT('',(-23.35733327519,2.5,15.1606666812));
#2399 = VECTOR('',#2400,1.);
#2400 = DIRECTION('',(-0.970142500145,2.7E-16,-0.242535625036));
#2401 = ORIENTED_EDGE('',*,*,#2402,.F.);
#2402 = EDGE_CURVE('',#2403,#2395,#2405,.T.);
#2403 = VERTEX_POINT('',#2404);
#2404 = CARTESIAN_POINT('',(-19.75378874876,2.5,16.));
#2405 = CIRCLE('',#2406,2.);
#2406 = AXIS2_PLACEMENT_3D('',#2407,#2408,#2409);
#2407 = CARTESIAN_POINT('',(-19.75378874876,2.5,14.));
#2408 = DIRECTION('',(0.,-1.,2.2E-16));
#2409 = DIRECTION('',(-0.242535625036,2.13431350032E-16,0.970142500145)
  );
#2410 = ORIENTED_EDGE('',*,*,#2411,.F.);
#2411 = EDGE_CURVE('',#2412,#2403,#2414,.T.);
#2412 = VERTEX_POINT('',#2413);
#2413 = CARTESIAN_POINT('',(-18.33030277982,2.5,16.));
#2414 = LINE('',#2415,#2416);
#2415 = CARTESIAN_POINT('',(-10.35923435574,2.5,16.));
#2416 = VECTOR('',#2417,1.);
#2417 = DIRECTION('',(-1.,2.8E-16,0.));
#2418 = ORIENTED_EDGE('',*,*,#2419,.T.);
#2419 = EDGE_CURVE('',#2412,#2420,#2422,.T.);
#2420 = VERTEX_POINT('',#2421);
#2421 = CARTESIAN_POINT('',(-17.82554346997,2.5,15.5));
#2422 = HYPERBOLA('',#2423,2.5,2.5);
#2423 = AXIS2_PLACEMENT_3D('',#2424,#2425,#2426);
#2424 = CARTESIAN_POINT('',(7.1E-16,2.5,-2.5));
#2425 = DIRECTION('',(2.8E-16,1.,0.));
#2426 = DIRECTION('',(0.,-0.,1.));
#2427 = ORIENTED_EDGE('',*,*,#2428,.F.);
#2428 = EDGE_CURVE('',#2429,#2420,#2431,.T.);
#2429 = VERTEX_POINT('',#2430);
#2430 = CARTESIAN_POINT('',(-17.82554346997,2.5,13.));
#2431 = LINE('',#2432,#2433);
#2432 = CARTESIAN_POINT('',(-17.82554346997,2.5,16.));
#2433 = VECTOR('',#2434,1.);
#2434 = DIRECTION('',(0.,0.,1.));
#2435 = ORIENTED_EDGE('',*,*,#2436,.T.);
#2436 = EDGE_CURVE('',#2429,#2437,#2439,.T.);
#2437 = VERTEX_POINT('',#2438);
#2438 = CARTESIAN_POINT('',(-14.28285685708,2.5,13.));
#2439 = LINE('',#2440,#2441);
#2440 = CARTESIAN_POINT('',(-11.44374432848,2.5,13.));
#2441 = VECTOR('',#2442,1.);
#2442 = DIRECTION('',(1.,-2.8E-16,0.));
#2443 = ORIENTED_EDGE('',*,*,#2444,.F.);
#2444 = EDGE_CURVE('',#1062,#2437,#2445,.T.);
#2445 = HYPERBOLA('',#2446,2.5,2.5);
#2446 = AXIS2_PLACEMENT_3D('',#2447,#2448,#2449);
#2447 = CARTESIAN_POINT('',(7.1E-16,2.5,-1.5));
#2448 = DIRECTION('',(-2.8E-16,-1.,0.));
#2449 = DIRECTION('',(-0.,0.,1.));
#2450 = FACE_BOUND('',#2451,.F.);
#2451 = EDGE_LOOP('',(#2452));
#2452 = ORIENTED_EDGE('',*,*,#2453,.F.);
#2453 = EDGE_CURVE('',#2454,#2454,#2456,.T.);
#2454 = VERTEX_POINT('',#2455);
#2455 = CARTESIAN_POINT('',(-28.5,2.5,7.));
#2456 = CIRCLE('',#2457,4.);
#2457 = AXIS2_PLACEMENT_3D('',#2458,#2459,#2460);
#2458 = CARTESIAN_POINT('',(-24.5,2.5,7.));
#2459 = DIRECTION('',(0.,1.,-2.2E-16));
#2460 = DIRECTION('',(-1.,0.,0.));
#2461 = FACE_BOUND('',#2462,.F.);
#2462 = EDGE_LOOP('',(#2463));
#2463 = ORIENTED_EDGE('',*,*,#2464,.T.);
#2464 = EDGE_CURVE('',#2465,#2465,#2467,.T.);
#2465 = VERTEX_POINT('',#2466);
#2466 = CARTESIAN_POINT('',(-28.5,2.5,-7.));
#2467 = CIRCLE('',#2468,4.);
#2468 = AXIS2_PLACEMENT_3D('',#2469,#2470,#2471);
#2469 = CARTESIAN_POINT('',(-24.5,2.5,-7.));
#2470 = DIRECTION('',(0.,-1.,3.4E-16));
#2471 = DIRECTION('',(-1.,0.,0.));
#2472 = PLANE('',#2473);
#2473 = AXIS2_PLACEMENT_3D('',#2474,#2475,#2476);
#2474 = CARTESIAN_POINT('',(-22.88748865697,2.5,16.));
#2475 = DIRECTION('',(2.8E-16,1.,0.));
#2476 = DIRECTION('',(1.,-2.8E-16,0.));
#2477 = ADVANCED_FACE('',(#2478),#2498,.F.);
#2478 = FACE_BOUND('',#2479,.F.);
#2479 = EDGE_LOOP('',(#2480,#2489,#2496,#2497));
#2480 = ORIENTED_EDGE('',*,*,#2481,.F.);
#2481 = EDGE_CURVE('',#2482,#1079,#2484,.T.);
#2482 = VERTEX_POINT('',#2483);
#2483 = CARTESIAN_POINT('',(-14.28285685708,-2.5,-16.));
#2484 = HYPERBOLA('',#2485,2.5,2.5);
#2485 = AXIS2_PLACEMENT_3D('',#2486,#2487,#2488);
#2486 = CARTESIAN_POINT('',(0.,-2.5,-1.5));
#2487 = DIRECTION('',(0.,-1.,-0.));
#2488 = DIRECTION('',(0.,0.,-1.));
#2489 = ORIENTED_EDGE('',*,*,#2490,.T.);
#2490 = EDGE_CURVE('',#2482,#2352,#2491,.T.);
#2491 = CIRCLE('',#2492,14.5);
#2492 = AXIS2_PLACEMENT_3D('',#2493,#2494,#2495);
#2493 = CARTESIAN_POINT('',(0.,-3.93E-15,-16.));
#2494 = DIRECTION('',(-0.,0.,1.));
#2495 = DIRECTION('',(-0.983926950997,-0.178571428571,-0.));
#2496 = ORIENTED_EDGE('',*,*,#2351,.T.);
#2497 = ORIENTED_EDGE('',*,*,#1086,.F.);
#2498 = CONICAL_SURFACE('',#2499,14.,0.785398163397);
#2499 = AXIS2_PLACEMENT_3D('',#2500,#2501,#2502);
#2500 = CARTESIAN_POINT('',(0.,-3.93E-15,-15.5));
#2501 = DIRECTION('',(0.,0.,-1.));
#2502 = DIRECTION('',(-0.983926950997,-0.178571428571,-0.));
#2503 = ADVANCED_FACE('',(#2504),#2524,.F.);
#2504 = FACE_BOUND('',#2505,.F.);
#2505 = EDGE_LOOP('',(#2506,#2515,#2516,#2517));
#2506 = ORIENTED_EDGE('',*,*,#2507,.F.);
#2507 = EDGE_CURVE('',#1070,#2508,#2510,.T.);
#2508 = VERTEX_POINT('',#2509);
#2509 = CARTESIAN_POINT('',(-14.28285685708,-2.5,13.));
#2510 = HYPERBOLA('',#2511,2.5,2.5);
#2511 = AXIS2_PLACEMENT_3D('',#2512,#2513,#2514);
#2512 = CARTESIAN_POINT('',(0.,-2.5,-1.5));
#2513 = DIRECTION('',(-0.,-1.,0.));
#2514 = DIRECTION('',(0.,-0.,1.));
#2515 = ORIENTED_EDGE('',*,*,#1069,.T.);
#2516 = ORIENTED_EDGE('',*,*,#2444,.T.);
#2517 = ORIENTED_EDGE('',*,*,#2518,.F.);
#2518 = EDGE_CURVE('',#2508,#2437,#2519,.T.);
#2519 = CIRCLE('',#2520,14.5);
#2520 = AXIS2_PLACEMENT_3D('',#2521,#2522,#2523);
#2521 = CARTESIAN_POINT('',(0.,-3.93E-15,13.));
#2522 = DIRECTION('',(0.,0.,1.));
#2523 = DIRECTION('',(-0.983926950997,-0.178571428571,0.));
#2524 = CONICAL_SURFACE('',#2525,14.,0.785398163397);
#2525 = AXIS2_PLACEMENT_3D('',#2526,#2527,#2528);
#2526 = CARTESIAN_POINT('',(0.,-3.93E-15,12.5));
#2527 = DIRECTION('',(0.,0.,1.));
#2528 = DIRECTION('',(-0.983926950997,-0.178571428571,0.));
#2529 = ADVANCED_FACE('',(#2530,#2617,#2628),#2639,.F.);
#2530 = FACE_BOUND('',#2531,.F.);
#2531 = EDGE_LOOP('',(#2532,#2542,#2551,#2559,#2568,#2576,#2585,#2591,
    #2592,#2593,#2594,#2602,#2610));
#2532 = ORIENTED_EDGE('',*,*,#2533,.F.);
#2533 = EDGE_CURVE('',#2534,#2536,#2538,.T.);
#2534 = VERTEX_POINT('',#2535);
#2535 = CARTESIAN_POINT('',(-19.75378874876,-2.5,16.));
#2536 = VERTEX_POINT('',#2537);
#2537 = CARTESIAN_POINT('',(-18.33030277982,-2.5,16.));
#2538 = LINE('',#2539,#2540);
#2539 = CARTESIAN_POINT('',(-10.35923435574,-2.5,16.));
#2540 = VECTOR('',#2541,1.);
#2541 = DIRECTION('',(1.,0.,0.));
#2542 = ORIENTED_EDGE('',*,*,#2543,.T.);
#2543 = EDGE_CURVE('',#2534,#2544,#2546,.T.);
#2544 = VERTEX_POINT('',#2545);
#2545 = CARTESIAN_POINT('',(-20.23885999883,-2.5,15.940285000291));
#2546 = CIRCLE('',#2547,2.);
#2547 = AXIS2_PLACEMENT_3D('',#2548,#2549,#2550);
#2548 = CARTESIAN_POINT('',(-19.75378874876,-2.5,14.));
#2549 = DIRECTION('',(0.,-1.,2.2E-16));
#2550 = DIRECTION('',(-0.242535625036,2.13431350032E-16,0.970142500145)
  );
#2551 = ORIENTED_EDGE('',*,*,#2552,.F.);
#2552 = EDGE_CURVE('',#2553,#2544,#2555,.T.);
#2553 = VERTEX_POINT('',#2554);
#2554 = CARTESIAN_POINT('',(-28.21267812518,-2.5,13.946830468705));
#2555 = LINE('',#2556,#2557);
#2556 = CARTESIAN_POINT('',(-23.35733327519,-2.5,15.1606666812));
#2557 = VECTOR('',#2558,1.);
#2558 = DIRECTION('',(0.970142500145,0.,0.242535625036));
#2559 = ORIENTED_EDGE('',*,*,#2560,.T.);
#2560 = EDGE_CURVE('',#2553,#2561,#2563,.T.);
#2561 = VERTEX_POINT('',#2562);
#2562 = CARTESIAN_POINT('',(-32.,-2.5,9.096117967978));
#2563 = CIRCLE('',#2564,5.);
#2564 = AXIS2_PLACEMENT_3D('',#2565,#2566,#2567);
#2565 = CARTESIAN_POINT('',(-27.,-2.5,9.096117967978));
#2566 = DIRECTION('',(0.,-1.,2.2E-16));
#2567 = DIRECTION('',(-1.,0.,0.));
#2568 = ORIENTED_EDGE('',*,*,#2569,.F.);
#2569 = EDGE_CURVE('',#2570,#2561,#2572,.T.);
#2570 = VERTEX_POINT('',#2571);
#2571 = CARTESIAN_POINT('',(-32.,-2.5,-11.));
#2572 = LINE('',#2573,#2574);
#2573 = CARTESIAN_POINT('',(-32.,-2.5,16.));
#2574 = VECTOR('',#2575,1.);
#2575 = DIRECTION('',(0.,0.,1.));
#2576 = ORIENTED_EDGE('',*,*,#2577,.T.);
#2577 = EDGE_CURVE('',#2570,#2578,#2580,.T.);
#2578 = VERTEX_POINT('',#2579);
#2579 = CARTESIAN_POINT('',(-27.,-2.5,-16.));
#2580 = CIRCLE('',#2581,5.);
#2581 = AXIS2_PLACEMENT_3D('',#2582,#2583,#2584);
#2582 = CARTESIAN_POINT('',(-27.,-2.5,-11.));
#2583 = DIRECTION('',(0.,-1.,2.2E-16));
#2584 = DIRECTION('',(-0.,-2.2E-16,-1.));
#2585 = ORIENTED_EDGE('',*,*,#2586,.F.);
#2586 = EDGE_CURVE('',#2482,#2578,#2587,.T.);
#2587 = LINE('',#2588,#2589);
#2588 = CARTESIAN_POINT('',(-11.1029500855,-2.5,-16.));
#2589 = VECTOR('',#2590,1.);
#2590 = DIRECTION('',(-1.,0.,0.));
#2591 = ORIENTED_EDGE('',*,*,#2481,.T.);
#2592 = ORIENTED_EDGE('',*,*,#1078,.F.);
#2593 = ORIENTED_EDGE('',*,*,#2507,.T.);
#2594 = ORIENTED_EDGE('',*,*,#2595,.T.);
#2595 = EDGE_CURVE('',#2508,#2596,#2598,.T.);
#2596 = VERTEX_POINT('',#2597);
#2597 = CARTESIAN_POINT('',(-17.82554346997,-2.5,13.));
#2598 = LINE('',#2599,#2600);
#2599 = CARTESIAN_POINT('',(-11.44374432848,-2.5,13.));
#2600 = VECTOR('',#2601,1.);
#2601 = DIRECTION('',(-1.,0.,0.));
#2602 = ORIENTED_EDGE('',*,*,#2603,.T.);
#2603 = EDGE_CURVE('',#2596,#2604,#2606,.T.);
#2604 = VERTEX_POINT('',#2605);
#2605 = CARTESIAN_POINT('',(-17.82554346997,-2.5,15.5));
#2606 = LINE('',#2607,#2608);
#2607 = CARTESIAN_POINT('',(-17.82554346997,-2.5,16.));
#2608 = VECTOR('',#2609,1.);
#2609 = DIRECTION('',(0.,0.,1.));
#2610 = ORIENTED_EDGE('',*,*,#2611,.F.);
#2611 = EDGE_CURVE('',#2536,#2604,#2612,.T.);
#2612 = HYPERBOLA('',#2613,2.5,2.5);
#2613 = AXIS2_PLACEMENT_3D('',#2614,#2615,#2616);
#2614 = CARTESIAN_POINT('',(0.,-2.5,-2.5));
#2615 = DIRECTION('',(0.,1.,0.));
#2616 = DIRECTION('',(0.,-0.,1.));
#2617 = FACE_BOUND('',#2618,.F.);
#2618 = EDGE_LOOP('',(#2619));
#2619 = ORIENTED_EDGE('',*,*,#2620,.T.);
#2620 = EDGE_CURVE('',#2621,#2621,#2623,.T.);
#2621 = VERTEX_POINT('',#2622);
#2622 = CARTESIAN_POINT('',(-28.5,-2.5,7.));
#2623 = CIRCLE('',#2624,4.);
#2624 = AXIS2_PLACEMENT_3D('',#2625,#2626,#2627);
#2625 = CARTESIAN_POINT('',(-24.5,-2.5,7.));
#2626 = DIRECTION('',(0.,1.,-2.2E-16));
#2627 = DIRECTION('',(-1.,0.,0.));
#2628 = FACE_BOUND('',#2629,.F.);
#2629 = EDGE_LOOP('',(#2630));
#2630 = ORIENTED_EDGE('',*,*,#2631,.F.);
#2631 = EDGE_CURVE('',#2632,#2632,#2634,.T.);
#2632 = VERTEX_POINT('',#2633);
#2633 = CARTESIAN_POINT('',(-28.5,-2.5,-7.));
#2634 = CIRCLE('',#2635,4.);
#2635 = AXIS2_PLACEMENT_3D('',#2636,#2637,#2638);
#2636 = CARTESIAN_POINT('',(-24.5,-2.5,-7.));
#2637 = DIRECTION('',(0.,-1.,3.4E-16));
#2638 = DIRECTION('',(-1.,0.,0.));
#2639 = PLANE('',#2640);
#2640 = AXIS2_PLACEMENT_3D('',#2641,#2642,#2643);
#2641 = CARTESIAN_POINT('',(-22.88748865697,-2.5,16.));
#2642 = DIRECTION('',(-0.,-1.,-0.));
#2643 = DIRECTION('',(0.,0.,-1.));
#2644 = ADVANCED_FACE('',(#2645),#2656,.T.);
#2645 = FACE_BOUND('',#2646,.F.);
#2646 = EDGE_LOOP('',(#2647,#2653,#2654,#2655));
#2647 = ORIENTED_EDGE('',*,*,#2648,.F.);
#2648 = EDGE_CURVE('',#1166,#1621,#2649,.T.);
#2649 = LINE('',#2650,#2651);
#2650 = CARTESIAN_POINT('',(20.763912785878,-21.75,15.75));
#2651 = VECTOR('',#2652,1.);
#2652 = DIRECTION('',(0.,-0.707106781187,-0.707106781187));
#2653 = ORIENTED_EDGE('',*,*,#1165,.T.);
#2654 = ORIENTED_EDGE('',*,*,#1106,.T.);
#2655 = ORIENTED_EDGE('',*,*,#1628,.F.);
#2656 = CONICAL_SURFACE('',#2657,2.,0.785398163397);
#2657 = AXIS2_PLACEMENT_3D('',#2658,#2659,#2660);
#2658 = CARTESIAN_POINT('',(20.763912785878,-21.5,14.));
#2659 = DIRECTION('',(0.,1.,0.));
#2660 = DIRECTION('',(0.,-0.,1.));
#2661 = ADVANCED_FACE('',(#2662),#2674,.F.);
#2662 = FACE_BOUND('',#2663,.T.);
#2663 = EDGE_LOOP('',(#2664,#2665,#2673));
#2664 = ORIENTED_EDGE('',*,*,#1146,.T.);
#2665 = ORIENTED_EDGE('',*,*,#2666,.T.);
#2666 = EDGE_CURVE('',#1139,#2667,#2669,.T.);
#2667 = VERTEX_POINT('',#2668);
#2668 = CARTESIAN_POINT('',(13.062853754854,-14.,-3.628320764085));
#2669 = LINE('',#2670,#2671);
#2670 = CARTESIAN_POINT('',(17.525177404678,-14.,-4.993679098073));
#2671 = VECTOR('',#2672,1.);
#2672 = DIRECTION('',(-0.956239479445,3.E-17,0.292585129409));
#2673 = ORIENTED_EDGE('',*,*,#2666,.F.);
#2674 = CONICAL_SURFACE('',#2675,4.,1.029744258677);
#2675 = AXIS2_PLACEMENT_3D('',#2676,#2677,#2678);
#2676 = CARTESIAN_POINT('',(14.849318478188,-14.,-2.020502513084));
#2677 = DIRECTION('',(0.743294146247,-6.E-17,0.668964731622));
#2678 = DIRECTION('',(0.668964731622,0.,-0.743294146247));
#2679 = ADVANCED_FACE('',(#2680),#2756,.T.);
#2680 = FACE_BOUND('',#2681,.T.);
#2681 = EDGE_LOOP('',(#2682,#2690,#2698,#2707,#2713,#2714,#2715,#2724,
    #2732,#2738,#2739,#2748,#2755));
#2682 = ORIENTED_EDGE('',*,*,#2683,.F.);
#2683 = EDGE_CURVE('',#2684,#2534,#2686,.T.);
#2684 = VERTEX_POINT('',#2685);
#2685 = CARTESIAN_POINT('',(-19.75378874876,-14.70566394231,16.));
#2686 = LINE('',#2687,#2688);
#2687 = CARTESIAN_POINT('',(-19.75378874876,-1.066E-14,16.));
#2688 = VECTOR('',#2689,1.);
#2689 = DIRECTION('',(0.,1.,6.7E-16));
#2690 = ORIENTED_EDGE('',*,*,#2691,.T.);
#2691 = EDGE_CURVE('',#2684,#2692,#2694,.T.);
#2692 = VERTEX_POINT('',#2693);
#2693 = CARTESIAN_POINT('',(-0.128591270457,-19.8701895945,16.));
#2694 = LINE('',#2695,#2696);
#2695 = CARTESIAN_POINT('',(-19.62654209912,-14.73914990274,16.));
#2696 = VECTOR('',#2697,1.);
#2697 = DIRECTION('',(0.967074537263,-0.25449329928,6.E-17));
#2698 = ORIENTED_EDGE('',*,*,#2699,.T.);
#2699 = EDGE_CURVE('',#2692,#2700,#2702,.T.);
#2700 = VERTEX_POINT('',#2701);
#2701 = CARTESIAN_POINT('',(12.468827043885,-21.5,16.));
#2702 = CIRCLE('',#2703,49.5);
#2703 = AXIS2_PLACEMENT_3D('',#2704,#2705,#2706);
#2704 = CARTESIAN_POINT('',(12.468827043885,28.,16.));
#2705 = DIRECTION('',(0.,-2.5E-16,1.));
#2706 = DIRECTION('',(-0.25449329928,-0.967074537263,-2.417686343157E-16
    ));
#2707 = ORIENTED_EDGE('',*,*,#2708,.T.);
#2708 = EDGE_CURVE('',#2700,#1166,#2709,.T.);
#2709 = LINE('',#2710,#2711);
#2710 = CARTESIAN_POINT('',(12.468827043885,-21.5,16.));
#2711 = VECTOR('',#2712,1.);
#2712 = DIRECTION('',(1.,0.,0.));
#2713 = ORIENTED_EDGE('',*,*,#1174,.F.);
#2714 = ORIENTED_EDGE('',*,*,#2299,.F.);
#2715 = ORIENTED_EDGE('',*,*,#2716,.F.);
#2716 = EDGE_CURVE('',#2717,#2292,#2719,.T.);
#2717 = VERTEX_POINT('',#2718);
#2718 = CARTESIAN_POINT('',(-0.128591270457,19.870189594501,16.));
#2719 = CIRCLE('',#2720,49.5);
#2720 = AXIS2_PLACEMENT_3D('',#2721,#2722,#2723);
#2721 = CARTESIAN_POINT('',(12.468827043885,-28.,16.));
#2722 = DIRECTION('',(0.,2.5E-16,-1.));
#2723 = DIRECTION('',(-0.25449329928,0.967074537263,2.417686343157E-16)
  );
#2724 = ORIENTED_EDGE('',*,*,#2725,.F.);
#2725 = EDGE_CURVE('',#2726,#2717,#2728,.T.);
#2726 = VERTEX_POINT('',#2727);
#2727 = CARTESIAN_POINT('',(-19.75378874876,14.705663942315,16.));
#2728 = LINE('',#2729,#2730);
#2729 = CARTESIAN_POINT('',(-19.62654209912,14.739149902746,16.));
#2730 = VECTOR('',#2731,1.);
#2731 = DIRECTION('',(0.967074537263,0.25449329928,1.7E-16));
#2732 = ORIENTED_EDGE('',*,*,#2733,.F.);
#2733 = EDGE_CURVE('',#2403,#2726,#2734,.T.);
#2734 = LINE('',#2735,#2736);
#2735 = CARTESIAN_POINT('',(-19.75378874876,-1.066E-14,16.));
#2736 = VECTOR('',#2737,1.);
#2737 = DIRECTION('',(0.,1.,6.7E-16));
#2738 = ORIENTED_EDGE('',*,*,#2411,.F.);
#2739 = ORIENTED_EDGE('',*,*,#2740,.F.);
#2740 = EDGE_CURVE('',#2741,#2412,#2743,.T.);
#2741 = VERTEX_POINT('',#2742);
#2742 = CARTESIAN_POINT('',(18.5,-7.E-15,16.));
#2743 = CIRCLE('',#2744,18.5);
#2744 = AXIS2_PLACEMENT_3D('',#2745,#2746,#2747);
#2745 = CARTESIAN_POINT('',(0.,-3.93E-15,16.));
#2746 = DIRECTION('',(0.,-2.5E-16,1.));
#2747 = DIRECTION('',(1.,0.,0.));
#2748 = ORIENTED_EDGE('',*,*,#2749,.F.);
#2749 = EDGE_CURVE('',#2536,#2741,#2750,.T.);
#2750 = CIRCLE('',#2751,18.5);
#2751 = AXIS2_PLACEMENT_3D('',#2752,#2753,#2754);
#2752 = CARTESIAN_POINT('',(0.,-3.93E-15,16.));
#2753 = DIRECTION('',(6.162975822039E-33,-2.5E-16,1.));
#2754 = DIRECTION('',(-0.990307970554,-0.138888888889,
    -3.472222222223E-17));
#2755 = ORIENTED_EDGE('',*,*,#2533,.F.);
#2756 = PLANE('',#2757);
#2757 = AXIS2_PLACEMENT_3D('',#2758,#2759,#2760);
#2758 = CARTESIAN_POINT('',(2.169019945482,-1.81E-15,16.));
#2759 = DIRECTION('',(0.,-2.5E-16,1.));
#2760 = DIRECTION('',(0.,1.,2.5E-16));
#2761 = ADVANCED_FACE('',(#2762),#2781,.T.);
#2762 = FACE_BOUND('',#2763,.T.);
#2763 = EDGE_LOOP('',(#2764,#2765,#2774,#2780));
#2764 = ORIENTED_EDGE('',*,*,#1215,.T.);
#2765 = ORIENTED_EDGE('',*,*,#2766,.T.);
#2766 = EDGE_CURVE('',#1218,#2767,#2769,.T.);
#2767 = VERTEX_POINT('',#2768);
#2768 = CARTESIAN_POINT('',(51.494426953524,-21.5,-20.14501574182));
#2769 = CIRCLE('',#2770,2.);
#2770 = AXIS2_PLACEMENT_3D('',#2771,#2772,#2773);
#2771 = CARTESIAN_POINT('',(50.156497490279,-21.5,-18.65842744933));
#2772 = DIRECTION('',(0.,1.,0.));
#2773 = DIRECTION('',(0.743294146247,-0.,0.668964731622));
#2774 = ORIENTED_EDGE('',*,*,#2775,.T.);
#2775 = EDGE_CURVE('',#2767,#2268,#2776,.T.);
#2776 = LINE('',#2777,#2778);
#2777 = CARTESIAN_POINT('',(51.494426953524,1.342E-14,-20.14501574182));
#2778 = VECTOR('',#2779,1.);
#2779 = DIRECTION('',(0.,1.,6.7E-16));
#2780 = ORIENTED_EDGE('',*,*,#2321,.F.);
#2781 = CYLINDRICAL_SURFACE('',#2782,2.);
#2782 = AXIS2_PLACEMENT_3D('',#2783,#2784,#2785);
#2783 = CARTESIAN_POINT('',(50.156497490279,-4.14E-15,-18.65842744933));
#2784 = DIRECTION('',(0.,-1.,2.2E-16));
#2785 = DIRECTION('',(0.668964731622,-1.635247121744E-16,-0.743294146247
    ));
#2786 = ADVANCED_FACE('',(#2787),#2798,.F.);
#2787 = FACE_BOUND('',#2788,.F.);
#2788 = EDGE_LOOP('',(#2789,#2790,#2791,#2797));
#2789 = ORIENTED_EDGE('',*,*,#1389,.F.);
#2790 = ORIENTED_EDGE('',*,*,#1266,.T.);
#2791 = ORIENTED_EDGE('',*,*,#2792,.T.);
#2792 = EDGE_CURVE('',#1218,#1640,#2793,.T.);
#2793 = LINE('',#2794,#2795);
#2794 = CARTESIAN_POINT('',(51.457262246211,-21.75,-17.48773916899));
#2795 = VECTOR('',#2796,1.);
#2796 = DIRECTION('',(-0.525588331228,-0.707106781187,-0.473029498105));
#2797 = ORIENTED_EDGE('',*,*,#1639,.F.);
#2798 = PLANE('',#2799);
#2799 = AXIS2_PLACEMENT_3D('',#2800,#2801,#2802);
#2800 = CARTESIAN_POINT('',(45.680643169716,-21.75,-11.06927352844));
#2801 = DIRECTION('',(-0.525588331228,0.707106781187,-0.473029498105));
#2802 = DIRECTION('',(0.668964731622,-4.163336342344E-16,-0.743294146247
    ));
#2803 = ADVANCED_FACE('',(#2804),#2845,.T.);
#2804 = FACE_BOUND('',#2805,.T.);
#2805 = EDGE_LOOP('',(#2806,#2814,#2815,#2816,#2822,#2823,#2824,#2830,
    #2831,#2839));
#2806 = ORIENTED_EDGE('',*,*,#2807,.F.);
#2807 = EDGE_CURVE('',#1422,#2808,#2810,.T.);
#2808 = VERTEX_POINT('',#2809);
#2809 = CARTESIAN_POINT('',(36.990724809415,-21.5,-25.));
#2810 = LINE('',#2811,#2812);
#2811 = CARTESIAN_POINT('',(36.990724809415,-5.55E-15,-25.));
#2812 = VECTOR('',#2813,1.);
#2813 = DIRECTION('',(0.,-1.,2.2E-16));
#2814 = ORIENTED_EDGE('',*,*,#1421,.T.);
#2815 = ORIENTED_EDGE('',*,*,#1484,.T.);
#2816 = ORIENTED_EDGE('',*,*,#2817,.F.);
#2817 = EDGE_CURVE('',#1348,#1463,#2818,.T.);
#2818 = LINE('',#2819,#2820);
#2819 = CARTESIAN_POINT('',(36.990724809415,-5.55E-15,-25.));
#2820 = VECTOR('',#2821,1.);
#2821 = DIRECTION('',(0.,-1.,2.2E-16));
#2822 = ORIENTED_EDGE('',*,*,#1369,.F.);
#2823 = ORIENTED_EDGE('',*,*,#1306,.F.);
#2824 = ORIENTED_EDGE('',*,*,#2825,.T.);
#2825 = EDGE_CURVE('',#1307,#2022,#2826,.T.);
#2826 = LINE('',#2827,#2828);
#2827 = CARTESIAN_POINT('',(36.990724809415,1.665E-14,-25.));
#2828 = VECTOR('',#2829,1.);
#2829 = DIRECTION('',(0.,1.,6.7E-16));
#2830 = ORIENTED_EDGE('',*,*,#2168,.F.);
#2831 = ORIENTED_EDGE('',*,*,#2832,.F.);
#2832 = EDGE_CURVE('',#2833,#2161,#2835,.T.);
#2833 = VERTEX_POINT('',#2834);
#2834 = CARTESIAN_POINT('',(45.332527989539,-21.5,-25.));
#2835 = LINE('',#2836,#2837);
#2836 = CARTESIAN_POINT('',(45.332527989539,1.665E-14,-25.));
#2837 = VECTOR('',#2838,1.);
#2838 = DIRECTION('',(0.,1.,6.7E-16));
#2839 = ORIENTED_EDGE('',*,*,#2840,.T.);
#2840 = EDGE_CURVE('',#2833,#2808,#2841,.T.);
#2841 = LINE('',#2842,#2843);
#2842 = CARTESIAN_POINT('',(45.332527989539,-21.5,-25.));
#2843 = VECTOR('',#2844,1.);
#2844 = DIRECTION('',(-1.,-0.,-0.));
#2845 = PLANE('',#2846);
#2846 = AXIS2_PLACEMENT_3D('',#2847,#2848,#2849);
#2847 = CARTESIAN_POINT('',(41.406837982994,4.2E-15,-25.));
#2848 = DIRECTION('',(0.,2.4E-16,-1.));
#2849 = DIRECTION('',(0.,-1.,-2.4E-16));
#2850 = ADVANCED_FACE('',(#2851),#2862,.T.);
#2851 = FACE_BOUND('',#2852,.T.);
#2852 = EDGE_LOOP('',(#2853,#2854,#2855,#2861));
#2853 = ORIENTED_EDGE('',*,*,#2817,.T.);
#2854 = ORIENTED_EDGE('',*,*,#1462,.T.);
#2855 = ORIENTED_EDGE('',*,*,#2856,.T.);
#2856 = EDGE_CURVE('',#1454,#1339,#2857,.T.);
#2857 = LINE('',#2858,#2859);
#2858 = CARTESIAN_POINT('',(35.50413651692,1.621E-14,-24.33792946324));
#2859 = VECTOR('',#2860,1.);
#2860 = DIRECTION('',(0.,1.,6.7E-16));
#2861 = ORIENTED_EDGE('',*,*,#1347,.F.);
#2862 = CYLINDRICAL_SURFACE('',#2863,2.);
#2863 = AXIS2_PLACEMENT_3D('',#2864,#2865,#2866);
#2864 = CARTESIAN_POINT('',(36.990724809415,-5.11E-15,-23.));
#2865 = DIRECTION('',(0.,-1.,2.2E-16));
#2866 = DIRECTION('',(-0.743294146247,-1.471722409569E-16,
    -0.668964731622));
#2867 = ADVANCED_FACE('',(#2868),#2902,.T.);
#2868 = FACE_BOUND('',#2869,.T.);
#2869 = EDGE_LOOP('',(#2870,#2878,#2879,#2885,#2886,#2887,#2888,#2896));
#2870 = ORIENTED_EDGE('',*,*,#2871,.F.);
#2871 = EDGE_CURVE('',#1835,#2872,#2874,.T.);
#2872 = VERTEX_POINT('',#2873);
#2873 = CARTESIAN_POINT('',(30.979317415398,-21.5,-19.31035268377));
#2874 = LINE('',#2875,#2876);
#2875 = CARTESIAN_POINT('',(30.979317415398,-4.29E-15,-19.31035268377));
#2876 = VECTOR('',#2877,1.);
#2877 = DIRECTION('',(0.,-1.,2.2E-16));
#2878 = ORIENTED_EDGE('',*,*,#1981,.F.);
#2879 = ORIENTED_EDGE('',*,*,#2880,.F.);
#2880 = EDGE_CURVE('',#1316,#1974,#2881,.T.);
#2881 = LINE('',#2882,#2883);
#2882 = CARTESIAN_POINT('',(35.50413651692,1.621E-14,-24.33792946324));
#2883 = VECTOR('',#2884,1.);
#2884 = DIRECTION('',(0.,1.,6.7E-16));
#2885 = ORIENTED_EDGE('',*,*,#1338,.T.);
#2886 = ORIENTED_EDGE('',*,*,#2856,.F.);
#2887 = ORIENTED_EDGE('',*,*,#1453,.F.);
#2888 = ORIENTED_EDGE('',*,*,#2889,.T.);
#2889 = EDGE_CURVE('',#1431,#2890,#2892,.T.);
#2890 = VERTEX_POINT('',#2891);
#2891 = CARTESIAN_POINT('',(35.50413651692,-21.5,-24.33792946324));
#2892 = LINE('',#2893,#2894);
#2893 = CARTESIAN_POINT('',(35.50413651692,-5.4E-15,-24.33792946324));
#2894 = VECTOR('',#2895,1.);
#2895 = DIRECTION('',(0.,-1.,2.2E-16));
#2896 = ORIENTED_EDGE('',*,*,#2897,.T.);
#2897 = EDGE_CURVE('',#2890,#2872,#2898,.T.);
#2898 = LINE('',#2899,#2900);
#2899 = CARTESIAN_POINT('',(35.50413651692,-21.5,-24.33792946324));
#2900 = VECTOR('',#2901,1.);
#2901 = DIRECTION('',(-0.668964731622,0.,0.743294146247));
#2902 = PLANE('',#2903);
#2903 = AXIS2_PLACEMENT_3D('',#2904,#2905,#2906);
#2904 = CARTESIAN_POINT('',(33.100442630485,5.81E-15,-21.66715847831));
#2905 = DIRECTION('',(-0.743294146247,1.5E-16,-0.668964731622));
#2906 = DIRECTION('',(0.668964731622,-1.232595164408E-32,-0.743294146247
    ));
#2907 = ADVANCED_FACE('',(#2908),#2914,.T.);
#2908 = FACE_BOUND('',#2909,.F.);
#2909 = EDGE_LOOP('',(#2910,#2911,#2912,#2913));
#2910 = ORIENTED_EDGE('',*,*,#2880,.F.);
#2911 = ORIENTED_EDGE('',*,*,#1315,.T.);
#2912 = ORIENTED_EDGE('',*,*,#2825,.T.);
#2913 = ORIENTED_EDGE('',*,*,#2029,.T.);
#2914 = CYLINDRICAL_SURFACE('',#2915,2.);
#2915 = AXIS2_PLACEMENT_3D('',#2916,#2917,#2918);
#2916 = CARTESIAN_POINT('',(36.990724809415,1.532E-14,-23.));
#2917 = DIRECTION('',(0.,1.,6.7E-16));
#2918 = DIRECTION('',(-0.743294146247,4.48206370187E-16,-0.668964731622)
  );
#2919 = ADVANCED_FACE('',(#2920),#2932,.T.);
#2920 = FACE_BOUND('',#2921,.T.);
#2921 = EDGE_LOOP('',(#2922,#2923,#2924,#2925));
#2922 = ORIENTED_EDGE('',*,*,#2889,.F.);
#2923 = ORIENTED_EDGE('',*,*,#1430,.T.);
#2924 = ORIENTED_EDGE('',*,*,#2807,.T.);
#2925 = ORIENTED_EDGE('',*,*,#2926,.T.);
#2926 = EDGE_CURVE('',#2808,#2890,#2927,.T.);
#2927 = CIRCLE('',#2928,2.);
#2928 = AXIS2_PLACEMENT_3D('',#2929,#2930,#2931);
#2929 = CARTESIAN_POINT('',(36.990724809415,-21.5,-23.));
#2930 = DIRECTION('',(0.,1.,0.));
#2931 = DIRECTION('',(-3.55E-15,0.,-1.));
#2932 = CYLINDRICAL_SURFACE('',#2933,2.);
#2933 = AXIS2_PLACEMENT_3D('',#2934,#2935,#2936);
#2934 = CARTESIAN_POINT('',(36.990724809415,-5.11E-15,-23.));
#2935 = DIRECTION('',(0.,-1.,2.2E-16));
#2936 = DIRECTION('',(-0.743294146247,-1.471722409569E-16,
    -0.668964731622));
#2937 = ADVANCED_FACE('',(#2938),#2965,.T.);
#2938 = FACE_BOUND('',#2939,.F.);
#2939 = EDGE_LOOP('',(#2940,#2950,#2957,#2958));
#2940 = ORIENTED_EDGE('',*,*,#2941,.F.);
#2941 = EDGE_CURVE('',#2942,#2944,#2946,.T.);
#2942 = VERTEX_POINT('',#2943);
#2943 = CARTESIAN_POINT('',(-0.255837920097,-20.35372686313,-11.5));
#2944 = VERTEX_POINT('',#2945);
#2945 = CARTESIAN_POINT('',(-0.255837920097,-20.35372686313,-15.5));
#2946 = LINE('',#2947,#2948);
#2947 = CARTESIAN_POINT('',(-0.255837920097,-20.35372686313,-11.));
#2948 = VECTOR('',#2949,1.);
#2949 = DIRECTION('',(0.,-2.2E-16,-1.));
#2950 = ORIENTED_EDGE('',*,*,#2951,.F.);
#2951 = EDGE_CURVE('',#1521,#2942,#2952,.T.);
#2952 = CIRCLE('',#2953,50.);
#2953 = AXIS2_PLACEMENT_3D('',#2954,#2955,#2956);
#2954 = CARTESIAN_POINT('',(12.468827043885,28.,-11.5));
#2955 = DIRECTION('',(0.,-2.2E-16,-1.));
#2956 = DIRECTION('',(-1.1E-16,-1.,2.2E-16));
#2957 = ORIENTED_EDGE('',*,*,#1520,.T.);
#2958 = ORIENTED_EDGE('',*,*,#2959,.T.);
#2959 = EDGE_CURVE('',#1523,#2944,#2960,.T.);
#2960 = CIRCLE('',#2961,50.);
#2961 = AXIS2_PLACEMENT_3D('',#2962,#2963,#2964);
#2962 = CARTESIAN_POINT('',(12.468827043885,28.,-15.5));
#2963 = DIRECTION('',(0.,0.,-1.));
#2964 = DIRECTION('',(-1.1E-16,-1.,-0.));
#2965 = CYLINDRICAL_SURFACE('',#2966,50.);
#2966 = AXIS2_PLACEMENT_3D('',#2967,#2968,#2969);
#2967 = CARTESIAN_POINT('',(12.468827043885,28.,-11.));
#2968 = DIRECTION('',(0.,-2.2E-16,-1.));
#2969 = DIRECTION('',(-0.25449329928,-0.967074537263,2.127563981978E-16)
  );
#2970 = ADVANCED_FACE('',(#2971),#2996,.F.);
#2971 = FACE_BOUND('',#2972,.F.);
#2972 = EDGE_LOOP('',(#2973,#2981,#2989,#2995));
#2973 = ORIENTED_EDGE('',*,*,#2974,.F.);
#2974 = EDGE_CURVE('',#2975,#1699,#2977,.T.);
#2975 = VERTEX_POINT('',#2976);
#2976 = CARTESIAN_POINT('',(23.546375952926,-21.5,-16.));
#2977 = LINE('',#2978,#2979);
#2978 = CARTESIAN_POINT('',(23.546375952926,-21.5,-16.));
#2979 = VECTOR('',#2980,1.);
#2980 = DIRECTION('',(-2.2E-16,-0.707106781187,0.707106781187));
#2981 = ORIENTED_EDGE('',*,*,#2982,.T.);
#2982 = EDGE_CURVE('',#2975,#2983,#2985,.T.);
#2983 = VERTEX_POINT('',#2984);
#2984 = CARTESIAN_POINT('',(12.468827043885,-21.5,-16.));
#2985 = LINE('',#2986,#2987);
#2986 = CARTESIAN_POINT('',(23.546375952926,-21.5,-16.));
#2987 = VECTOR('',#2988,1.);
#2988 = DIRECTION('',(-1.,0.,0.));
#2989 = ORIENTED_EDGE('',*,*,#2990,.T.);
#2990 = EDGE_CURVE('',#2983,#1523,#2991,.T.);
#2991 = LINE('',#2992,#2993);
#2992 = CARTESIAN_POINT('',(12.468827043885,-21.75,-15.75));
#2993 = VECTOR('',#2994,1.);
#2994 = DIRECTION('',(0.,-0.707106781187,0.707106781187));
#2995 = ORIENTED_EDGE('',*,*,#1707,.F.);
#2996 = PLANE('',#2997);
#2997 = AXIS2_PLACEMENT_3D('',#2998,#2999,#3000);
#2998 = CARTESIAN_POINT('',(23.546375952926,-21.75,-15.75));
#2999 = DIRECTION('',(0.,0.707106781187,0.707106781187));
#3000 = DIRECTION('',(-1.,0.,0.));
#3001 = ADVANCED_FACE('',(#3002),#3028,.T.);
#3002 = FACE_BOUND('',#3003,.F.);
#3003 = EDGE_LOOP('',(#3004,#3012,#3013,#3022));
#3004 = ORIENTED_EDGE('',*,*,#3005,.T.);
#3005 = EDGE_CURVE('',#3006,#1531,#3008,.T.);
#3006 = VERTEX_POINT('',#3007);
#3007 = CARTESIAN_POINT('',(16.677662606665,-21.5,-11.));
#3008 = ( BOUNDED_CURVE() B_SPLINE_CURVE(2,(#3009,#3010,#3011),
.UNSPECIFIED.,.F.,.F.) B_SPLINE_CURVE_WITH_KNOTS((3,3),(0.,
3.716475768279),.PIECEWISE_BEZIER_KNOTS.) CURVE() 
GEOMETRIC_REPRESENTATION_ITEM() RATIONAL_B_SPLINE_CURVE((1.,
0.707106781187,1.)) REPRESENTATION_ITEM('') );
#3009 = CARTESIAN_POINT('',(16.677662606665,-21.5,-11.));
#3010 = CARTESIAN_POINT('',(16.677662606665,-22.,-11.));
#3011 = CARTESIAN_POINT('',(16.677662606665,-22.,-11.5));
#3012 = ORIENTED_EDGE('',*,*,#1530,.T.);
#3013 = ORIENTED_EDGE('',*,*,#3014,.F.);
#3014 = EDGE_CURVE('',#3015,#1521,#3017,.T.);
#3015 = VERTEX_POINT('',#3016);
#3016 = CARTESIAN_POINT('',(12.468827043885,-21.5,-11.));
#3017 = CIRCLE('',#3018,0.5);
#3018 = AXIS2_PLACEMENT_3D('',#3019,#3020,#3021);
#3019 = CARTESIAN_POINT('',(12.468827043885,-21.5,-11.5));
#3020 = DIRECTION('',(1.,-2.5E-16,0.));
#3021 = DIRECTION('',(5.5E-32,2.2E-16,1.));
#3022 = ORIENTED_EDGE('',*,*,#3023,.F.);
#3023 = EDGE_CURVE('',#3006,#3015,#3024,.T.);
#3024 = LINE('',#3025,#3026);
#3025 = CARTESIAN_POINT('',(17.708536580748,-21.5,-11.));
#3026 = VECTOR('',#3027,1.);
#3027 = DIRECTION('',(-1.,2.5E-16,0.));
#3028 = CYLINDRICAL_SURFACE('',#3029,0.5);
#3029 = AXIS2_PLACEMENT_3D('',#3030,#3031,#3032);
#3030 = CARTESIAN_POINT('',(17.708536580748,-21.5,-11.5));
#3031 = DIRECTION('',(-1.,2.5E-16,0.));
#3032 = DIRECTION('',(5.5E-32,2.2E-16,1.));
#3033 = ADVANCED_FACE('',(#3034),#3051,.F.);
#3034 = FACE_BOUND('',#3035,.F.);
#3035 = EDGE_LOOP('',(#3036,#3042,#3049,#3050));
#3036 = ORIENTED_EDGE('',*,*,#3037,.F.);
#3037 = EDGE_CURVE('',#2872,#1691,#3038,.T.);
#3038 = LINE('',#3039,#3040);
#3039 = CARTESIAN_POINT('',(31.16514095196,-21.75,-19.14311150087));
#3040 = VECTOR('',#3041,1.);
#3041 = DIRECTION('',(0.525588331228,-0.707106781187,0.473029498105));
#3042 = ORIENTED_EDGE('',*,*,#3043,.T.);
#3043 = EDGE_CURVE('',#2872,#2975,#3044,.T.);
#3044 = CIRCLE('',#3045,10.);
#3045 = AXIS2_PLACEMENT_3D('',#3046,#3047,#3048);
#3046 = CARTESIAN_POINT('',(23.546375952926,-21.5,-26.));
#3047 = DIRECTION('',(-0.,-1.,0.));
#3048 = DIRECTION('',(0.743294146247,-0.,0.668964731622));
#3049 = ORIENTED_EDGE('',*,*,#2974,.T.);
#3050 = ORIENTED_EDGE('',*,*,#1698,.F.);
#3051 = CONICAL_SURFACE('',#3052,10.,0.785398163397);
#3052 = AXIS2_PLACEMENT_3D('',#3053,#3054,#3055);
#3053 = CARTESIAN_POINT('',(23.546375952926,-21.5,-26.));
#3054 = DIRECTION('',(-0.,-1.,-0.));
#3055 = DIRECTION('',(0.743294146247,-0.,0.668964731622));
#3056 = ADVANCED_FACE('',(#3057),#3097,.F.);
#3057 = FACE_BOUND('',#3058,.F.);
#3058 = EDGE_LOOP('',(#3059,#3068,#3069,#3070));
#3059 = ORIENTED_EDGE('',*,*,#3060,.T.);
#3060 = EDGE_CURVE('',#3061,#1539,#3063,.T.);
#3061 = VERTEX_POINT('',#3062);
#3062 = CARTESIAN_POINT('',(19.896656565147,-21.94987581535,-10.));
#3063 = CIRCLE('',#3064,0.5);
#3064 = AXIS2_PLACEMENT_3D('',#3065,#3066,#3067);
#3065 = CARTESIAN_POINT('',(20.114857735543,-21.5,-10.));
#3066 = DIRECTION('',(0.,0.,1.));
#3067 = DIRECTION('',(-0.436402340792,-0.899751630702,0.));
#3068 = ORIENTED_EDGE('',*,*,#1538,.T.);
#3069 = ORIENTED_EDGE('',*,*,#3005,.F.);
#3070 = ORIENTED_EDGE('',*,*,#3071,.F.);
#3071 = EDGE_CURVE('',#3061,#3006,#3072,.T.);
#3072 = ( BOUNDED_CURVE() B_SPLINE_CURVE(12,(#3073,#3074,#3075,#3076,
    #3077,#3078,#3079,#3080,#3081,#3082,#3083,#3084,#3085,#3086,#3087,
    #3088,#3089,#3090,#3091,#3092,#3093,#3094,#3095,#3096),
.UNSPECIFIED.,.F.,.F.) B_SPLINE_CURVE_WITH_KNOTS((13,11,13),(
    168.25409638758,171.14314524105,171.97057215586),.UNSPECIFIED.) 
CURVE() GEOMETRIC_REPRESENTATION_ITEM() RATIONAL_B_SPLINE_CURVE((1.,1.,
    1.000000000001,0.999999999998,1.000000000003,0.999999999996,
    1.000000000004,0.999999999996,1.000000000002,0.999999999999,1.,1.,1.
    ,1.,1.,1.000000000001,0.999999999999,1.000000000002,0.999999999998,
1.000000000001,0.999999999999,1.,1.,1.)) REPRESENTATION_ITEM('') );
#3073 = CARTESIAN_POINT('',(19.896656565147,-21.94987581535,-10.));
#3074 = CARTESIAN_POINT('',(19.896656565147,-21.94987581535,
    -10.09990118104));
#3075 = CARTESIAN_POINT('',(19.862265478874,-21.94538721042,
    -10.199667653));
#3076 = CARTESIAN_POINT('',(19.79713625334,-21.93714212231,
    -10.30541738571));
#3077 = CARTESIAN_POINT('',(19.667570356935,-21.91822384079,
    -10.42120574116));
#3078 = CARTESIAN_POINT('',(19.518721155988,-21.89841556069,
    -10.5009339687));
#3079 = CARTESIAN_POINT('',(19.32294903394,-21.87042098661,
    -10.61260895324));
#3080 = CARTESIAN_POINT('',(19.100589346525,-21.83980021885,
    -10.67992104874));
#3081 = CARTESIAN_POINT('',(18.85238011702,-21.80497699952,
    -10.76225532902));
#3082 = CARTESIAN_POINT('',(18.583054464279,-21.76744565029,
    -10.82171395456));
#3083 = CARTESIAN_POINT('',(18.299451773784,-21.72785474781,
    -10.87508056003));
#3084 = CARTESIAN_POINT('',(18.005394716067,-21.68667030291,
    -10.9165985594));
#3085 = CARTESIAN_POINT('',(17.622873754216,-21.6329124365,
    -10.95654746021));
#3086 = CARTESIAN_POINT('',(17.536866893601,-21.62066744473,
    -10.96458760559));
#3087 = CARTESIAN_POINT('',(17.450817657026,-21.60844091223,
    -10.97176610403));
#3088 = CARTESIAN_POINT('',(17.364889299353,-21.59629448409,
    -10.97809953279));
#3089 = CARTESIAN_POINT('',(17.27901659635,-21.58420316873,
    -10.98360942848));
#3090 = CARTESIAN_POINT('',(17.193122712769,-21.57213431654,
    -10.9883129093));
#3091 = CARTESIAN_POINT('',(17.107194633106,-21.56007655504,
    -10.99222040854));
#3092 = CARTESIAN_POINT('',(17.021268085432,-21.54803631037,
    -10.99533772175));
#3093 = CARTESIAN_POINT('',(16.93537288876,-21.53601954489,
    -10.99766957018));
#3094 = CARTESIAN_POINT('',(16.849489654314,-21.52401634056,
    -10.99922188286));
#3095 = CARTESIAN_POINT('',(16.763568771172,-21.51200595785,-11.));
#3096 = CARTESIAN_POINT('',(16.677662606665,-21.5,-11.));
#3097 = ( BOUNDED_SURFACE() B_SPLINE_SURFACE(2,12,(
    (#3098,#3099,#3100,#3101,#3102,#3103,#3104,#3105,#3106,#3107,#3108
      ,#3109,#3110,#3111,#3112,#3113,#3114,#3115,#3116,#3117,#3118,#3119
      ,#3120,#3121)
    ,(#3122,#3123,#3124,#3125,#3126,#3127,#3128,#3129,#3130,#3131,#3132
      ,#3133,#3134,#3135,#3136,#3137,#3138,#3139,#3140,#3141,#3142,#3143
      ,#3144,#3145)
    ,(#3146,#3147,#3148,#3149,#3150,#3151,#3152,#3153,#3154,#3155,#3156
      ,#3157,#3158,#3159,#3160,#3161,#3162,#3163,#3164,#3165,#3166,#3167
      ,#3168,#3169
)),.UNSPECIFIED.,.F.,.F.,.F.) B_SPLINE_SURFACE_WITH_KNOTS((3,3),(13,11,
    13),(0.,3.716475768279),(168.25409638758,171.14314524105,
171.97057215586),.UNSPECIFIED.) GEOMETRIC_REPRESENTATION_ITEM() 
RATIONAL_B_SPLINE_SURFACE((
    (1.,1.,1.000000000001,0.999999999998,1.000000000003,0.999999999996
      ,1.000000000004,0.999999999996,1.000000000002,0.999999999999,1.,1.
      ,1.,1.,1.,1.000000000001,0.999999999999,1.000000000002
      ,0.999999999998,1.000000000001,0.999999999999,1.,1.,1.)
    ,(0.974615727018,0.974615727018,0.972313325468,0.968080113848
      ,0.95836642359,0.948073115459,0.933367187315,0.916959049144
      ,0.897881059561,0.876751047515,0.853786766928,0.829064115485
      ,0.795592840737,0.787892815257,0.780121866138,0.772316678532
      ,0.764460850476,0.756532230228,0.748520582699,0.740425945096
      ,0.732248031763,0.723977048363,0.7155962754,0.707106781187)
    ,(1.,1.,1.000000000001,0.999999999998,1.000000000003,0.999999999996
      ,1.000000000004,0.999999999996,1.000000000002,0.999999999999,1.,1.
      ,1.,1.,1.,1.000000000001,0.999999999999,1.000000000002
      ,0.999999999998,1.000000000001,0.999999999999,1.,1.,1.
))) REPRESENTATION_ITEM('') SURFACE() );
#3098 = CARTESIAN_POINT('',(19.896656565147,-21.94987581535,-10.));
#3099 = CARTESIAN_POINT('',(19.896656565147,-21.94987581535,
    -10.09990118104));
#3100 = CARTESIAN_POINT('',(19.862265478874,-21.94538721042,
    -10.199667653));
#3101 = CARTESIAN_POINT('',(19.79713625334,-21.93714212231,
    -10.30541738571));
#3102 = CARTESIAN_POINT('',(19.667570356935,-21.91822384079,
    -10.42120574116));
#3103 = CARTESIAN_POINT('',(19.518721155988,-21.89841556069,
    -10.5009339687));
#3104 = CARTESIAN_POINT('',(19.32294903394,-21.87042098661,
    -10.61260895324));
#3105 = CARTESIAN_POINT('',(19.100589346525,-21.83980021885,
    -10.67992104874));
#3106 = CARTESIAN_POINT('',(18.85238011702,-21.80497699952,
    -10.76225532902));
#3107 = CARTESIAN_POINT('',(18.583054464279,-21.76744565029,
    -10.82171395456));
#3108 = CARTESIAN_POINT('',(18.299451773784,-21.72785474781,
    -10.87508056003));
#3109 = CARTESIAN_POINT('',(18.005394716067,-21.68667030291,
    -10.9165985594));
#3110 = CARTESIAN_POINT('',(17.622873754216,-21.6329124365,
    -10.95654746021));
#3111 = CARTESIAN_POINT('',(17.536866893601,-21.62066744473,
    -10.96458760559));
#3112 = CARTESIAN_POINT('',(17.450817657026,-21.60844091223,
    -10.97176610403));
#3113 = CARTESIAN_POINT('',(17.364889299353,-21.59629448409,
    -10.97809953279));
#3114 = CARTESIAN_POINT('',(17.27901659635,-21.58420316873,
    -10.98360942848));
#3115 = CARTESIAN_POINT('',(17.193122712769,-21.57213431654,
    -10.9883129093));
#3116 = CARTESIAN_POINT('',(17.107194633106,-21.56007655504,
    -10.99222040854));
#3117 = CARTESIAN_POINT('',(17.021268085432,-21.54803631037,
    -10.99533772175));
#3118 = CARTESIAN_POINT('',(16.93537288876,-21.53601954489,
    -10.99766957018));
#3119 = CARTESIAN_POINT('',(16.849489654314,-21.52401634056,
    -10.99922188286));
#3120 = CARTESIAN_POINT('',(16.763568771172,-21.51200595785,-11.));
#3121 = CARTESIAN_POINT('',(16.677662606665,-21.5,-11.));
#3122 = CARTESIAN_POINT('',(20.,-22.,-10.));
#3123 = CARTESIAN_POINT('',(20.,-22.,-10.13089909465));
#3124 = CARTESIAN_POINT('',(19.95934547416,-22.,-10.26234682732));
#3125 = CARTESIAN_POINT('',(19.879015875803,-22.,-10.3942594577));
#3126 = CARTESIAN_POINT('',(19.744773259818,-22.,-10.52671147981));
#3127 = CARTESIAN_POINT('',(19.579628555081,-22.,-10.63642355192));
#3128 = CARTESIAN_POINT('',(19.370134302349,-22.,-10.7525030195));
#3129 = CARTESIAN_POINT('',(19.133348708953,-22.,-10.83777979326));
#3130 = CARTESIAN_POINT('',(18.870172477526,-22.,-10.9187509078));
#3131 = CARTESIAN_POINT('',(18.58965379825,-22.,-10.97688961158));
#3132 = CARTESIAN_POINT('',(18.297891688236,-22.,-11.02002708275));
#3133 = CARTESIAN_POINT('',(18.001907582302,-22.,-11.04557168492));
#3134 = CARTESIAN_POINT('',(17.621663105254,-22.,-11.05802271682));
#3135 = CARTESIAN_POINT('',(17.534972917866,-22.,-11.05935889907));
#3136 = CARTESIAN_POINT('',(17.448591261926,-22.,-11.05932217625));
#3137 = CARTESIAN_POINT('',(17.362348990592,-22.,-11.05796626356));
#3138 = CARTESIAN_POINT('',(17.276198562572,-22.,-11.05530215591));
#3139 = CARTESIAN_POINT('',(17.190152505269,-22.,-11.05132956013));
#3140 = CARTESIAN_POINT('',(17.104248018972,-22.,-11.04605005144));
#3141 = CARTESIAN_POINT('',(17.018523453653,-22.,-11.0394677913));
#3142 = CARTESIAN_POINT('',(16.933000981876,-22.,-11.03158352902));
#3143 = CARTESIAN_POINT('',(16.847679190722,-22.,-11.02238817122));
#3144 = CARTESIAN_POINT('',(16.762549621252,-22.,-11.01186352487));
#3145 = CARTESIAN_POINT('',(16.677662606665,-22.,-11.));
#3146 = CARTESIAN_POINT('',(20.114857735543,-22.,-10.));
#3147 = CARTESIAN_POINT('',(20.114857735543,-22.,-10.16535072837));
#3148 = CARTESIAN_POINT('',(20.068594558946,-22.,-10.33072782671));
#3149 = CARTESIAN_POINT('',(19.974934059517,-22.,-10.49080832691));
#3150 = CARTESIAN_POINT('',(19.845671366284,-22.,-10.6397125273));
#3151 = CARTESIAN_POINT('',(19.672331006651,-22.,-10.79159125648));
#3152 = CARTESIAN_POINT('',(19.462885173456,-22.,-10.9197430309));
#3153 = CARTESIAN_POINT('',(19.222024771877,-22.,-11.04719129157));
#3154 = CARTESIAN_POINT('',(18.951423749966,-22.,-11.15246811696));
#3155 = CARTESIAN_POINT('',(18.659812874387,-22.,-11.24633097741));
#3156 = CARTESIAN_POINT('',(18.350825392493,-22.,-11.32250846814));
#3157 = CARTESIAN_POINT('',(18.031086286301,-22.,-11.38227233643));
#3158 = CARTESIAN_POINT('',(17.621387389718,-22.,-11.43875642449));
#3159 = CARTESIAN_POINT('',(17.535019293361,-22.,-11.45009862091));
#3160 = CARTESIAN_POINT('',(17.449878584104,-22.,-11.4602411031));
#3161 = CARTESIAN_POINT('',(17.364609250676,-22.,-11.46919312616));
#3162 = CARTESIAN_POINT('',(17.278966546412,-22.,-11.47696574295));
#3163 = CARTESIAN_POINT('',(17.193101386883,-22.,-11.4835800437));
#3164 = CARTESIAN_POINT('',(17.107186066367,-22.,-11.48906357731));
#3165 = CARTESIAN_POINT('',(17.021286631088,-22.,-11.49344100491));
#3166 = CARTESIAN_POINT('',(16.935387247154,-22.,-11.49672503639));
#3167 = CARTESIAN_POINT('',(16.84947190113,-22.,-11.49891370062));
#3168 = CARTESIAN_POINT('',(16.763568771172,-22.,-11.5));
#3169 = CARTESIAN_POINT('',(16.677662606665,-22.,-11.5));
#3170 = ADVANCED_FACE('',(#3171),#3182,.F.);
#3171 = FACE_BOUND('',#3172,.F.);
#3172 = EDGE_LOOP('',(#3173,#3179,#3180,#3181));
#3173 = ORIENTED_EDGE('',*,*,#3174,.F.);
#3174 = EDGE_CURVE('',#2890,#1682,#3175,.T.);
#3175 = LINE('',#3176,#3177);
#3176 = CARTESIAN_POINT('',(35.50413651692,-21.5,-24.33792946324));
#3177 = VECTOR('',#3178,1.);
#3178 = DIRECTION('',(0.525588331228,-0.707106781187,0.473029498105));
#3179 = ORIENTED_EDGE('',*,*,#2897,.T.);
#3180 = ORIENTED_EDGE('',*,*,#3037,.T.);
#3181 = ORIENTED_EDGE('',*,*,#1690,.F.);
#3182 = PLANE('',#3183);
#3183 = AXIS2_PLACEMENT_3D('',#3184,#3185,#3186);
#3184 = CARTESIAN_POINT('',(35.689960053482,-21.75,-24.17068828033));
#3185 = DIRECTION('',(0.525588331228,0.707106781187,0.473029498105));
#3186 = DIRECTION('',(-0.668964731622,1.942890293094E-16,0.743294146247)
  );
#3187 = ADVANCED_FACE('',(#3188),#3206,.T.);
#3188 = FACE_BOUND('',#3189,.F.);
#3189 = EDGE_LOOP('',(#3190,#3198,#3199,#3200));
#3190 = ORIENTED_EDGE('',*,*,#3191,.T.);
#3191 = EDGE_CURVE('',#3192,#1568,#3194,.T.);
#3192 = VERTEX_POINT('',#3193);
#3193 = CARTESIAN_POINT('',(19.896656565147,-21.94987581535,10.));
#3194 = ( BOUNDED_CURVE() B_SPLINE_CURVE(2,(#3195,#3196,#3197),
.UNSPECIFIED.,.F.,.F.) B_SPLINE_CURVE_WITH_KNOTS((3,3),(0.,
3.716475768281),.PIECEWISE_BEZIER_KNOTS.) CURVE() 
GEOMETRIC_REPRESENTATION_ITEM() RATIONAL_B_SPLINE_CURVE((1.,
0.974615727018,1.)) REPRESENTATION_ITEM('') );
#3195 = CARTESIAN_POINT('',(19.896656565147,-21.94987581535,10.));
#3196 = CARTESIAN_POINT('',(20.,-22.,10.));
#3197 = CARTESIAN_POINT('',(20.114857735543,-22.,10.));
#3198 = ORIENTED_EDGE('',*,*,#1567,.T.);
#3199 = ORIENTED_EDGE('',*,*,#3060,.F.);
#3200 = ORIENTED_EDGE('',*,*,#3201,.F.);
#3201 = EDGE_CURVE('',#3192,#3061,#3202,.T.);
#3202 = LINE('',#3203,#3204);
#3203 = CARTESIAN_POINT('',(19.896656565147,-21.94987581535,10.));
#3204 = VECTOR('',#3205,1.);
#3205 = DIRECTION('',(-0.,-0.,-1.));
#3206 = CYLINDRICAL_SURFACE('',#3207,0.5);
#3207 = AXIS2_PLACEMENT_3D('',#3208,#3209,#3210);
#3208 = CARTESIAN_POINT('',(20.114857735543,-21.5,10.));
#3209 = DIRECTION('',(-0.,-0.,-1.));
#3210 = DIRECTION('',(-0.436402340792,-0.899751630702,0.));
#3211 = ADVANCED_FACE('',(#3212),#3223,.T.);
#3212 = FACE_BOUND('',#3213,.F.);
#3213 = EDGE_LOOP('',(#3214,#3220,#3221,#3222));
#3214 = ORIENTED_EDGE('',*,*,#3215,.F.);
#3215 = EDGE_CURVE('',#2808,#1674,#3216,.T.);
#3216 = LINE('',#3217,#3218);
#3217 = CARTESIAN_POINT('',(36.990724809415,-21.75,-24.75));
#3218 = VECTOR('',#3219,1.);
#3219 = DIRECTION('',(0.,-0.707106781187,0.707106781187));
#3220 = ORIENTED_EDGE('',*,*,#2926,.T.);
#3221 = ORIENTED_EDGE('',*,*,#3174,.T.);
#3222 = ORIENTED_EDGE('',*,*,#1681,.F.);
#3223 = CONICAL_SURFACE('',#3224,2.,0.785398163397);
#3224 = AXIS2_PLACEMENT_3D('',#3225,#3226,#3227);
#3225 = CARTESIAN_POINT('',(36.990724809415,-21.5,-23.));
#3226 = DIRECTION('',(0.,1.,0.));
#3227 = DIRECTION('',(-3.55E-15,0.,-1.));
#3228 = ADVANCED_FACE('',(#3229),#3269,.F.);
#3229 = FACE_BOUND('',#3230,.F.);
#3230 = EDGE_LOOP('',(#3231,#3240,#3241,#3242));
#3231 = ORIENTED_EDGE('',*,*,#3232,.T.);
#3232 = EDGE_CURVE('',#3233,#1576,#3235,.T.);
#3233 = VERTEX_POINT('',#3234);
#3234 = CARTESIAN_POINT('',(16.677662606665,-21.5,11.));
#3235 = CIRCLE('',#3236,0.5);
#3236 = AXIS2_PLACEMENT_3D('',#3237,#3238,#3239);
#3237 = CARTESIAN_POINT('',(16.677662606665,-21.5,11.5));
#3238 = DIRECTION('',(-1.,2.5E-16,0.));
#3239 = DIRECTION('',(0.,0.,-1.));
#3240 = ORIENTED_EDGE('',*,*,#1575,.T.);
#3241 = ORIENTED_EDGE('',*,*,#3191,.F.);
#3242 = ORIENTED_EDGE('',*,*,#3243,.F.);
#3243 = EDGE_CURVE('',#3233,#3192,#3244,.T.);
#3244 = ( BOUNDED_CURVE() B_SPLINE_CURVE(12,(#3245,#3246,#3247,#3248,
    #3249,#3250,#3251,#3252,#3253,#3254,#3255,#3256,#3257,#3258,#3259,
    #3260,#3261,#3262,#3263,#3264,#3265,#3266,#3267,#3268),
.UNSPECIFIED.,.F.,.F.) B_SPLINE_CURVE_WITH_KNOTS((13,11,13),(
    144.53762061931,145.36504753412,148.25409638759),.UNSPECIFIED.) 
CURVE() GEOMETRIC_REPRESENTATION_ITEM() RATIONAL_B_SPLINE_CURVE((1.,1.,
    1.,1.,1.,1.,1.,1.,1.,1.,1.,1.,1.,0.999999999999,1.000000000002,
    0.999999999997,1.000000000004,0.999999999996,1.000000000003,
0.999999999998,1.000000000001,1.,1.,1.)) REPRESENTATION_ITEM('') );
#3245 = CARTESIAN_POINT('',(16.677662606665,-21.5,11.));
#3246 = CARTESIAN_POINT('',(16.763568771172,-21.51200595785,11.));
#3247 = CARTESIAN_POINT('',(16.849489654314,-21.52401634056,
    10.999221882864));
#3248 = CARTESIAN_POINT('',(16.93537288876,-21.53601954489,
    10.997669570182));
#3249 = CARTESIAN_POINT('',(17.021268085432,-21.54803631037,
    10.995337721758));
#3250 = CARTESIAN_POINT('',(17.107194633106,-21.56007655504,
    10.992220408546));
#3251 = CARTESIAN_POINT('',(17.193122712769,-21.57213431654,
    10.988312909308));
#3252 = CARTESIAN_POINT('',(17.27901659635,-21.58420316873,
    10.983609428485));
#3253 = CARTESIAN_POINT('',(17.364889299353,-21.59629448409,
    10.978099532794));
#3254 = CARTESIAN_POINT('',(17.450817657026,-21.60844091223,
    10.971766104033));
#3255 = CARTESIAN_POINT('',(17.536866893602,-21.62066744473,
    10.964587605597));
#3256 = CARTESIAN_POINT('',(17.622873754216,-21.6329124365,
    10.956547460213));
#3257 = CARTESIAN_POINT('',(18.005394716067,-21.68667030291,
    10.916598559408));
#3258 = CARTESIAN_POINT('',(18.299451773783,-21.72785474781,
    10.875080560038));
#3259 = CARTESIAN_POINT('',(18.583054464281,-21.76744565029,
    10.821713954565));
#3260 = CARTESIAN_POINT('',(18.85238011702,-21.80497699952,
    10.762255329022));
#3261 = CARTESIAN_POINT('',(19.100589346522,-21.83980021885,
    10.679921048739));
#3262 = CARTESIAN_POINT('',(19.322949033945,-21.87042098661,
    10.612608953248));
#3263 = CARTESIAN_POINT('',(19.518721155983,-21.89841556069,
    10.500933968699));
#3264 = CARTESIAN_POINT('',(19.667570356937,-21.91822384079,
    10.421205741166));
#3265 = CARTESIAN_POINT('',(19.797136253339,-21.93714212231,
    10.305417385719));
#3266 = CARTESIAN_POINT('',(19.862265478874,-21.94538721042,10.199667653
    ));
#3267 = CARTESIAN_POINT('',(19.896656565147,-21.94987581535,
    10.099901181044));
#3268 = CARTESIAN_POINT('',(19.896656565147,-21.94987581535,10.));
#3269 = ( BOUNDED_SURFACE() B_SPLINE_SURFACE(2,12,(
    (#3270,#3271,#3272,#3273,#3274,#3275,#3276,#3277,#3278,#3279,#3280
      ,#3281,#3282,#3283,#3284,#3285,#3286,#3287,#3288,#3289,#3290,#3291
      ,#3292,#3293)
    ,(#3294,#3295,#3296,#3297,#3298,#3299,#3300,#3301,#3302,#3303,#3304
      ,#3305,#3306,#3307,#3308,#3309,#3310,#3311,#3312,#3313,#3314,#3315
      ,#3316,#3317)
    ,(#3318,#3319,#3320,#3321,#3322,#3323,#3324,#3325,#3326,#3327,#3328
      ,#3329,#3330,#3331,#3332,#3333,#3334,#3335,#3336,#3337,#3338,#3339
      ,#3340,#3341
)),.UNSPECIFIED.,.F.,.F.,.F.) B_SPLINE_SURFACE_WITH_KNOTS((3,3),(13,11,
    13),(0.,3.716475768281),(144.53762061931,145.36504753412,
148.25409638759),.UNSPECIFIED.) GEOMETRIC_REPRESENTATION_ITEM() 
RATIONAL_B_SPLINE_SURFACE((
    (1.,1.,1.,1.,1.,1.,1.,1.,1.,1.,1.,1.,1.,0.999999999999
      ,1.000000000002,0.999999999997,1.000000000004,0.999999999996
      ,1.000000000003,0.999999999998,1.000000000001,1.,1.,1.)
    ,(0.707106781187,0.7155962754,0.723977048363,0.732248031763
      ,0.740425945097,0.748520582699,0.756532230228,0.764460850476
      ,0.772316678533,0.780121866138,0.787892815257,0.795592840737
      ,0.829064115485,0.853786766927,0.876751047517,0.897881059557
      ,0.916959049148,0.93336718731,0.948073115463,0.958366423587
      ,0.96808011385,0.972313325467,0.974615727018,0.974615727018)
    ,(1.,1.,1.,1.,1.,1.,1.,1.,1.,1.,1.,1.,1.,0.999999999999
      ,1.000000000002,0.999999999997,1.000000000004,0.999999999996
      ,1.000000000003,0.999999999998,1.000000000001,1.,1.,1.
))) REPRESENTATION_ITEM('') SURFACE() );
#3270 = CARTESIAN_POINT('',(16.677662606665,-21.5,11.));
#3271 = CARTESIAN_POINT('',(16.763568771172,-21.51200595785,11.));
#3272 = CARTESIAN_POINT('',(16.849489654314,-21.52401634056,
    10.999221882864));
#3273 = CARTESIAN_POINT('',(16.93537288876,-21.53601954489,
    10.997669570182));
#3274 = CARTESIAN_POINT('',(17.021268085432,-21.54803631037,
    10.995337721758));
#3275 = CARTESIAN_POINT('',(17.107194633106,-21.56007655504,
    10.992220408546));
#3276 = CARTESIAN_POINT('',(17.193122712769,-21.57213431654,
    10.988312909308));
#3277 = CARTESIAN_POINT('',(17.27901659635,-21.58420316873,
    10.983609428485));
#3278 = CARTESIAN_POINT('',(17.364889299353,-21.59629448409,
    10.978099532794));
#3279 = CARTESIAN_POINT('',(17.450817657026,-21.60844091223,
    10.971766104033));
#3280 = CARTESIAN_POINT('',(17.536866893602,-21.62066744473,
    10.964587605597));
#3281 = CARTESIAN_POINT('',(17.622873754216,-21.6329124365,
    10.956547460213));
#3282 = CARTESIAN_POINT('',(18.005394716067,-21.68667030291,
    10.916598559408));
#3283 = CARTESIAN_POINT('',(18.299451773783,-21.72785474781,
    10.875080560038));
#3284 = CARTESIAN_POINT('',(18.583054464281,-21.76744565029,
    10.821713954565));
#3285 = CARTESIAN_POINT('',(18.85238011702,-21.80497699952,
    10.762255329022));
#3286 = CARTESIAN_POINT('',(19.100589346522,-21.83980021885,
    10.679921048739));
#3287 = CARTESIAN_POINT('',(19.322949033945,-21.87042098661,
    10.612608953248));
#3288 = CARTESIAN_POINT('',(19.518721155983,-21.89841556069,
    10.500933968699));
#3289 = CARTESIAN_POINT('',(19.667570356937,-21.91822384079,
    10.421205741166));
#3290 = CARTESIAN_POINT('',(19.797136253339,-21.93714212231,
    10.305417385719));
#3291 = CARTESIAN_POINT('',(19.862265478874,-21.94538721042,10.199667653
    ));
#3292 = CARTESIAN_POINT('',(19.896656565147,-21.94987581535,
    10.099901181044));
#3293 = CARTESIAN_POINT('',(19.896656565147,-21.94987581535,10.));
#3294 = CARTESIAN_POINT('',(16.677662606665,-22.,11.));
#3295 = CARTESIAN_POINT('',(16.762549621252,-22.,11.011863524875));
#3296 = CARTESIAN_POINT('',(16.847679190723,-22.,11.022388171221));
#3297 = CARTESIAN_POINT('',(16.933000981875,-22.,11.03158352902));
#3298 = CARTESIAN_POINT('',(17.018523453655,-22.,11.039467791306));
#3299 = CARTESIAN_POINT('',(17.104248018969,-22.,11.046050051449));
#3300 = CARTESIAN_POINT('',(17.190152505272,-22.,11.051329560135));
#3301 = CARTESIAN_POINT('',(17.27619856257,-22.,11.055302155912));
#3302 = CARTESIAN_POINT('',(17.362348990594,-22.,11.057966263563));
#3303 = CARTESIAN_POINT('',(17.448591261925,-22.,11.059322176252));
#3304 = CARTESIAN_POINT('',(17.534972917867,-22.,11.059358899079));
#3305 = CARTESIAN_POINT('',(17.621663105254,-22.,11.058022716825));
#3306 = CARTESIAN_POINT('',(18.001907582302,-22.,11.045571684925));
#3307 = CARTESIAN_POINT('',(18.297891688234,-22.,11.020027082756));
#3308 = CARTESIAN_POINT('',(18.589653798252,-22.,10.976889611588));
#3309 = CARTESIAN_POINT('',(18.870172477525,-22.,10.918750907806));
#3310 = CARTESIAN_POINT('',(19.133348708952,-22.,10.837779793262));
#3311 = CARTESIAN_POINT('',(19.370134302352,-22.,10.752503019509));
#3312 = CARTESIAN_POINT('',(19.579628555077,-22.,10.636423551926));
#3313 = CARTESIAN_POINT('',(19.74477325982,-22.,10.526711479816));
#3314 = CARTESIAN_POINT('',(19.879015875801,-22.,10.394259457706));
#3315 = CARTESIAN_POINT('',(19.95934547416,-22.,10.262346827326));
#3316 = CARTESIAN_POINT('',(20.,-22.,10.130899094658));
#3317 = CARTESIAN_POINT('',(20.,-22.,10.));
#3318 = CARTESIAN_POINT('',(16.677662606665,-22.,11.5));
#3319 = CARTESIAN_POINT('',(16.763568771172,-22.,11.5));
#3320 = CARTESIAN_POINT('',(16.84947190113,-22.,11.498913700624));
#3321 = CARTESIAN_POINT('',(16.935387247155,-22.,11.496725036393));
#3322 = CARTESIAN_POINT('',(17.021286631087,-22.,11.493441004916));
#3323 = CARTESIAN_POINT('',(17.107186066369,-22.,11.489063577317));
#3324 = CARTESIAN_POINT('',(17.193101386881,-22.,11.483580043705));
#3325 = CARTESIAN_POINT('',(17.278966546414,-22.,11.47696574295));
#3326 = CARTESIAN_POINT('',(17.364609250675,-22.,11.469193126163));
#3327 = CARTESIAN_POINT('',(17.449878584104,-22.,11.4602411031));
#3328 = CARTESIAN_POINT('',(17.53501929336,-22.,11.450098620917));
#3329 = CARTESIAN_POINT('',(17.621387389718,-22.,11.438756424493));
#3330 = CARTESIAN_POINT('',(18.031086286301,-22.,11.382272336436));
#3331 = CARTESIAN_POINT('',(18.350825392491,-22.,11.322508468143));
#3332 = CARTESIAN_POINT('',(18.659812874388,-22.,11.246330977415));
#3333 = CARTESIAN_POINT('',(18.951423749966,-22.,11.152468116964));
#3334 = CARTESIAN_POINT('',(19.222024771872,-22.,11.047191291579));
#3335 = CARTESIAN_POINT('',(19.462885173464,-22.,10.919743030908));
#3336 = CARTESIAN_POINT('',(19.672331006642,-22.,10.791591256488));
#3337 = CARTESIAN_POINT('',(19.845671366291,-22.,10.639712527307));
#3338 = CARTESIAN_POINT('',(19.974934059513,-22.,10.49080832692));
#3339 = CARTESIAN_POINT('',(20.068594558947,-22.,10.330727826718));
#3340 = CARTESIAN_POINT('',(20.114857735542,-22.,10.165350728373));
#3341 = CARTESIAN_POINT('',(20.114857735543,-22.,10.));
#3342 = ADVANCED_FACE('',(#3343),#3354,.F.);
#3343 = FACE_BOUND('',#3344,.F.);
#3344 = EDGE_LOOP('',(#3345,#3351,#3352,#3353));
#3345 = ORIENTED_EDGE('',*,*,#3346,.F.);
#3346 = EDGE_CURVE('',#2833,#1665,#3347,.T.);
#3347 = LINE('',#3348,#3349);
#3348 = CARTESIAN_POINT('',(45.332527989539,-21.5,-25.));
#3349 = VECTOR('',#3350,1.);
#3350 = DIRECTION('',(-1.67E-15,-0.707106781187,0.707106781187));
#3351 = ORIENTED_EDGE('',*,*,#2840,.T.);
#3352 = ORIENTED_EDGE('',*,*,#3215,.T.);
#3353 = ORIENTED_EDGE('',*,*,#1673,.F.);
#3354 = PLANE('',#3355);
#3355 = AXIS2_PLACEMENT_3D('',#3356,#3357,#3358);
#3356 = CARTESIAN_POINT('',(45.332527989539,-21.75,-24.75));
#3357 = DIRECTION('',(0.,0.707106781187,0.707106781187));
#3358 = DIRECTION('',(-1.,0.,0.));
#3359 = ADVANCED_FACE('',(#3360),#3379,.T.);
#3360 = FACE_BOUND('',#3361,.F.);
#3361 = EDGE_LOOP('',(#3362,#3371,#3372,#3373));
#3362 = ORIENTED_EDGE('',*,*,#3363,.T.);
#3363 = EDGE_CURVE('',#3364,#1605,#3366,.T.);
#3364 = VERTEX_POINT('',#3365);
#3365 = CARTESIAN_POINT('',(12.468827043885,-21.5,11.));
#3366 = CIRCLE('',#3367,0.5);
#3367 = AXIS2_PLACEMENT_3D('',#3368,#3369,#3370);
#3368 = CARTESIAN_POINT('',(12.468827043885,-21.5,11.5));
#3369 = DIRECTION('',(-1.,8.E-17,0.));
#3370 = DIRECTION('',(-8.E-17,-1.,0.));
#3371 = ORIENTED_EDGE('',*,*,#1604,.T.);
#3372 = ORIENTED_EDGE('',*,*,#3232,.F.);
#3373 = ORIENTED_EDGE('',*,*,#3374,.F.);
#3374 = EDGE_CURVE('',#3364,#3233,#3375,.T.);
#3375 = LINE('',#3376,#3377);
#3376 = CARTESIAN_POINT('',(12.468827043885,-21.5,11.));
#3377 = VECTOR('',#3378,1.);
#3378 = DIRECTION('',(1.,-2.5E-16,0.));
#3379 = CYLINDRICAL_SURFACE('',#3380,0.5);
#3380 = AXIS2_PLACEMENT_3D('',#3381,#3382,#3383);
#3381 = CARTESIAN_POINT('',(12.468827043885,-21.5,11.5));
#3382 = DIRECTION('',(1.,-2.5E-16,0.));
#3383 = DIRECTION('',(0.,0.,-1.));
#3384 = ADVANCED_FACE('',(#3385),#3404,.T.);
#3385 = FACE_BOUND('',#3386,.F.);
#3386 = EDGE_LOOP('',(#3387,#3395,#3402,#3403));
#3387 = ORIENTED_EDGE('',*,*,#3388,.F.);
#3388 = EDGE_CURVE('',#3389,#1657,#3391,.T.);
#3389 = VERTEX_POINT('',#3390);
#3390 = CARTESIAN_POINT('',(46.670457452784,-21.5,-24.48658829249));
#3391 = LINE('',#3392,#3393);
#3392 = CARTESIAN_POINT('',(46.503216269878,-21.75,-24.30076475593));
#3393 = VECTOR('',#3394,1.);
#3394 = DIRECTION('',(-0.473029498105,-0.707106781187,0.525588331228));
#3395 = ORIENTED_EDGE('',*,*,#3396,.T.);
#3396 = EDGE_CURVE('',#3389,#2833,#3397,.T.);
#3397 = CIRCLE('',#3398,2.);
#3398 = AXIS2_PLACEMENT_3D('',#3399,#3400,#3401);
#3399 = CARTESIAN_POINT('',(45.332527989539,-21.5,-23.));
#3400 = DIRECTION('',(0.,1.,0.));
#3401 = DIRECTION('',(0.668964731622,0.,-0.743294146247));
#3402 = ORIENTED_EDGE('',*,*,#3346,.T.);
#3403 = ORIENTED_EDGE('',*,*,#1664,.F.);
#3404 = CONICAL_SURFACE('',#3405,2.,0.785398163397);
#3405 = AXIS2_PLACEMENT_3D('',#3406,#3407,#3408);
#3406 = CARTESIAN_POINT('',(45.332527989539,-21.5,-23.));
#3407 = DIRECTION('',(0.,1.,0.));
#3408 = DIRECTION('',(0.668964731622,0.,-0.743294146247));
#3409 = ADVANCED_FACE('',(#3410),#3437,.T.);
#3410 = FACE_BOUND('',#3411,.F.);
#3411 = EDGE_LOOP('',(#3412,#3422,#3429,#3430));
#3412 = ORIENTED_EDGE('',*,*,#3413,.F.);
#3413 = EDGE_CURVE('',#3414,#3416,#3418,.T.);
#3414 = VERTEX_POINT('',#3415);
#3415 = CARTESIAN_POINT('',(-0.255837920097,-20.35372686313,15.5));
#3416 = VERTEX_POINT('',#3417);
#3417 = CARTESIAN_POINT('',(-0.255837920097,-20.35372686313,11.5));
#3418 = LINE('',#3419,#3420);
#3419 = CARTESIAN_POINT('',(-0.255837920097,-20.35372686313,16.));
#3420 = VECTOR('',#3421,1.);
#3421 = DIRECTION('',(0.,-2.2E-16,-1.));
#3422 = ORIENTED_EDGE('',*,*,#3423,.T.);
#3423 = EDGE_CURVE('',#3414,#1613,#3424,.T.);
#3424 = CIRCLE('',#3425,50.);
#3425 = AXIS2_PLACEMENT_3D('',#3426,#3427,#3428);
#3426 = CARTESIAN_POINT('',(12.468827043885,28.,15.5));
#3427 = DIRECTION('',(0.,-2.5E-16,1.));
#3428 = DIRECTION('',(-0.25449329928,-0.967074537263,-2.417686343157E-16
    ));
#3429 = ORIENTED_EDGE('',*,*,#1612,.T.);
#3430 = ORIENTED_EDGE('',*,*,#3431,.F.);
#3431 = EDGE_CURVE('',#3416,#1605,#3432,.T.);
#3432 = CIRCLE('',#3433,50.);
#3433 = AXIS2_PLACEMENT_3D('',#3434,#3435,#3436);
#3434 = CARTESIAN_POINT('',(12.468827043885,28.,11.5));
#3435 = DIRECTION('',(0.,0.,1.));
#3436 = DIRECTION('',(-0.25449329928,-0.967074537263,0.));
#3437 = CYLINDRICAL_SURFACE('',#3438,50.);
#3438 = AXIS2_PLACEMENT_3D('',#3439,#3440,#3441);
#3439 = CARTESIAN_POINT('',(12.468827043885,28.,16.));
#3440 = DIRECTION('',(0.,-2.2E-16,-1.));
#3441 = DIRECTION('',(-0.25449329928,-0.967074537263,2.127563981978E-16)
  );
#3442 = ADVANCED_FACE('',(#3443),#3459,.F.);
#3443 = FACE_BOUND('',#3444,.F.);
#3444 = EDGE_LOOP('',(#3445,#3451,#3457,#3458));
#3445 = ORIENTED_EDGE('',*,*,#3446,.F.);
#3446 = EDGE_CURVE('',#2767,#1648,#3447,.T.);
#3447 = LINE('',#3448,#3449);
#3448 = CARTESIAN_POINT('',(51.494426953524,-21.5,-20.14501574182));
#3449 = VECTOR('',#3450,1.);
#3450 = DIRECTION('',(-0.473029498105,-0.707106781187,0.525588331228));
#3451 = ORIENTED_EDGE('',*,*,#3452,.T.);
#3452 = EDGE_CURVE('',#2767,#3389,#3453,.T.);
#3453 = LINE('',#3454,#3455);
#3454 = CARTESIAN_POINT('',(51.494426953524,-21.5,-20.14501574182));
#3455 = VECTOR('',#3456,1.);
#3456 = DIRECTION('',(-0.743294146247,0.,-0.668964731622));
#3457 = ORIENTED_EDGE('',*,*,#3388,.T.);
#3458 = ORIENTED_EDGE('',*,*,#1656,.F.);
#3459 = PLANE('',#3460);
#3460 = AXIS2_PLACEMENT_3D('',#3461,#3462,#3463);
#3461 = CARTESIAN_POINT('',(51.327185770618,-21.75,-19.95919220526));
#3462 = DIRECTION('',(-0.473029498105,0.707106781187,0.525588331228));
#3463 = DIRECTION('',(-0.743294146247,2.775557561563E-17,-0.668964731622
    ));
#3464 = ADVANCED_FACE('',(#3465),#3476,.F.);
#3465 = FACE_BOUND('',#3466,.F.);
#3466 = EDGE_LOOP('',(#3467,#3473,#3474,#3475));
#3467 = ORIENTED_EDGE('',*,*,#3468,.F.);
#3468 = EDGE_CURVE('',#2700,#1613,#3469,.T.);
#3469 = LINE('',#3470,#3471);
#3470 = CARTESIAN_POINT('',(12.468827043885,-22.,15.5));
#3471 = VECTOR('',#3472,1.);
#3472 = DIRECTION('',(-8.E-17,-0.707106781187,-0.707106781187));
#3473 = ORIENTED_EDGE('',*,*,#2708,.T.);
#3474 = ORIENTED_EDGE('',*,*,#2648,.T.);
#3475 = ORIENTED_EDGE('',*,*,#1620,.F.);
#3476 = PLANE('',#3477);
#3477 = AXIS2_PLACEMENT_3D('',#3478,#3479,#3480);
#3478 = CARTESIAN_POINT('',(12.468827043885,-21.75,15.75));
#3479 = DIRECTION('',(0.,0.707106781187,-0.707106781187));
#3480 = DIRECTION('',(1.,0.,0.));
#3481 = ADVANCED_FACE('',(#3482),#3488,.T.);
#3482 = FACE_BOUND('',#3483,.F.);
#3483 = EDGE_LOOP('',(#3484,#3485,#3486,#3487));
#3484 = ORIENTED_EDGE('',*,*,#2792,.F.);
#3485 = ORIENTED_EDGE('',*,*,#2766,.T.);
#3486 = ORIENTED_EDGE('',*,*,#3446,.T.);
#3487 = ORIENTED_EDGE('',*,*,#1647,.F.);
#3488 = CONICAL_SURFACE('',#3489,2.,0.785398163397);
#3489 = AXIS2_PLACEMENT_3D('',#3490,#3491,#3492);
#3490 = CARTESIAN_POINT('',(50.156497490279,-21.5,-18.65842744933));
#3491 = DIRECTION('',(0.,1.,0.));
#3492 = DIRECTION('',(0.743294146247,-0.,0.668964731622));
#3493 = ADVANCED_FACE('',(#3494,#3618,#3629),#3640,.T.);
#3494 = FACE_BOUND('',#3495,.F.);
#3495 = EDGE_LOOP('',(#3496,#3497,#3505,#3524,#3532,#3544,#3552,#3565,
    #3571,#3572,#3580,#3592,#3600,#3612));
#3496 = ORIENTED_EDGE('',*,*,#2234,.F.);
#3497 = ORIENTED_EDGE('',*,*,#3498,.F.);
#3498 = EDGE_CURVE('',#3499,#2235,#3501,.T.);
#3499 = VERTEX_POINT('',#3500);
#3500 = CARTESIAN_POINT('',(-19.8810353984,15.189201210946,15.5));
#3501 = LINE('',#3502,#3503);
#3502 = CARTESIAN_POINT('',(-19.75378874876,15.222687171378,15.5));
#3503 = VECTOR('',#3504,1.);
#3504 = DIRECTION('',(0.967074537263,0.25449329928,1.7E-16));
#3505 = ORIENTED_EDGE('',*,*,#3506,.F.);
#3506 = EDGE_CURVE('',#3507,#3499,#3509,.T.);
#3507 = VERTEX_POINT('',#3508);
#3508 = CARTESIAN_POINT('',(-20.24521999862,15.093363158256,
    15.424289500631));
#3509 = B_SPLINE_CURVE_WITH_KNOTS('',7,(#3510,#3511,#3512,#3513,#3514,
    #3515,#3516,#3517,#3518,#3519,#3520,#3521,#3522,#3523),
  .UNSPECIFIED.,.F.,.F.,(8,6,8),(449.87781278031,450.00556388546,
    450.38011514139),.UNSPECIFIED.);
#3510 = CARTESIAN_POINT('',(-20.24521999862,15.093363158256,
    15.424289500631));
#3511 = CARTESIAN_POINT('',(-20.22522808799,15.098624187371,
    15.42928747829));
#3512 = CARTESIAN_POINT('',(-20.20555779865,15.103800579302,
    15.434360319154));
#3513 = CARTESIAN_POINT('',(-20.18636214356,15.108852067483,
    15.439436726702));
#3514 = CARTESIAN_POINT('',(-20.16705259544,15.113933527514,
    15.444666627742));
#3515 = CARTESIAN_POINT('',(-20.14916372483,15.118641125044,
    15.449540446302));
#3516 = CARTESIAN_POINT('',(-20.12865605541,15.124037880154,
    15.455322897622));
#3517 = CARTESIAN_POINT('',(-20.06947835713,15.13961095865,
    15.471734264331));
#3518 = CARTESIAN_POINT('',(-20.03299602139,15.149211573318,
    15.48108248311));
#3519 = CARTESIAN_POINT('',(-19.99605156038,15.158933799899,
    15.489094659742));
#3520 = CARTESIAN_POINT('',(-19.96303780427,15.167621630454,
    15.494755894397));
#3521 = CARTESIAN_POINT('',(-19.93259547278,15.17563277032,
    15.498340099063));
#3522 = CARTESIAN_POINT('',(-19.90542385272,15.182783196651,15.5));
#3523 = CARTESIAN_POINT('',(-19.8810353984,15.189201210946,15.5));
#3524 = ORIENTED_EDGE('',*,*,#3525,.F.);
#3525 = EDGE_CURVE('',#3526,#3507,#3528,.T.);
#3526 = VERTEX_POINT('',#3527);
#3527 = CARTESIAN_POINT('',(-28.21886912831,12.995034439917,
    13.430877251364));
#3528 = LINE('',#3529,#3530);
#3529 = CARTESIAN_POINT('',(-28.0990477838,13.026566372683,
    13.460832554336));
#3530 = VECTOR('',#3531,1.);
#3531 = DIRECTION('',(0.939992416297,0.247366425341,0.234998104074));
#3532 = ORIENTED_EDGE('',*,*,#3533,.F.);
#3533 = EDGE_CURVE('',#3534,#3526,#3536,.T.);
#3534 = VERTEX_POINT('',#3535);
#3535 = CARTESIAN_POINT('',(-31.51646273136,12.12724664964,
    9.096117967978));
#3536 = B_SPLINE_CURVE_WITH_KNOTS('',6,(#3537,#3538,#3539,#3540,#3541,
    #3542,#3543),.UNSPECIFIED.,.F.,.F.,(7,7),(434.80015356903,
    441.39495709325),.PIECEWISE_BEZIER_KNOTS.);
#3537 = CARTESIAN_POINT('',(-31.51646273136,12.12724664964,
    9.096117967978));
#3538 = CARTESIAN_POINT('',(-31.51646273136,12.12724664964,
    10.06920823306));
#3539 = CARTESIAN_POINT('',(-31.2655524218,12.193275678473,
    11.05437476417));
#3540 = CARTESIAN_POINT('',(-30.75983080385,12.326360314775,
    11.961605778021));
#3541 = CARTESIAN_POINT('',(-30.03565595573,12.516932643228,
    12.695352767832));
#3542 = CARTESIAN_POINT('',(-29.16364516399,12.746409167371,
    13.19433300156));
#3543 = CARTESIAN_POINT('',(-28.21886912831,12.995034439917,
    13.430877251364));
#3544 = ORIENTED_EDGE('',*,*,#3545,.F.);
#3545 = EDGE_CURVE('',#3546,#3534,#3548,.T.);
#3546 = VERTEX_POINT('',#3547);
#3547 = CARTESIAN_POINT('',(-31.51646273136,12.12724664964,-11.));
#3548 = LINE('',#3549,#3550);
#3549 = CARTESIAN_POINT('',(-31.51646273136,12.12724664964,-11.));
#3550 = VECTOR('',#3551,1.);
#3551 = DIRECTION('',(-0.,-6.7E-16,1.));
#3552 = ORIENTED_EDGE('',*,*,#3553,.F.);
#3553 = EDGE_CURVE('',#3554,#3546,#3556,.T.);
#3554 = VERTEX_POINT('',#3555);
#3555 = CARTESIAN_POINT('',(-27.12724664964,13.282303513253,-15.5));
#3556 = B_SPLINE_CURVE_WITH_KNOTS('',7,(#3557,#3558,#3559,#3560,#3561,
    #3562,#3563,#3564),.UNSPECIFIED.,.F.,.F.,(8,8),(406.84738658569,
    414.70403560105),.PIECEWISE_BEZIER_KNOTS.);
#3557 = CARTESIAN_POINT('',(-27.12700800584,13.282366314251,
    -15.50000006089));
#3558 = CARTESIAN_POINT('',(-28.12076686038,13.020850826215,
    -15.49949290519));
#3559 = CARTESIAN_POINT('',(-29.10780242815,12.76110462417,
    -15.22697670391));
#3560 = CARTESIAN_POINT('',(-30.01040522431,12.523577572547,
    -14.68856888458));
#3561 = CARTESIAN_POINT('',(-30.7500854704,12.328924876209,
    -13.91938655852));
#3562 = CARTESIAN_POINT('',(-31.26154298667,12.194330792981,
    -12.99054871537));
#3563 = CARTESIAN_POINT('',(-31.51646273136,12.12724664964,
    -11.98967337171));
#3564 = CARTESIAN_POINT('',(-31.51646273136,12.12724664964,-11.));
#3565 = ORIENTED_EDGE('',*,*,#3566,.F.);
#3566 = EDGE_CURVE('',#1741,#3554,#3567,.T.);
#3567 = LINE('',#3568,#3569);
#3568 = CARTESIAN_POINT('',(-0.255837920097,20.353726863132,-15.5));
#3569 = VECTOR('',#3570,1.);
#3570 = DIRECTION('',(-0.967074537263,-0.25449329928,-1.7E-16));
#3571 = ORIENTED_EDGE('',*,*,#1738,.F.);
#3572 = ORIENTED_EDGE('',*,*,#3573,.T.);
#3573 = EDGE_CURVE('',#1739,#3574,#3576,.T.);
#3574 = VERTEX_POINT('',#3575);
#3575 = CARTESIAN_POINT('',(-14.04453928187,16.725121241613,-11.5));
#3576 = LINE('',#3577,#3578);
#3577 = CARTESIAN_POINT('',(-0.255837920097,20.353726863132,-11.5));
#3578 = VECTOR('',#3579,1.);
#3579 = DIRECTION('',(-0.967074537263,-0.25449329928,-1.7E-16));
#3580 = ORIENTED_EDGE('',*,*,#3581,.T.);
#3581 = EDGE_CURVE('',#3574,#3582,#3584,.T.);
#3582 = VERTEX_POINT('',#3583);
#3583 = CARTESIAN_POINT('',(-15.49559083063,16.343265570884,-10.));
#3584 = ( BOUNDED_CURVE() B_SPLINE_CURVE(6,(#3585,#3586,#3587,#3588,
#3589,#3590,#3591),.UNSPECIFIED.,.F.,.F.) B_SPLINE_CURVE_WITH_KNOTS((7,7
),(203.30375158322,204.86247332471),.PIECEWISE_BEZIER_KNOTS.) CURVE() 
GEOMETRIC_REPRESENTATION_ITEM() RATIONAL_B_SPLINE_CURVE((1.,1.,1.,1.,1.,
1.,1.)) REPRESENTATION_ITEM('') );
#3585 = CARTESIAN_POINT('',(-14.04466061972,16.725089310598,
    -11.49999998425));
#3586 = CARTESIAN_POINT('',(-14.42521166956,16.624944297482,
    -11.49996643344));
#3587 = CARTESIAN_POINT('',(-14.80437531251,16.525164391444,
    -11.37605139729));
#3588 = CARTESIAN_POINT('',(-15.13671380625,16.437706893091,
    -11.13022961439));
#3589 = CARTESIAN_POINT('',(-15.37624802259,16.374671573001,
    -10.78576285146));
#3590 = CARTESIAN_POINT('',(-15.49559083063,16.343265570884,
    -10.39289796254));
#3591 = CARTESIAN_POINT('',(-15.49559083063,16.343265570884,-10.));
#3592 = ORIENTED_EDGE('',*,*,#3593,.T.);
#3593 = EDGE_CURVE('',#3582,#3594,#3596,.T.);
#3594 = VERTEX_POINT('',#3595);
#3595 = CARTESIAN_POINT('',(-15.49559083063,16.343265570884,10.));
#3596 = LINE('',#3597,#3598);
#3597 = CARTESIAN_POINT('',(-15.49559083063,16.343265570884,-10.));
#3598 = VECTOR('',#3599,1.);
#3599 = DIRECTION('',(0.,-4.4E-16,1.));
#3600 = ORIENTED_EDGE('',*,*,#3601,.T.);
#3601 = EDGE_CURVE('',#3594,#3602,#3604,.T.);
#3602 = VERTEX_POINT('',#3603);
#3603 = CARTESIAN_POINT('',(-14.04453928187,16.725121241613,11.5));
#3604 = ( BOUNDED_CURVE() B_SPLINE_CURVE(6,(#3605,#3606,#3607,#3608,
#3609,#3610,#3611),.UNSPECIFIED.,.F.,.F.) B_SPLINE_CURVE_WITH_KNOTS((7,7
),(224.86247332471,226.42119506621),.PIECEWISE_BEZIER_KNOTS.) CURVE() 
GEOMETRIC_REPRESENTATION_ITEM() RATIONAL_B_SPLINE_CURVE((1.,1.,1.,1.,1.,
1.,1.)) REPRESENTATION_ITEM('') );
#3605 = CARTESIAN_POINT('',(-15.49559083063,16.343265570884,10.));
#3606 = CARTESIAN_POINT('',(-15.49559083063,16.343265570884,
    10.392897962543));
#3607 = CARTESIAN_POINT('',(-15.37624802259,16.374671573001,
    10.785762851467));
#3608 = CARTESIAN_POINT('',(-15.13671380625,16.437706893091,
    11.130229614397));
#3609 = CARTESIAN_POINT('',(-14.80437531251,16.525164391444,
    11.37605139729));
#3610 = CARTESIAN_POINT('',(-14.42521166956,16.624944297482,
    11.499966433443));
#3611 = CARTESIAN_POINT('',(-14.04466061972,16.725089310598,
    11.499999984258));
#3612 = ORIENTED_EDGE('',*,*,#3613,.T.);
#3613 = EDGE_CURVE('',#3602,#2237,#3614,.T.);
#3614 = LINE('',#3615,#3616);
#3615 = CARTESIAN_POINT('',(-14.03263230082,16.728254657678,11.5));
#3616 = VECTOR('',#3617,1.);
#3617 = DIRECTION('',(0.967074537263,0.25449329928,1.1E-16));
#3618 = FACE_BOUND('',#3619,.F.);
#3619 = EDGE_LOOP('',(#3620));
#3620 = ORIENTED_EDGE('',*,*,#3621,.T.);
#3621 = EDGE_CURVE('',#3622,#3622,#3624,.T.);
#3622 = VERTEX_POINT('',#3623);
#3623 = CARTESIAN_POINT('',(-28.5,12.921052631579,7.));
#3624 = ELLIPSE('',#3625,4.136185832503,4.);
#3625 = AXIS2_PLACEMENT_3D('',#3626,#3627,#3628);
#3626 = CARTESIAN_POINT('',(-24.5,13.973684210526,7.));
#3627 = DIRECTION('',(-0.25449329928,0.967074537263,5.4E-16));
#3628 = DIRECTION('',(0.967074537263,0.25449329928,-2.93E-15));
#3629 = FACE_BOUND('',#3630,.F.);
#3630 = EDGE_LOOP('',(#3631));
#3631 = ORIENTED_EDGE('',*,*,#3632,.T.);
#3632 = EDGE_CURVE('',#3633,#3633,#3635,.T.);
#3633 = VERTEX_POINT('',#3634);
#3634 = CARTESIAN_POINT('',(-31.1,12.236842105263,-7.));
#3635 = ELLIPSE('',#3636,6.82470662363,6.6);
#3636 = AXIS2_PLACEMENT_3D('',#3637,#3638,#3639);
#3637 = CARTESIAN_POINT('',(-24.5,13.973684210526,-7.));
#3638 = DIRECTION('',(-0.25449329928,0.967074537263,5.4E-16));
#3639 = DIRECTION('',(-0.967074537263,-0.25449329928,3.41E-15));
#3640 = PLANE('',#3641);
#3641 = AXIS2_PLACEMENT_3D('',#3642,#3643,#3644);
#3642 = CARTESIAN_POINT('',(-13.,17.,16.));
#3643 = DIRECTION('',(-0.25449329928,0.967074537263,5.4E-16));
#3644 = DIRECTION('',(-3.091558730091E-17,-5.665207682565E-16,1.));
#3645 = ADVANCED_FACE('',(#3646),#3665,.T.);
#3646 = FACE_BOUND('',#3647,.T.);
#3647 = EDGE_LOOP('',(#3648,#3649,#3658,#3664));
#3648 = ORIENTED_EDGE('',*,*,#1787,.F.);
#3649 = ORIENTED_EDGE('',*,*,#3650,.T.);
#3650 = EDGE_CURVE('',#1780,#3651,#3653,.T.);
#3651 = VERTEX_POINT('',#3652);
#3652 = CARTESIAN_POINT('',(-0.128591270457,19.870189594501,-16.));
#3653 = CIRCLE('',#3654,49.5);
#3654 = AXIS2_PLACEMENT_3D('',#3655,#3656,#3657);
#3655 = CARTESIAN_POINT('',(12.468827043885,-28.,-16.));
#3656 = DIRECTION('',(0.,-0.,1.));
#3657 = DIRECTION('',(-1.1E-16,1.,0.));
#3658 = ORIENTED_EDGE('',*,*,#3659,.T.);
#3659 = EDGE_CURVE('',#3651,#1741,#3660,.T.);
#3660 = LINE('',#3661,#3662);
#3661 = CARTESIAN_POINT('',(-0.255837920097,20.353726863132,-15.5));
#3662 = VECTOR('',#3663,1.);
#3663 = DIRECTION('',(-0.179953937687,0.683824963211,0.707106781187));
#3664 = ORIENTED_EDGE('',*,*,#1756,.F.);
#3665 = CONICAL_SURFACE('',#3666,50.,0.785398163397);
#3666 = AXIS2_PLACEMENT_3D('',#3667,#3668,#3669);
#3667 = CARTESIAN_POINT('',(12.468827043885,-28.,-15.5));
#3668 = DIRECTION('',(-0.,-0.,1.));
#3669 = DIRECTION('',(-1.1E-16,1.,0.));
#3670 = ADVANCED_FACE('',(#3671),#3691,.T.);
#3671 = FACE_BOUND('',#3672,.F.);
#3672 = EDGE_LOOP('',(#3673,#3674,#3683,#3690));
#3673 = ORIENTED_EDGE('',*,*,#1811,.F.);
#3674 = ORIENTED_EDGE('',*,*,#3675,.T.);
#3675 = EDGE_CURVE('',#1812,#3676,#3678,.T.);
#3676 = VERTEX_POINT('',#3677);
#3677 = CARTESIAN_POINT('',(-0.128591270457,19.870189594501,-11.));
#3678 = CIRCLE('',#3679,49.5);
#3679 = AXIS2_PLACEMENT_3D('',#3680,#3681,#3682);
#3680 = CARTESIAN_POINT('',(12.468827043885,-28.,-11.));
#3681 = DIRECTION('',(0.,-6.7E-16,1.));
#3682 = DIRECTION('',(-1.1E-16,1.,6.7E-16));
#3683 = ORIENTED_EDGE('',*,*,#3684,.T.);
#3684 = EDGE_CURVE('',#3676,#1739,#3685,.T.);
#3685 = CIRCLE('',#3686,0.5);
#3686 = AXIS2_PLACEMENT_3D('',#3687,#3688,#3689);
#3687 = CARTESIAN_POINT('',(-0.128591270457,19.870189594501,-11.5));
#3688 = DIRECTION('',(-0.967074537263,-0.25449329928,-1.7E-16));
#3689 = DIRECTION('',(-0.25449329928,0.967074537263,6.4E-16));
#3690 = ORIENTED_EDGE('',*,*,#1748,.F.);
#3691 = TOROIDAL_SURFACE('',#3692,49.5,0.5);
#3692 = AXIS2_PLACEMENT_3D('',#3693,#3694,#3695);
#3693 = CARTESIAN_POINT('',(12.468827043885,-28.,-11.5));
#3694 = DIRECTION('',(0.,6.7E-16,-1.));
#3695 = DIRECTION('',(-1.1E-16,1.,6.7E-16));
#3696 = ADVANCED_FACE('',(#3697),#3748,.T.);
#3697 = FACE_BOUND('',#3698,.T.);
#3698 = EDGE_LOOP('',(#3699,#3705,#3706,#3715,#3723,#3729,#3730,#3731,
    #3732,#3740,#3746,#3747));
#3699 = ORIENTED_EDGE('',*,*,#3700,.F.);
#3700 = EDGE_CURVE('',#2975,#1772,#3701,.T.);
#3701 = LINE('',#3702,#3703);
#3702 = CARTESIAN_POINT('',(23.546375952926,1.066E-14,-16.));
#3703 = VECTOR('',#3704,1.);
#3704 = DIRECTION('',(0.,1.,6.7E-16));
#3705 = ORIENTED_EDGE('',*,*,#2982,.T.);
#3706 = ORIENTED_EDGE('',*,*,#3707,.T.);
#3707 = EDGE_CURVE('',#2983,#3708,#3710,.T.);
#3708 = VERTEX_POINT('',#3709);
#3709 = CARTESIAN_POINT('',(-0.128591270457,-19.8701895945,-16.));
#3710 = CIRCLE('',#3711,49.5);
#3711 = AXIS2_PLACEMENT_3D('',#3712,#3713,#3714);
#3712 = CARTESIAN_POINT('',(12.468827043885,28.,-16.));
#3713 = DIRECTION('',(0.,0.,-1.));
#3714 = DIRECTION('',(-1.1E-16,-1.,-0.));
#3715 = ORIENTED_EDGE('',*,*,#3716,.T.);
#3716 = EDGE_CURVE('',#3708,#3717,#3719,.T.);
#3717 = VERTEX_POINT('',#3718);
#3718 = CARTESIAN_POINT('',(-27.,-12.79876624462,-16.));
#3719 = LINE('',#3720,#3721);
#3720 = CARTESIAN_POINT('',(-0.128591270457,-19.8701895945,-16.));
#3721 = VECTOR('',#3722,1.);
#3722 = DIRECTION('',(-0.967074537263,0.25449329928,-6.E-17));
#3723 = ORIENTED_EDGE('',*,*,#3724,.F.);
#3724 = EDGE_CURVE('',#2578,#3717,#3725,.T.);
#3725 = LINE('',#3726,#3727);
#3726 = CARTESIAN_POINT('',(-27.,-3.55E-15,-16.));
#3727 = VECTOR('',#3728,1.);
#3728 = DIRECTION('',(0.,-1.,2.2E-16));
#3729 = ORIENTED_EDGE('',*,*,#2586,.F.);
#3730 = ORIENTED_EDGE('',*,*,#2490,.T.);
#3731 = ORIENTED_EDGE('',*,*,#2360,.F.);
#3732 = ORIENTED_EDGE('',*,*,#3733,.F.);
#3733 = EDGE_CURVE('',#3734,#2361,#3736,.T.);
#3734 = VERTEX_POINT('',#3735);
#3735 = CARTESIAN_POINT('',(-27.,12.798766244621,-16.));
#3736 = LINE('',#3737,#3738);
#3737 = CARTESIAN_POINT('',(-27.,-3.55E-15,-16.));
#3738 = VECTOR('',#3739,1.);
#3739 = DIRECTION('',(0.,-1.,2.2E-16));
#3740 = ORIENTED_EDGE('',*,*,#3741,.F.);
#3741 = EDGE_CURVE('',#3651,#3734,#3742,.T.);
#3742 = LINE('',#3743,#3744);
#3743 = CARTESIAN_POINT('',(-0.128591270457,19.870189594501,-16.));
#3744 = VECTOR('',#3745,1.);
#3745 = DIRECTION('',(-0.967074537263,-0.25449329928,-1.7E-16));
#3746 = ORIENTED_EDGE('',*,*,#3650,.F.);
#3747 = ORIENTED_EDGE('',*,*,#1779,.F.);
#3748 = PLANE('',#3749);
#3749 = AXIS2_PLACEMENT_3D('',#3750,#3751,#3752);
#3750 = CARTESIAN_POINT('',(0.681588485973,3.68E-15,-16.));
#3751 = DIRECTION('',(-0.,-0.,-1.));
#3752 = DIRECTION('',(-1.,0.,0.));
#3753 = ADVANCED_FACE('',(#3754),#3807,.F.);
#3754 = FACE_BOUND('',#3755,.T.);
#3755 = EDGE_LOOP('',(#3756,#3766,#3775,#3784,#3793,#3799,#3800,#3801));
#3756 = ORIENTED_EDGE('',*,*,#3757,.T.);
#3757 = EDGE_CURVE('',#3758,#3760,#3762,.T.);
#3758 = VERTEX_POINT('',#3759);
#3759 = CARTESIAN_POINT('',(-13.91729263223,16.241583972981,-11.));
#3760 = VERTEX_POINT('',#3761);
#3761 = CARTESIAN_POINT('',(-12.9517528019,12.167530908018,-11.));
#3762 = LINE('',#3763,#3764);
#3763 = CARTESIAN_POINT('',(-14.02695360284,16.704293640062,-11.));
#3764 = VECTOR('',#3765,1.);
#3765 = DIRECTION('',(0.230609429536,-0.973046397151,-6.5E-16));
#3766 = ORIENTED_EDGE('',*,*,#3767,.T.);
#3767 = EDGE_CURVE('',#3760,#3768,#3770,.T.);
#3768 = VERTEX_POINT('',#3769);
#3769 = CARTESIAN_POINT('',(-12.10908018608,11.931897462135,-11.));
#3770 = CIRCLE('',#3771,0.5);
#3771 = AXIS2_PLACEMENT_3D('',#3772,#3773,#3774);
#3772 = CARTESIAN_POINT('',(-12.46522960332,12.282835622786,-11.));
#3773 = DIRECTION('',(-2.465190328816E-32,-6.7E-16,1.));
#3774 = DIRECTION('',(-0.973046397151,-0.230609429536,-1.54508317789E-16
    ));
#3775 = ORIENTED_EDGE('',*,*,#3776,.T.);
#3776 = EDGE_CURVE('',#3768,#3777,#3779,.T.);
#3777 = VERTEX_POINT('',#3778);
#3778 = CARTESIAN_POINT('',(5.317819615693,16.146850916973,-11.));
#3779 = CIRCLE('',#3780,17.);
#3780 = AXIS2_PLACEMENT_3D('',#3781,#3782,#3783);
#3781 = CARTESIAN_POINT('',(0.,6.22E-15,-11.));
#3782 = DIRECTION('',(0.,6.7E-16,-1.));
#3783 = DIRECTION('',(-0.712298834476,0.701876321302,4.702571352724E-16)
  );
#3784 = ORIENTED_EDGE('',*,*,#3785,.T.);
#3785 = EDGE_CURVE('',#3777,#3786,#3788,.T.);
#3786 = VERTEX_POINT('',#3787);
#3787 = CARTESIAN_POINT('',(5.692427245373,16.171882481533,-11.));
#3788 = CIRCLE('',#3789,0.5);
#3789 = AXIS2_PLACEMENT_3D('',#3790,#3791,#3792);
#3790 = CARTESIAN_POINT('',(5.474226074978,16.621758296884,-11.));
#3791 = DIRECTION('',(-2.465190328816E-32,-6.7E-16,1.));
#3792 = DIRECTION('',(-0.31281291857,-0.949814759822,-6.363758890807E-16
    ));
#3793 = ORIENTED_EDGE('',*,*,#3794,.T.);
#3794 = EDGE_CURVE('',#3786,#1803,#3795,.T.);
#3795 = LINE('',#3796,#3797);
#3796 = CARTESIAN_POINT('',(5.692427245373,16.171882481533,-11.));
#3797 = VECTOR('',#3798,1.);
#3798 = DIRECTION('',(0.899751630702,0.436402340792,2.9E-16));
#3799 = ORIENTED_EDGE('',*,*,#1820,.T.);
#3800 = ORIENTED_EDGE('',*,*,#3675,.T.);
#3801 = ORIENTED_EDGE('',*,*,#3802,.T.);
#3802 = EDGE_CURVE('',#3676,#3758,#3803,.T.);
#3803 = LINE('',#3804,#3805);
#3804 = CARTESIAN_POINT('',(-0.128591270457,19.870189594501,-11.));
#3805 = VECTOR('',#3806,1.);
#3806 = DIRECTION('',(-0.967074537263,-0.25449329928,-1.7E-16));
#3807 = PLANE('',#3808);
#3808 = AXIS2_PLACEMENT_3D('',#3809,#3810,#3811);
#3809 = CARTESIAN_POINT('',(28.,8.44E-15,-11.));
#3810 = DIRECTION('',(0.,6.7E-16,-1.));
#3811 = DIRECTION('',(1.,0.,0.));
#3812 = ADVANCED_FACE('',(#3813),#3819,.F.);
#3813 = FACE_BOUND('',#3814,.T.);
#3814 = EDGE_LOOP('',(#3815,#3816,#3817,#3818));
#3815 = ORIENTED_EDGE('',*,*,#2871,.T.);
#3816 = ORIENTED_EDGE('',*,*,#3043,.T.);
#3817 = ORIENTED_EDGE('',*,*,#3700,.T.);
#3818 = ORIENTED_EDGE('',*,*,#1842,.F.);
#3819 = CYLINDRICAL_SURFACE('',#3820,10.);
#3820 = AXIS2_PLACEMENT_3D('',#3821,#3822,#3823);
#3821 = CARTESIAN_POINT('',(23.546375952926,-5.77E-15,-26.));
#3822 = DIRECTION('',(0.,-1.,2.2E-16));
#3823 = DIRECTION('',(0.,2.2E-16,1.));
#3824 = ADVANCED_FACE('',(#3825),#3844,.F.);
#3825 = FACE_BOUND('',#3826,.F.);
#3826 = EDGE_LOOP('',(#3827,#3835,#3842,#3843));
#3827 = ORIENTED_EDGE('',*,*,#3828,.F.);
#3828 = EDGE_CURVE('',#3829,#1860,#3831,.T.);
#3829 = VERTEX_POINT('',#3830);
#3830 = CARTESIAN_POINT('',(6.128829586165,15.272130850831,-10.));
#3831 = LINE('',#3832,#3833);
#3832 = CARTESIAN_POINT('',(6.128829586165,15.272130850831,-10.));
#3833 = VECTOR('',#3834,1.);
#3834 = DIRECTION('',(0.899751630702,0.436402340792,2.9E-16));
#3835 = ORIENTED_EDGE('',*,*,#3836,.T.);
#3836 = EDGE_CURVE('',#3829,#3786,#3837,.T.);
#3837 = CIRCLE('',#3838,1.);
#3838 = AXIS2_PLACEMENT_3D('',#3839,#3840,#3841);
#3839 = CARTESIAN_POINT('',(5.692427245373,16.171882481533,-10.));
#3840 = DIRECTION('',(0.899751630702,0.436402340792,2.9E-16));
#3841 = DIRECTION('',(0.436402340792,-0.899751630702,-6.E-16));
#3842 = ORIENTED_EDGE('',*,*,#3794,.T.);
#3843 = ORIENTED_EDGE('',*,*,#1870,.F.);
#3844 = CYLINDRICAL_SURFACE('',#3845,1.);
#3845 = AXIS2_PLACEMENT_3D('',#3846,#3847,#3848);
#3846 = CARTESIAN_POINT('',(5.692427245373,16.171882481533,-10.));
#3847 = DIRECTION('',(0.899751630702,0.436402340792,2.9E-16));
#3848 = DIRECTION('',(0.436402340792,-0.899751630702,-4.E-16));
#3849 = ADVANCED_FACE('',(#3850),#3868,.T.);
#3850 = FACE_BOUND('',#3851,.F.);
#3851 = EDGE_LOOP('',(#3852,#3860,#3866,#3867));
#3852 = ORIENTED_EDGE('',*,*,#3853,.F.);
#3853 = EDGE_CURVE('',#3854,#1998,#3856,.T.);
#3854 = VERTEX_POINT('',#3855);
#3855 = CARTESIAN_POINT('',(6.128829586165,15.272130850831,10.));
#3856 = LINE('',#3857,#3858);
#3857 = CARTESIAN_POINT('',(6.128829586165,15.272130850831,10.));
#3858 = VECTOR('',#3859,1.);
#3859 = DIRECTION('',(0.899751630702,0.436402340792,1.9E-16));
#3860 = ORIENTED_EDGE('',*,*,#3861,.T.);
#3861 = EDGE_CURVE('',#3854,#3829,#3862,.T.);
#3862 = LINE('',#3863,#3864);
#3863 = CARTESIAN_POINT('',(6.128829586165,15.272130850831,11.));
#3864 = VECTOR('',#3865,1.);
#3865 = DIRECTION('',(0.,4.4E-16,-1.));
#3866 = ORIENTED_EDGE('',*,*,#3828,.T.);
#3867 = ORIENTED_EDGE('',*,*,#2007,.F.);
#3868 = PLANE('',#3869);
#3869 = AXIS2_PLACEMENT_3D('',#3870,#3871,#3872);
#3870 = CARTESIAN_POINT('',(5.567764362831,14.999999999999,11.));
#3871 = DIRECTION('',(-0.436402340792,0.899751630702,4.E-16));
#3872 = DIRECTION('',(-0.899751630702,-0.436402340792,-1.9E-16));
#3873 = ADVANCED_FACE('',(#3874),#3893,.F.);
#3874 = FACE_BOUND('',#3875,.F.);
#3875 = EDGE_LOOP('',(#3876,#3884,#3891,#3892));
#3876 = ORIENTED_EDGE('',*,*,#3877,.F.);
#3877 = EDGE_CURVE('',#3878,#2047,#3880,.T.);
#3878 = VERTEX_POINT('',#3879);
#3879 = CARTESIAN_POINT('',(5.692427245373,16.171882481533,11.));
#3880 = LINE('',#3881,#3882);
#3881 = CARTESIAN_POINT('',(5.692427245373,16.171882481533,11.));
#3882 = VECTOR('',#3883,1.);
#3883 = DIRECTION('',(0.899751630702,0.436402340792,1.9E-16));
#3884 = ORIENTED_EDGE('',*,*,#3885,.T.);
#3885 = EDGE_CURVE('',#3878,#3854,#3886,.T.);
#3886 = CIRCLE('',#3887,1.);
#3887 = AXIS2_PLACEMENT_3D('',#3888,#3889,#3890);
#3888 = CARTESIAN_POINT('',(5.692427245373,16.171882481533,10.));
#3889 = DIRECTION('',(0.899751630702,0.436402340792,1.9E-16));
#3890 = DIRECTION('',(0.436402340792,-0.899751630702,-4.E-16));
#3891 = ORIENTED_EDGE('',*,*,#3853,.T.);
#3892 = ORIENTED_EDGE('',*,*,#2057,.F.);
#3893 = CYLINDRICAL_SURFACE('',#3894,1.);
#3894 = AXIS2_PLACEMENT_3D('',#3895,#3896,#3897);
#3895 = CARTESIAN_POINT('',(5.692427245373,16.171882481533,10.));
#3896 = DIRECTION('',(0.899751630702,0.436402340792,1.9E-16));
#3897 = DIRECTION('',(1.814825985181E-18,-4.391197634091E-16,1.));
#3898 = ADVANCED_FACE('',(#3899),#3919,.T.);
#3899 = FACE_BOUND('',#3900,.F.);
#3900 = EDGE_LOOP('',(#3901,#3910,#3917,#3918));
#3901 = ORIENTED_EDGE('',*,*,#3902,.F.);
#3902 = EDGE_CURVE('',#3903,#2237,#3905,.T.);
#3903 = VERTEX_POINT('',#3904);
#3904 = CARTESIAN_POINT('',(-0.128591270457,19.870189594501,11.));
#3905 = CIRCLE('',#3906,0.5);
#3906 = AXIS2_PLACEMENT_3D('',#3907,#3908,#3909);
#3907 = CARTESIAN_POINT('',(-0.128591270457,19.870189594501,11.5));
#3908 = DIRECTION('',(0.967074537263,0.25449329928,1.1E-16));
#3909 = DIRECTION('',(-1.911956341523E-18,4.394968535943E-16,-1.));
#3910 = ORIENTED_EDGE('',*,*,#3911,.T.);
#3911 = EDGE_CURVE('',#3903,#2185,#3912,.T.);
#3912 = CIRCLE('',#3913,49.5);
#3913 = AXIS2_PLACEMENT_3D('',#3914,#3915,#3916);
#3914 = CARTESIAN_POINT('',(12.468827043885,-28.,11.));
#3915 = DIRECTION('',(0.,4.4E-16,-1.));
#3916 = DIRECTION('',(-0.25449329928,0.967074537263,4.255127963956E-16)
  );
#3917 = ORIENTED_EDGE('',*,*,#2184,.T.);
#3918 = ORIENTED_EDGE('',*,*,#2252,.F.);
#3919 = TOROIDAL_SURFACE('',#3920,49.5,0.5);
#3920 = AXIS2_PLACEMENT_3D('',#3921,#3922,#3923);
#3921 = CARTESIAN_POINT('',(12.468827043885,-28.,11.5));
#3922 = DIRECTION('',(0.,-4.4E-16,1.));
#3923 = DIRECTION('',(-0.25449329928,0.967074537263,4.255127963956E-16)
  );
#3924 = ADVANCED_FACE('',(#3925),#3971,.F.);
#3925 = FACE_BOUND('',#3926,.T.);
#3926 = EDGE_LOOP('',(#3927,#3928,#3937,#3946,#3955,#3963,#3969,#3970));
#3927 = ORIENTED_EDGE('',*,*,#3877,.F.);
#3928 = ORIENTED_EDGE('',*,*,#3929,.F.);
#3929 = EDGE_CURVE('',#3930,#3878,#3932,.T.);
#3930 = VERTEX_POINT('',#3931);
#3931 = CARTESIAN_POINT('',(5.317819615693,16.146850916973,11.));
#3932 = CIRCLE('',#3933,0.5);
#3933 = AXIS2_PLACEMENT_3D('',#3934,#3935,#3936);
#3934 = CARTESIAN_POINT('',(5.474226074978,16.621758296884,11.));
#3935 = DIRECTION('',(0.,-4.4E-16,1.));
#3936 = DIRECTION('',(-0.31281291857,-0.949814759822,-4.179184943217E-16
    ));
#3937 = ORIENTED_EDGE('',*,*,#3938,.F.);
#3938 = EDGE_CURVE('',#3939,#3930,#3941,.T.);
#3939 = VERTEX_POINT('',#3940);
#3940 = CARTESIAN_POINT('',(-12.10908018608,11.931897462135,11.));
#3941 = CIRCLE('',#3942,17.);
#3942 = AXIS2_PLACEMENT_3D('',#3943,#3944,#3945);
#3943 = CARTESIAN_POINT('',(0.,-8.44E-15,11.));
#3944 = DIRECTION('',(2.465190328816E-32,4.4E-16,-1.));
#3945 = DIRECTION('',(-0.712298834476,0.701876321302,3.088255813729E-16)
  );
#3946 = ORIENTED_EDGE('',*,*,#3947,.F.);
#3947 = EDGE_CURVE('',#3948,#3939,#3950,.T.);
#3948 = VERTEX_POINT('',#3949);
#3949 = CARTESIAN_POINT('',(-12.9517528019,12.167530908018,11.));
#3950 = CIRCLE('',#3951,0.5);
#3951 = AXIS2_PLACEMENT_3D('',#3952,#3953,#3954);
#3952 = CARTESIAN_POINT('',(-12.46522960332,12.282835622786,11.));
#3953 = DIRECTION('',(-1.232595164408E-32,-4.4E-16,1.));
#3954 = DIRECTION('',(-0.973046397151,-0.230609429536,
    -1.014681489958E-16));
#3955 = ORIENTED_EDGE('',*,*,#3956,.F.);
#3956 = EDGE_CURVE('',#3957,#3948,#3959,.T.);
#3957 = VERTEX_POINT('',#3958);
#3958 = CARTESIAN_POINT('',(-13.91729263223,16.241583972981,11.));
#3959 = LINE('',#3960,#3961);
#3960 = CARTESIAN_POINT('',(-14.02695360284,16.704293640062,11.));
#3961 = VECTOR('',#3962,1.);
#3962 = DIRECTION('',(0.230609429536,-0.973046397151,-4.3E-16));
#3963 = ORIENTED_EDGE('',*,*,#3964,.T.);
#3964 = EDGE_CURVE('',#3957,#3903,#3965,.T.);
#3965 = LINE('',#3966,#3967);
#3966 = CARTESIAN_POINT('',(-13.90538565118,16.244717389047,11.));
#3967 = VECTOR('',#3968,1.);
#3968 = DIRECTION('',(0.967074537263,0.25449329928,1.1E-16));
#3969 = ORIENTED_EDGE('',*,*,#3911,.T.);
#3970 = ORIENTED_EDGE('',*,*,#2195,.T.);
#3971 = PLANE('',#3972);
#3972 = AXIS2_PLACEMENT_3D('',#3973,#3974,#3975);
#3973 = CARTESIAN_POINT('',(1.083851009631,17.556346533933,11.));
#3974 = DIRECTION('',(0.,-4.4E-16,1.));
#3975 = DIRECTION('',(-1.,0.,0.));
#3976 = ADVANCED_FACE('',(#3977),#3988,.T.);
#3977 = FACE_BOUND('',#3978,.T.);
#3978 = EDGE_LOOP('',(#3979,#3985,#3986,#3987));
#3979 = ORIENTED_EDGE('',*,*,#3980,.T.);
#3980 = EDGE_CURVE('',#2210,#3389,#3981,.T.);
#3981 = LINE('',#3982,#3983);
#3982 = CARTESIAN_POINT('',(46.670457452784,-5.44E-15,-24.48658829249));
#3983 = VECTOR('',#3984,1.);
#3984 = DIRECTION('',(0.,-1.,2.2E-16));
#3985 = ORIENTED_EDGE('',*,*,#3396,.T.);
#3986 = ORIENTED_EDGE('',*,*,#2832,.T.);
#3987 = ORIENTED_EDGE('',*,*,#2217,.F.);
#3988 = CYLINDRICAL_SURFACE('',#3989,2.);
#3989 = AXIS2_PLACEMENT_3D('',#3990,#3991,#3992);
#3990 = CARTESIAN_POINT('',(45.332527989539,-5.11E-15,-23.));
#3991 = DIRECTION('',(0.,-1.,2.2E-16));
#3992 = DIRECTION('',(0.,-2.2E-16,-1.));
#3993 = ADVANCED_FACE('',(#3994),#4005,.T.);
#3994 = FACE_BOUND('',#3995,.T.);
#3995 = EDGE_LOOP('',(#3996,#4002,#4003,#4004));
#3996 = ORIENTED_EDGE('',*,*,#3997,.F.);
#3997 = EDGE_CURVE('',#2717,#2235,#3998,.T.);
#3998 = LINE('',#3999,#4000);
#3999 = CARTESIAN_POINT('',(-0.192214595277,20.111958228817,15.75));
#4000 = VECTOR('',#4001,1.);
#4001 = DIRECTION('',(-0.179953937687,0.683824963211,-0.707106781187));
#4002 = ORIENTED_EDGE('',*,*,#2716,.T.);
#4003 = ORIENTED_EDGE('',*,*,#2291,.T.);
#4004 = ORIENTED_EDGE('',*,*,#2244,.F.);
#4005 = CONICAL_SURFACE('',#4006,50.,0.785398163397);
#4006 = AXIS2_PLACEMENT_3D('',#4007,#4008,#4009);
#4007 = CARTESIAN_POINT('',(12.468827043885,-28.,15.5));
#4008 = DIRECTION('',(-0.,2.5E-16,-1.));
#4009 = DIRECTION('',(-0.25449329928,0.967074537263,2.417686343157E-16)
  );
#4010 = ADVANCED_FACE('',(#4011),#4017,.T.);
#4011 = FACE_BOUND('',#4012,.T.);
#4012 = EDGE_LOOP('',(#4013,#4014,#4015,#4016));
#4013 = ORIENTED_EDGE('',*,*,#3980,.F.);
#4014 = ORIENTED_EDGE('',*,*,#2275,.F.);
#4015 = ORIENTED_EDGE('',*,*,#2775,.F.);
#4016 = ORIENTED_EDGE('',*,*,#3452,.T.);
#4017 = PLANE('',#4018);
#4018 = AXIS2_PLACEMENT_3D('',#4019,#4020,#4021);
#4019 = CARTESIAN_POINT('',(49.082442203154,5.35E-15,-22.31580201716));
#4020 = DIRECTION('',(0.668964731622,1.7E-16,-0.743294146247));
#4021 = DIRECTION('',(-0.743294146247,-1.232595164408E-32,
    -0.668964731622));
#4022 = ADVANCED_FACE('',(#4023),#4044,.T.);
#4023 = FACE_BOUND('',#4024,.T.);
#4024 = EDGE_LOOP('',(#4025,#4026,#4035,#4042,#4043));
#4025 = ORIENTED_EDGE('',*,*,#2595,.T.);
#4026 = ORIENTED_EDGE('',*,*,#4027,.T.);
#4027 = EDGE_CURVE('',#2596,#4028,#4030,.T.);
#4028 = VERTEX_POINT('',#4029);
#4029 = CARTESIAN_POINT('',(18.,-4.E-15,13.));
#4030 = CIRCLE('',#4031,18.);
#4031 = AXIS2_PLACEMENT_3D('',#4032,#4033,#4034);
#4032 = CARTESIAN_POINT('',(0.,-4.E-15,13.));
#4033 = DIRECTION('',(0.,0.,1.));
#4034 = DIRECTION('',(1.,0.,0.));
#4035 = ORIENTED_EDGE('',*,*,#4036,.T.);
#4036 = EDGE_CURVE('',#4028,#2429,#4037,.T.);
#4037 = CIRCLE('',#4038,18.);
#4038 = AXIS2_PLACEMENT_3D('',#4039,#4040,#4041);
#4039 = CARTESIAN_POINT('',(0.,-4.E-15,13.));
#4040 = DIRECTION('',(0.,0.,1.));
#4041 = DIRECTION('',(1.,0.,0.));
#4042 = ORIENTED_EDGE('',*,*,#2436,.T.);
#4043 = ORIENTED_EDGE('',*,*,#2518,.F.);
#4044 = PLANE('',#4045);
#4045 = AXIS2_PLACEMENT_3D('',#4046,#4047,#4048);
#4046 = CARTESIAN_POINT('',(-1.22E-15,-3.21E-15,13.));
#4047 = DIRECTION('',(0.,0.,1.));
#4048 = DIRECTION('',(1.,0.,0.));
#4049 = ADVANCED_FACE('',(#4050),#4073,.T.);
#4050 = FACE_BOUND('',#4051,.F.);
#4051 = EDGE_LOOP('',(#4052,#4060,#4061,#4062));
#4052 = ORIENTED_EDGE('',*,*,#4053,.F.);
#4053 = EDGE_CURVE('',#2369,#4054,#4056,.T.);
#4054 = VERTEX_POINT('',#4055);
#4055 = CARTESIAN_POINT('',(-32.,11.5,-11.));
#4056 = LINE('',#4057,#4058);
#4057 = CARTESIAN_POINT('',(-32.,7.33E-15,-11.));
#4058 = VECTOR('',#4059,1.);
#4059 = DIRECTION('',(0.,1.,6.7E-16));
#4060 = ORIENTED_EDGE('',*,*,#2368,.T.);
#4061 = ORIENTED_EDGE('',*,*,#3733,.F.);
#4062 = ORIENTED_EDGE('',*,*,#4063,.T.);
#4063 = EDGE_CURVE('',#3734,#4054,#4064,.T.);
#4064 = B_SPLINE_CURVE_WITH_KNOTS('',7,(#4065,#4066,#4067,#4068,#4069,
    #4070,#4071,#4072),.UNSPECIFIED.,.F.,.F.,(8,8),(406.84738658569,
    414.70403560105),.PIECEWISE_BEZIER_KNOTS.);
#4065 = CARTESIAN_POINT('',(-27.,12.798766244621,-16.));
#4066 = CARTESIAN_POINT('',(-28.10345549538,12.508383219521,-16.));
#4067 = CARTESIAN_POINT('',(-29.2002504209,12.220070549841,
    -15.71533821346));
#4068 = CARTESIAN_POINT('',(-30.2167470254,11.9508774466,-15.15635232255
    ));
#4069 = CARTESIAN_POINT('',(-31.09372805032,11.729693788771,
    -14.32496739447));
#4070 = CARTESIAN_POINT('',(-31.70049343665,11.576943387916,
    -13.27399889585));
#4071 = CARTESIAN_POINT('',(-32.,11.5,-12.1328604404));
#4072 = CARTESIAN_POINT('',(-32.,11.5,-11.));
#4073 = CYLINDRICAL_SURFACE('',#4074,5.);
#4074 = AXIS2_PLACEMENT_3D('',#4075,#4076,#4077);
#4075 = CARTESIAN_POINT('',(-27.,-2.44E-15,-11.));
#4076 = DIRECTION('',(0.,-1.,2.2E-16));
#4077 = DIRECTION('',(-0.,-2.2E-16,-1.));
#4078 = ADVANCED_FACE('',(#4079),#4097,.T.);
#4079 = FACE_BOUND('',#4080,.T.);
#4080 = EDGE_LOOP('',(#4081,#4082,#4083,#4091));
#4081 = ORIENTED_EDGE('',*,*,#4053,.F.);
#4082 = ORIENTED_EDGE('',*,*,#2377,.F.);
#4083 = ORIENTED_EDGE('',*,*,#4084,.F.);
#4084 = EDGE_CURVE('',#4085,#2378,#4087,.T.);
#4085 = VERTEX_POINT('',#4086);
#4086 = CARTESIAN_POINT('',(-32.,11.5,9.096117967978));
#4087 = LINE('',#4088,#4089);
#4088 = CARTESIAN_POINT('',(-32.,2.02E-15,9.096117967978));
#4089 = VECTOR('',#4090,1.);
#4090 = DIRECTION('',(0.,-1.,2.2E-16));
#4091 = ORIENTED_EDGE('',*,*,#4092,.F.);
#4092 = EDGE_CURVE('',#4054,#4085,#4093,.T.);
#4093 = LINE('',#4094,#4095);
#4094 = CARTESIAN_POINT('',(-32.,11.5,-11.));
#4095 = VECTOR('',#4096,1.);
#4096 = DIRECTION('',(-0.,-6.7E-16,1.));
#4097 = PLANE('',#4098);
#4098 = AXIS2_PLACEMENT_3D('',#4099,#4100,#4101);
#4099 = CARTESIAN_POINT('',(-32.,4.8E-16,-0.951941016011));
#4100 = DIRECTION('',(-1.,-0.,-0.));
#4101 = DIRECTION('',(0.,0.,-1.));
#4102 = ADVANCED_FACE('',(#4103),#4122,.F.);
#4103 = FACE_BOUND('',#4104,.T.);
#4104 = EDGE_LOOP('',(#4105,#4113,#4114,#4115));
#4105 = ORIENTED_EDGE('',*,*,#4106,.F.);
#4106 = EDGE_CURVE('',#2741,#4107,#4109,.T.);
#4107 = VERTEX_POINT('',#4108);
#4108 = CARTESIAN_POINT('',(18.,-8.E-15,15.5));
#4109 = LINE('',#4110,#4111);
#4110 = CARTESIAN_POINT('',(18.,-7.81E-15,15.5));
#4111 = VECTOR('',#4112,1.);
#4112 = DIRECTION('',(-0.707106781187,3.3E-16,-0.707106781187));
#4113 = ORIENTED_EDGE('',*,*,#2740,.T.);
#4114 = ORIENTED_EDGE('',*,*,#2419,.T.);
#4115 = ORIENTED_EDGE('',*,*,#4116,.F.);
#4116 = EDGE_CURVE('',#4107,#2420,#4117,.T.);
#4117 = CIRCLE('',#4118,18.);
#4118 = AXIS2_PLACEMENT_3D('',#4119,#4120,#4121);
#4119 = CARTESIAN_POINT('',(0.,-3.81E-15,15.5));
#4120 = DIRECTION('',(0.,-2.5E-16,1.));
#4121 = DIRECTION('',(1.,0.,0.));
#4122 = CONICAL_SURFACE('',#4123,18.,0.785398163397);
#4123 = AXIS2_PLACEMENT_3D('',#4124,#4125,#4126);
#4124 = CARTESIAN_POINT('',(0.,-3.81E-15,15.5));
#4125 = DIRECTION('',(0.,-2.5E-16,1.));
#4126 = DIRECTION('',(1.,0.,0.));
#4127 = ADVANCED_FACE('',(#4128),#4150,.T.);
#4128 = FACE_BOUND('',#4129,.F.);
#4129 = EDGE_LOOP('',(#4130,#4138,#4139,#4140));
#4130 = ORIENTED_EDGE('',*,*,#4131,.F.);
#4131 = EDGE_CURVE('',#2386,#4132,#4134,.T.);
#4132 = VERTEX_POINT('',#4133);
#4133 = CARTESIAN_POINT('',(-28.21267812518,12.480626243126,
    13.946830468705));
#4134 = LINE('',#4135,#4136);
#4135 = CARTESIAN_POINT('',(-28.21267812518,-9.29E-15,13.946830468705));
#4136 = VECTOR('',#4137,1.);
#4137 = DIRECTION('',(0.,1.,6.7E-16));
#4138 = ORIENTED_EDGE('',*,*,#2385,.T.);
#4139 = ORIENTED_EDGE('',*,*,#4084,.F.);
#4140 = ORIENTED_EDGE('',*,*,#4141,.T.);
#4141 = EDGE_CURVE('',#4085,#4132,#4142,.T.);
#4142 = B_SPLINE_CURVE_WITH_KNOTS('',6,(#4143,#4144,#4145,#4146,#4147,
    #4148,#4149),.UNSPECIFIED.,.F.,.F.,(7,7),(434.80015356903,
    441.39495709325),.PIECEWISE_BEZIER_KNOTS.);
#4143 = CARTESIAN_POINT('',(-32.,11.5,9.096117967978));
#4144 = CARTESIAN_POINT('',(-32.,11.5,10.208630097379));
#4145 = CARTESIAN_POINT('',(-31.70420183435,11.575649303814,
    11.331074007001));
#4146 = CARTESIAN_POINT('',(-31.09419445638,11.726217353057,
    12.354255983447));
#4147 = CARTESIAN_POINT('',(-30.25141372431,11.945240108437,
    13.142355866594));
#4148 = CARTESIAN_POINT('',(-29.27037993945,12.202307937183,
    13.682405015135));
#4149 = CARTESIAN_POINT('',(-28.21267812518,12.480626243126,
    13.946830468705));
#4150 = CYLINDRICAL_SURFACE('',#4151,5.);
#4151 = AXIS2_PLACEMENT_3D('',#4152,#4153,#4154);
#4152 = CARTESIAN_POINT('',(-27.,2.02E-15,9.096117967978));
#4153 = DIRECTION('',(0.,-1.,2.2E-16));
#4154 = DIRECTION('',(-1.,0.,0.));
#4155 = ADVANCED_FACE('',(#4156),#4174,.T.);
#4156 = FACE_BOUND('',#4157,.T.);
#4157 = EDGE_LOOP('',(#4158,#4159,#4160,#4168));
#4158 = ORIENTED_EDGE('',*,*,#4131,.F.);
#4159 = ORIENTED_EDGE('',*,*,#2394,.F.);
#4160 = ORIENTED_EDGE('',*,*,#4161,.F.);
#4161 = EDGE_CURVE('',#4162,#2395,#4164,.T.);
#4162 = VERTEX_POINT('',#4163);
#4163 = CARTESIAN_POINT('',(-20.23885999883,14.578999434382,
    15.940285000291));
#4164 = LINE('',#4165,#4166);
#4165 = CARTESIAN_POINT('',(-20.23885999883,3.54E-15,15.940285000291));
#4166 = VECTOR('',#4167,1.);
#4167 = DIRECTION('',(0.,-1.,2.2E-16));
#4168 = ORIENTED_EDGE('',*,*,#4169,.F.);
#4169 = EDGE_CURVE('',#4132,#4162,#4170,.T.);
#4170 = LINE('',#4171,#4172);
#4171 = CARTESIAN_POINT('',(-28.09268778401,12.512202648809,
    13.976828053996));
#4172 = VECTOR('',#4173,1.);
#4173 = DIRECTION('',(0.939992416297,0.247366425341,0.234998104074));
#4174 = PLANE('',#4175);
#4175 = AXIS2_PLACEMENT_3D('',#4176,#4177,#4178);
#4176 = CARTESIAN_POINT('',(-23.99703016735,-3.89E-15,15.00074245816));
#4177 = DIRECTION('',(-0.242535625036,-2.3E-16,0.970142500145));
#4178 = DIRECTION('',(0.970142500145,0.,0.242535625036));
#4179 = ADVANCED_FACE('',(#4180),#4202,.T.);
#4180 = FACE_BOUND('',#4181,.F.);
#4181 = EDGE_LOOP('',(#4182,#4183,#4184,#4185));
#4182 = ORIENTED_EDGE('',*,*,#2733,.F.);
#4183 = ORIENTED_EDGE('',*,*,#2402,.T.);
#4184 = ORIENTED_EDGE('',*,*,#4161,.F.);
#4185 = ORIENTED_EDGE('',*,*,#4186,.T.);
#4186 = EDGE_CURVE('',#4162,#2726,#4187,.T.);
#4187 = B_SPLINE_CURVE_WITH_KNOTS('',7,(#4188,#4189,#4190,#4191,#4192,
    #4193,#4194,#4195,#4196,#4197,#4198,#4199,#4200,#4201),
  .UNSPECIFIED.,.F.,.F.,(8,6,8),(449.87781278031,450.00556388546,
    450.38011514139),.UNSPECIFIED.);
#4188 = CARTESIAN_POINT('',(-20.23885999883,14.578999434382,
    15.940285000291));
#4189 = CARTESIAN_POINT('',(-20.22189446079,14.583464049657,
    15.944526384801));
#4190 = CARTESIAN_POINT('',(-20.20483337891,14.587934221339,
    15.9486078847));
#4191 = CARTESIAN_POINT('',(-20.18767433735,14.592412039807,
    15.952527209644));
#4192 = CARTESIAN_POINT('',(-20.17041809982,14.596897756687,
    15.956285067229));
#4193 = CARTESIAN_POINT('',(-20.15304841422,14.601402876854,
    15.959874881359));
#4194 = CARTESIAN_POINT('',(-20.13569989923,14.605887409363,
    15.963279618582));
#4195 = CARTESIAN_POINT('',(-20.06621841994,14.623853435014,
    15.976148800396));
#4196 = CARTESIAN_POINT('',(-20.01365917837,14.637456701257,
    15.98423503036));
#4197 = CARTESIAN_POINT('',(-19.96129828624,14.65111203337,
    15.990595688187));
#4198 = CARTESIAN_POINT('',(-19.90896016838,14.664826481471,
    15.995340421159));
#4199 = CARTESIAN_POINT('',(-19.85709082238,14.678479911169,
    15.998439180134));
#4200 = CARTESIAN_POINT('',(-19.80548731861,14.692059055512,16.));
#4201 = CARTESIAN_POINT('',(-19.75378874876,14.705663942315,16.));
#4202 = CYLINDRICAL_SURFACE('',#4203,2.);
#4203 = AXIS2_PLACEMENT_3D('',#4204,#4205,#4206);
#4204 = CARTESIAN_POINT('',(-19.75378874876,3.11E-15,14.));
#4205 = DIRECTION('',(0.,-1.,2.2E-16));
#4206 = DIRECTION('',(-0.242535625036,2.13431350032E-16,0.970142500145)
  );
#4207 = ADVANCED_FACE('',(#4208),#4219,.F.);
#4208 = FACE_BOUND('',#4209,.T.);
#4209 = EDGE_LOOP('',(#4210,#4211,#4217,#4218));
#4210 = ORIENTED_EDGE('',*,*,#2453,.F.);
#4211 = ORIENTED_EDGE('',*,*,#4212,.T.);
#4212 = EDGE_CURVE('',#2454,#3622,#4213,.T.);
#4213 = LINE('',#4214,#4215);
#4214 = CARTESIAN_POINT('',(-28.5,-8.,7.));
#4215 = VECTOR('',#4216,1.);
#4216 = DIRECTION('',(6.E-17,1.,-2.2E-16));
#4217 = ORIENTED_EDGE('',*,*,#3621,.T.);
#4218 = ORIENTED_EDGE('',*,*,#4212,.F.);
#4219 = CYLINDRICAL_SURFACE('',#4220,4.);
#4220 = AXIS2_PLACEMENT_3D('',#4221,#4222,#4223);
#4221 = CARTESIAN_POINT('',(-24.5,-8.,7.));
#4222 = DIRECTION('',(0.,1.,-2.2E-16));
#4223 = DIRECTION('',(-1.,0.,0.));
#4224 = ADVANCED_FACE('',(#4225),#4244,.F.);
#4225 = FACE_BOUND('',#4226,.T.);
#4226 = EDGE_LOOP('',(#4227,#4236,#4242,#4243));
#4227 = ORIENTED_EDGE('',*,*,#4228,.T.);
#4228 = EDGE_CURVE('',#4229,#4229,#4231,.T.);
#4229 = VERTEX_POINT('',#4230);
#4230 = CARTESIAN_POINT('',(-28.5,8.,-7.));
#4231 = CIRCLE('',#4232,4.);
#4232 = AXIS2_PLACEMENT_3D('',#4233,#4234,#4235);
#4233 = CARTESIAN_POINT('',(-24.5,8.,-7.));
#4234 = DIRECTION('',(0.,1.,-2.2E-16));
#4235 = DIRECTION('',(-1.,0.,0.));
#4236 = ORIENTED_EDGE('',*,*,#4237,.T.);
#4237 = EDGE_CURVE('',#4229,#2465,#4238,.T.);
#4238 = LINE('',#4239,#4240);
#4239 = CARTESIAN_POINT('',(-28.5,8.,-7.));
#4240 = VECTOR('',#4241,1.);
#4241 = DIRECTION('',(6.E-17,-1.,2.2E-16));
#4242 = ORIENTED_EDGE('',*,*,#2464,.T.);
#4243 = ORIENTED_EDGE('',*,*,#4237,.F.);
#4244 = CYLINDRICAL_SURFACE('',#4245,4.);
#4245 = AXIS2_PLACEMENT_3D('',#4246,#4247,#4248);
#4246 = CARTESIAN_POINT('',(-24.5,8.,-7.));
#4247 = DIRECTION('',(0.,-1.,2.2E-16));
#4248 = DIRECTION('',(-1.,0.,0.));
#4249 = ADVANCED_FACE('',(#4250),#4262,.F.);
#4250 = FACE_BOUND('',#4251,.T.);
#4251 = EDGE_LOOP('',(#4252,#4253,#4254,#4255));
#4252 = ORIENTED_EDGE('',*,*,#2611,.F.);
#4253 = ORIENTED_EDGE('',*,*,#2749,.T.);
#4254 = ORIENTED_EDGE('',*,*,#4106,.T.);
#4255 = ORIENTED_EDGE('',*,*,#4256,.F.);
#4256 = EDGE_CURVE('',#2604,#4107,#4257,.T.);
#4257 = CIRCLE('',#4258,18.);
#4258 = AXIS2_PLACEMENT_3D('',#4259,#4260,#4261);
#4259 = CARTESIAN_POINT('',(0.,-3.81E-15,15.5));
#4260 = DIRECTION('',(6.162975822039E-33,-2.5E-16,1.));
#4261 = DIRECTION('',(-0.990307970554,-0.138888888889,
    -3.472222222223E-17));
#4262 = CONICAL_SURFACE('',#4263,18.,0.785398163397);
#4263 = AXIS2_PLACEMENT_3D('',#4264,#4265,#4266);
#4264 = CARTESIAN_POINT('',(0.,-3.81E-15,15.5));
#4265 = DIRECTION('',(0.,-2.5E-16,1.));
#4266 = DIRECTION('',(-0.990307970554,-0.138888888889,
    -3.472222222223E-17));
#4267 = ADVANCED_FACE('',(#4268),#4297,.T.);
#4268 = FACE_BOUND('',#4269,.F.);
#4269 = EDGE_LOOP('',(#4270,#4271,#4290,#4296));
#4270 = ORIENTED_EDGE('',*,*,#2683,.F.);
#4271 = ORIENTED_EDGE('',*,*,#4272,.F.);
#4272 = EDGE_CURVE('',#4273,#2684,#4275,.T.);
#4273 = VERTEX_POINT('',#4274);
#4274 = CARTESIAN_POINT('',(-20.23885999883,-14.57899943438,
    15.940285000291));
#4275 = B_SPLINE_CURVE_WITH_KNOTS('',7,(#4276,#4277,#4278,#4279,#4280,
    #4281,#4282,#4283,#4284,#4285,#4286,#4287,#4288,#4289),
  .UNSPECIFIED.,.F.,.F.,(8,6,8),(449.87781278031,450.00556388546,
    450.38011514139),.UNSPECIFIED.);
#4276 = CARTESIAN_POINT('',(-20.23885999883,-14.57899943438,
    15.940285000291));
#4277 = CARTESIAN_POINT('',(-20.22189446079,-14.58346404965,
    15.944526384801));
#4278 = CARTESIAN_POINT('',(-20.20483337891,-14.58793422133,
    15.948607884701));
#4279 = CARTESIAN_POINT('',(-20.18767433735,-14.5924120398,
    15.952527209644));
#4280 = CARTESIAN_POINT('',(-20.17041809982,-14.59689775668,
    15.956285067229));
#4281 = CARTESIAN_POINT('',(-20.15304841422,-14.60140287685,
    15.959874881359));
#4282 = CARTESIAN_POINT('',(-20.13569989923,-14.60588740936,
    15.963279618582));
#4283 = CARTESIAN_POINT('',(-20.06621841994,-14.62385343501,
    15.976148800397));
#4284 = CARTESIAN_POINT('',(-20.01365917839,-14.63745670125,
    15.984235030358));
#4285 = CARTESIAN_POINT('',(-19.96129828622,-14.65111203337,
    15.990595688191));
#4286 = CARTESIAN_POINT('',(-19.90896016838,-14.66482648147,
    15.995340421157));
#4287 = CARTESIAN_POINT('',(-19.85709082239,-14.67847991116,
    15.998439180135));
#4288 = CARTESIAN_POINT('',(-19.80548731861,-14.69205905551,16.));
#4289 = CARTESIAN_POINT('',(-19.75378874876,-14.70566394231,16.));
#4290 = ORIENTED_EDGE('',*,*,#4291,.F.);
#4291 = EDGE_CURVE('',#2544,#4273,#4292,.T.);
#4292 = LINE('',#4293,#4294);
#4293 = CARTESIAN_POINT('',(-20.23885999883,3.54E-15,15.940285000291));
#4294 = VECTOR('',#4295,1.);
#4295 = DIRECTION('',(0.,-1.,2.2E-16));
#4296 = ORIENTED_EDGE('',*,*,#2543,.F.);
#4297 = CYLINDRICAL_SURFACE('',#4298,2.);
#4298 = AXIS2_PLACEMENT_3D('',#4299,#4300,#4301);
#4299 = CARTESIAN_POINT('',(-19.75378874876,3.11E-15,14.));
#4300 = DIRECTION('',(0.,-1.,2.2E-16));
#4301 = DIRECTION('',(-0.242535625036,2.13431350032E-16,0.970142500145)
  );
#4302 = ADVANCED_FACE('',(#4303),#4321,.T.);
#4303 = FACE_BOUND('',#4304,.T.);
#4304 = EDGE_LOOP('',(#4305,#4313,#4319,#4320));
#4305 = ORIENTED_EDGE('',*,*,#4306,.F.);
#4306 = EDGE_CURVE('',#4307,#2553,#4309,.T.);
#4307 = VERTEX_POINT('',#4308);
#4308 = CARTESIAN_POINT('',(-28.21267812518,-12.48062624312,
    13.946830468705));
#4309 = LINE('',#4310,#4311);
#4310 = CARTESIAN_POINT('',(-28.21267812518,-9.29E-15,13.946830468705));
#4311 = VECTOR('',#4312,1.);
#4312 = DIRECTION('',(0.,1.,6.7E-16));
#4313 = ORIENTED_EDGE('',*,*,#4314,.T.);
#4314 = EDGE_CURVE('',#4307,#4273,#4315,.T.);
#4315 = LINE('',#4316,#4317);
#4316 = CARTESIAN_POINT('',(-28.09268778401,-12.5122026488,
    13.976828053996));
#4317 = VECTOR('',#4318,1.);
#4318 = DIRECTION('',(0.939992416297,-0.247366425341,0.234998104074));
#4319 = ORIENTED_EDGE('',*,*,#4291,.F.);
#4320 = ORIENTED_EDGE('',*,*,#2552,.F.);
#4321 = PLANE('',#4322);
#4322 = AXIS2_PLACEMENT_3D('',#4323,#4324,#4325);
#4323 = CARTESIAN_POINT('',(-23.99703016735,-3.89E-15,15.00074245816));
#4324 = DIRECTION('',(-0.242535625036,-2.3E-16,0.970142500145));
#4325 = DIRECTION('',(0.970142500145,0.,0.242535625036));
#4326 = ADVANCED_FACE('',(#4327),#4349,.T.);
#4327 = FACE_BOUND('',#4328,.F.);
#4328 = EDGE_LOOP('',(#4329,#4330,#4342,#4348));
#4329 = ORIENTED_EDGE('',*,*,#4306,.F.);
#4330 = ORIENTED_EDGE('',*,*,#4331,.F.);
#4331 = EDGE_CURVE('',#4332,#4307,#4334,.T.);
#4332 = VERTEX_POINT('',#4333);
#4333 = CARTESIAN_POINT('',(-32.,-11.5,9.096117967978));
#4334 = B_SPLINE_CURVE_WITH_KNOTS('',6,(#4335,#4336,#4337,#4338,#4339,
    #4340,#4341),.UNSPECIFIED.,.F.,.F.,(7,7),(434.80015356903,
    441.39495709325),.PIECEWISE_BEZIER_KNOTS.);
#4335 = CARTESIAN_POINT('',(-32.,-11.5,9.096117967978));
#4336 = CARTESIAN_POINT('',(-32.,-11.5,10.208630097379));
#4337 = CARTESIAN_POINT('',(-31.70420183435,-11.57564930381,
    11.331074007002));
#4338 = CARTESIAN_POINT('',(-31.09419445638,-11.72621735305,
    12.354255983447));
#4339 = CARTESIAN_POINT('',(-30.25141372431,-11.94524010843,
    13.142355866594));
#4340 = CARTESIAN_POINT('',(-29.27037993945,-12.20230793718,
    13.682405015135));
#4341 = CARTESIAN_POINT('',(-28.21267812518,-12.48062624312,
    13.946830468705));
#4342 = ORIENTED_EDGE('',*,*,#4343,.F.);
#4343 = EDGE_CURVE('',#2561,#4332,#4344,.T.);
#4344 = LINE('',#4345,#4346);
#4345 = CARTESIAN_POINT('',(-32.,2.02E-15,9.096117967978));
#4346 = VECTOR('',#4347,1.);
#4347 = DIRECTION('',(0.,-1.,2.2E-16));
#4348 = ORIENTED_EDGE('',*,*,#2560,.F.);
#4349 = CYLINDRICAL_SURFACE('',#4350,5.);
#4350 = AXIS2_PLACEMENT_3D('',#4351,#4352,#4353);
#4351 = CARTESIAN_POINT('',(-27.,2.02E-15,9.096117967978));
#4352 = DIRECTION('',(0.,-1.,2.2E-16));
#4353 = DIRECTION('',(-1.,0.,0.));
#4354 = ADVANCED_FACE('',(#4355),#4373,.T.);
#4355 = FACE_BOUND('',#4356,.T.);
#4356 = EDGE_LOOP('',(#4357,#4365,#4371,#4372));
#4357 = ORIENTED_EDGE('',*,*,#4358,.F.);
#4358 = EDGE_CURVE('',#4359,#2570,#4361,.T.);
#4359 = VERTEX_POINT('',#4360);
#4360 = CARTESIAN_POINT('',(-32.,-11.5,-11.));
#4361 = LINE('',#4362,#4363);
#4362 = CARTESIAN_POINT('',(-32.,7.33E-15,-11.));
#4363 = VECTOR('',#4364,1.);
#4364 = DIRECTION('',(0.,1.,6.7E-16));
#4365 = ORIENTED_EDGE('',*,*,#4366,.T.);
#4366 = EDGE_CURVE('',#4359,#4332,#4367,.T.);
#4367 = LINE('',#4368,#4369);
#4368 = CARTESIAN_POINT('',(-32.,-11.5,-11.));
#4369 = VECTOR('',#4370,1.);
#4370 = DIRECTION('',(-0.,2.2E-16,1.));
#4371 = ORIENTED_EDGE('',*,*,#4343,.F.);
#4372 = ORIENTED_EDGE('',*,*,#2569,.F.);
#4373 = PLANE('',#4374);
#4374 = AXIS2_PLACEMENT_3D('',#4375,#4376,#4377);
#4375 = CARTESIAN_POINT('',(-32.,4.8E-16,-0.951941016011));
#4376 = DIRECTION('',(-1.,-0.,-0.));
#4377 = DIRECTION('',(0.,0.,-1.));
#4378 = ADVANCED_FACE('',(#4379),#4395,.T.);
#4379 = FACE_BOUND('',#4380,.F.);
#4380 = EDGE_LOOP('',(#4381,#4382,#4393,#4394));
#4381 = ORIENTED_EDGE('',*,*,#4358,.F.);
#4382 = ORIENTED_EDGE('',*,*,#4383,.F.);
#4383 = EDGE_CURVE('',#3717,#4359,#4384,.T.);
#4384 = B_SPLINE_CURVE_WITH_KNOTS('',7,(#4385,#4386,#4387,#4388,#4389,
    #4390,#4391,#4392),.UNSPECIFIED.,.F.,.F.,(8,8),(406.84738658569,
    414.70403560105),.PIECEWISE_BEZIER_KNOTS.);
#4385 = CARTESIAN_POINT('',(-27.,-12.79876624462,-16.));
#4386 = CARTESIAN_POINT('',(-28.10345549538,-12.50838321952,-16.));
#4387 = CARTESIAN_POINT('',(-29.2002504209,-12.22007054984,
    -15.71533821346));
#4388 = CARTESIAN_POINT('',(-30.2167470254,-11.9508774466,
    -15.15635232255));
#4389 = CARTESIAN_POINT('',(-31.09372805033,-11.72969378877,
    -14.32496739447));
#4390 = CARTESIAN_POINT('',(-31.70049343665,-11.57694338791,
    -13.27399889585));
#4391 = CARTESIAN_POINT('',(-32.,-11.5,-12.1328604404));
#4392 = CARTESIAN_POINT('',(-32.,-11.5,-11.));
#4393 = ORIENTED_EDGE('',*,*,#3724,.F.);
#4394 = ORIENTED_EDGE('',*,*,#2577,.F.);
#4395 = CYLINDRICAL_SURFACE('',#4396,5.);
#4396 = AXIS2_PLACEMENT_3D('',#4397,#4398,#4399);
#4397 = CARTESIAN_POINT('',(-27.,-2.44E-15,-11.));
#4398 = DIRECTION('',(0.,-1.,2.2E-16));
#4399 = DIRECTION('',(-0.,-2.2E-16,-1.));
#4400 = ADVANCED_FACE('',(#4401),#4420,.F.);
#4401 = FACE_BOUND('',#4402,.T.);
#4402 = EDGE_LOOP('',(#4403,#4412,#4418,#4419));
#4403 = ORIENTED_EDGE('',*,*,#4404,.T.);
#4404 = EDGE_CURVE('',#4405,#4405,#4407,.T.);
#4405 = VERTEX_POINT('',#4406);
#4406 = CARTESIAN_POINT('',(-28.5,-8.,7.));
#4407 = CIRCLE('',#4408,4.);
#4408 = AXIS2_PLACEMENT_3D('',#4409,#4410,#4411);
#4409 = CARTESIAN_POINT('',(-24.5,-8.,7.));
#4410 = DIRECTION('',(0.,-1.,2.2E-16));
#4411 = DIRECTION('',(-1.,0.,0.));
#4412 = ORIENTED_EDGE('',*,*,#4413,.T.);
#4413 = EDGE_CURVE('',#4405,#2621,#4414,.T.);
#4414 = LINE('',#4415,#4416);
#4415 = CARTESIAN_POINT('',(-28.5,-8.,7.));
#4416 = VECTOR('',#4417,1.);
#4417 = DIRECTION('',(6.E-17,1.,-2.2E-16));
#4418 = ORIENTED_EDGE('',*,*,#2620,.T.);
#4419 = ORIENTED_EDGE('',*,*,#4413,.F.);
#4420 = CYLINDRICAL_SURFACE('',#4421,4.);
#4421 = AXIS2_PLACEMENT_3D('',#4422,#4423,#4424);
#4422 = CARTESIAN_POINT('',(-24.5,-8.,7.));
#4423 = DIRECTION('',(0.,1.,-2.2E-16));
#4424 = DIRECTION('',(-1.,0.,0.));
#4425 = ADVANCED_FACE('',(#4426),#4445,.F.);
#4426 = FACE_BOUND('',#4427,.T.);
#4427 = EDGE_LOOP('',(#4428,#4429,#4437,#4444));
#4428 = ORIENTED_EDGE('',*,*,#2631,.F.);
#4429 = ORIENTED_EDGE('',*,*,#4430,.T.);
#4430 = EDGE_CURVE('',#2632,#4431,#4433,.T.);
#4431 = VERTEX_POINT('',#4432);
#4432 = CARTESIAN_POINT('',(-28.5,-12.92105263157,-7.));
#4433 = LINE('',#4434,#4435);
#4434 = CARTESIAN_POINT('',(-28.5,8.,-7.));
#4435 = VECTOR('',#4436,1.);
#4436 = DIRECTION('',(6.E-17,-1.,2.2E-16));
#4437 = ORIENTED_EDGE('',*,*,#4438,.T.);
#4438 = EDGE_CURVE('',#4431,#4431,#4439,.T.);
#4439 = ELLIPSE('',#4440,4.136185832503,4.);
#4440 = AXIS2_PLACEMENT_3D('',#4441,#4442,#4443);
#4441 = CARTESIAN_POINT('',(-24.5,-13.97368421052,-7.));
#4442 = DIRECTION('',(-0.25449329928,-0.967074537263,1.1E-16));
#4443 = DIRECTION('',(0.967074537263,-0.25449329928,9.3E-16));
#4444 = ORIENTED_EDGE('',*,*,#4430,.F.);
#4445 = CYLINDRICAL_SURFACE('',#4446,4.);
#4446 = AXIS2_PLACEMENT_3D('',#4447,#4448,#4449);
#4447 = CARTESIAN_POINT('',(-24.5,8.,-7.));
#4448 = DIRECTION('',(0.,-1.,2.2E-16));
#4449 = DIRECTION('',(-1.,0.,0.));
#4450 = ADVANCED_FACE('',(#4451),#4474,.T.);
#4451 = FACE_BOUND('',#4452,.F.);
#4452 = EDGE_LOOP('',(#4453,#4461,#4462,#4468));
#4453 = ORIENTED_EDGE('',*,*,#4454,.F.);
#4454 = EDGE_CURVE('',#2684,#4455,#4457,.T.);
#4455 = VERTEX_POINT('',#4456);
#4456 = CARTESIAN_POINT('',(-19.8810353984,-15.18920121094,15.5));
#4457 = LINE('',#4458,#4459);
#4458 = CARTESIAN_POINT('',(-19.81741207358,-14.94743257663,15.75));
#4459 = VECTOR('',#4460,1.);
#4460 = DIRECTION('',(-0.179953937687,-0.683824963211,-0.707106781187));
#4461 = ORIENTED_EDGE('',*,*,#2691,.T.);
#4462 = ORIENTED_EDGE('',*,*,#4463,.T.);
#4463 = EDGE_CURVE('',#2692,#3414,#4464,.T.);
#4464 = LINE('',#4465,#4466);
#4465 = CARTESIAN_POINT('',(-0.192214595277,-20.11195822881,15.75));
#4466 = VECTOR('',#4467,1.);
#4467 = DIRECTION('',(-0.179953937687,-0.683824963211,-0.707106781187));
#4468 = ORIENTED_EDGE('',*,*,#4469,.F.);
#4469 = EDGE_CURVE('',#4455,#3414,#4470,.T.);
#4470 = LINE('',#4471,#4472);
#4471 = CARTESIAN_POINT('',(-19.75378874876,-15.22268717137,15.5));
#4472 = VECTOR('',#4473,1.);
#4473 = DIRECTION('',(0.967074537263,-0.25449329928,6.E-17));
#4474 = PLANE('',#4475);
#4475 = AXIS2_PLACEMENT_3D('',#4476,#4477,#4478);
#4476 = CARTESIAN_POINT('',(-19.69016542394,-14.98091853706,15.75));
#4477 = DIRECTION('',(-0.179953937687,-0.683824963211,0.707106781187));
#4478 = DIRECTION('',(-0.967074537263,0.25449329928,6.938893903907E-17)
  );
#4479 = ADVANCED_FACE('',(#4480),#4486,.T.);
#4480 = FACE_BOUND('',#4481,.F.);
#4481 = EDGE_LOOP('',(#4482,#4483,#4484,#4485));
#4482 = ORIENTED_EDGE('',*,*,#4463,.F.);
#4483 = ORIENTED_EDGE('',*,*,#2699,.T.);
#4484 = ORIENTED_EDGE('',*,*,#3468,.T.);
#4485 = ORIENTED_EDGE('',*,*,#3423,.F.);
#4486 = CONICAL_SURFACE('',#4487,50.,0.785398163397);
#4487 = AXIS2_PLACEMENT_3D('',#4488,#4489,#4490);
#4488 = CARTESIAN_POINT('',(12.468827043885,28.,15.5));
#4489 = DIRECTION('',(-0.,2.5E-16,-1.));
#4490 = DIRECTION('',(-0.25449329928,-0.967074537263,-2.417686343157E-16
    ));
#4491 = ADVANCED_FACE('',(#4492),#4503,.F.);
#4492 = FACE_BOUND('',#4493,.T.);
#4493 = EDGE_LOOP('',(#4494,#4500,#4501,#4502));
#4494 = ORIENTED_EDGE('',*,*,#4495,.F.);
#4495 = EDGE_CURVE('',#2726,#3499,#4496,.T.);
#4496 = LINE('',#4497,#4498);
#4497 = CARTESIAN_POINT('',(-19.81741207358,14.947432576631,15.75));
#4498 = VECTOR('',#4499,1.);
#4499 = DIRECTION('',(-0.179953937687,0.683824963211,-0.707106781187));
#4500 = ORIENTED_EDGE('',*,*,#2725,.T.);
#4501 = ORIENTED_EDGE('',*,*,#3997,.T.);
#4502 = ORIENTED_EDGE('',*,*,#3498,.F.);
#4503 = PLANE('',#4504);
#4504 = AXIS2_PLACEMENT_3D('',#4505,#4506,#4507);
#4505 = CARTESIAN_POINT('',(-19.69016542394,14.980918537062,15.75));
#4506 = DIRECTION('',(0.179953937687,-0.683824963211,-0.707106781187));
#4507 = DIRECTION('',(-0.967074537263,-0.25449329928,2.775557561563E-17)
  );
#4508 = ADVANCED_FACE('',(#4509,#4626,#4629),#4640,.T.);
#4509 = FACE_BOUND('',#4510,.T.);
#4510 = EDGE_LOOP('',(#4511,#4512,#4513,#4532,#4540,#4552,#4560,#4573,
    #4579,#4580,#4588,#4600,#4608,#4620));
#4511 = ORIENTED_EDGE('',*,*,#3413,.F.);
#4512 = ORIENTED_EDGE('',*,*,#4469,.F.);
#4513 = ORIENTED_EDGE('',*,*,#4514,.F.);
#4514 = EDGE_CURVE('',#4515,#4455,#4517,.T.);
#4515 = VERTEX_POINT('',#4516);
#4516 = CARTESIAN_POINT('',(-20.24521999862,-15.09336315825,
    15.424289500631));
#4517 = B_SPLINE_CURVE_WITH_KNOTS('',7,(#4518,#4519,#4520,#4521,#4522,
    #4523,#4524,#4525,#4526,#4527,#4528,#4529,#4530,#4531),
  .UNSPECIFIED.,.F.,.F.,(8,6,8),(449.87781278031,450.00556388546,
    450.38011514139),.UNSPECIFIED.);
#4518 = CARTESIAN_POINT('',(-20.24521999862,-15.09336315825,
    15.424289500631));
#4519 = CARTESIAN_POINT('',(-20.22522808799,-15.09862418737,
    15.42928747829));
#4520 = CARTESIAN_POINT('',(-20.20555779865,-15.1038005793,
    15.434360319154));
#4521 = CARTESIAN_POINT('',(-20.18636214356,-15.10885206748,
    15.439436726702));
#4522 = CARTESIAN_POINT('',(-20.16705259544,-15.11393352751,
    15.444666627743));
#4523 = CARTESIAN_POINT('',(-20.14916372483,-15.11864112504,
    15.449540446302));
#4524 = CARTESIAN_POINT('',(-20.12865605541,-15.12403788015,
    15.455322897622));
#4525 = CARTESIAN_POINT('',(-20.06947835713,-15.13961095864,
    15.47173426433));
#4526 = CARTESIAN_POINT('',(-20.03299602138,-15.14921157332,
    15.481082483113));
#4527 = CARTESIAN_POINT('',(-19.99605156038,-15.15893379989,
    15.489094659738));
#4528 = CARTESIAN_POINT('',(-19.96303780428,-15.16762163045,
    15.4947558944));
#4529 = CARTESIAN_POINT('',(-19.93259547277,-15.17563277032,
    15.498340099063));
#4530 = CARTESIAN_POINT('',(-19.90542385273,-15.18278319664,15.5));
#4531 = CARTESIAN_POINT('',(-19.8810353984,-15.18920121094,15.5));
#4532 = ORIENTED_EDGE('',*,*,#4533,.F.);
#4533 = EDGE_CURVE('',#4534,#4515,#4536,.T.);
#4534 = VERTEX_POINT('',#4535);
#4535 = CARTESIAN_POINT('',(-28.21886912831,-12.99503443991,
    13.430877251364));
#4536 = LINE('',#4537,#4538);
#4537 = CARTESIAN_POINT('',(-28.0990477838,-13.02656637268,
    13.460832554336));
#4538 = VECTOR('',#4539,1.);
#4539 = DIRECTION('',(0.939992416297,-0.247366425341,0.234998104074));
#4540 = ORIENTED_EDGE('',*,*,#4541,.F.);
#4541 = EDGE_CURVE('',#4542,#4534,#4544,.T.);
#4542 = VERTEX_POINT('',#4543);
#4543 = CARTESIAN_POINT('',(-31.51646273136,-12.12724664964,
    9.096117967978));
#4544 = B_SPLINE_CURVE_WITH_KNOTS('',6,(#4545,#4546,#4547,#4548,#4549,
    #4550,#4551),.UNSPECIFIED.,.F.,.F.,(7,7),(434.80015356903,
    441.39495709325),.PIECEWISE_BEZIER_KNOTS.);
#4545 = CARTESIAN_POINT('',(-31.51646273136,-12.12724664964,
    9.096117967978));
#4546 = CARTESIAN_POINT('',(-31.51646273136,-12.12724664964,
    10.06920823306));
#4547 = CARTESIAN_POINT('',(-31.2655524218,-12.19327567847,
    11.05437476417));
#4548 = CARTESIAN_POINT('',(-30.75983080385,-12.32636031477,
    11.961605778021));
#4549 = CARTESIAN_POINT('',(-30.03565595573,-12.51693264322,
    12.695352767832));
#4550 = CARTESIAN_POINT('',(-29.16364516399,-12.74640916737,
    13.19433300156));
#4551 = CARTESIAN_POINT('',(-28.21886912831,-12.99503443991,
    13.430877251364));
#4552 = ORIENTED_EDGE('',*,*,#4553,.F.);
#4553 = EDGE_CURVE('',#4554,#4542,#4556,.T.);
#4554 = VERTEX_POINT('',#4555);
#4555 = CARTESIAN_POINT('',(-31.51646273136,-12.12724664964,-11.));
#4556 = LINE('',#4557,#4558);
#4557 = CARTESIAN_POINT('',(-31.51646273136,-12.12724664964,-11.));
#4558 = VECTOR('',#4559,1.);
#4559 = DIRECTION('',(-0.,2.2E-16,1.));
#4560 = ORIENTED_EDGE('',*,*,#4561,.F.);
#4561 = EDGE_CURVE('',#4562,#4554,#4564,.T.);
#4562 = VERTEX_POINT('',#4563);
#4563 = CARTESIAN_POINT('',(-27.12724664964,-13.28230351325,-15.5));
#4564 = B_SPLINE_CURVE_WITH_KNOTS('',7,(#4565,#4566,#4567,#4568,#4569,
    #4570,#4571,#4572),.UNSPECIFIED.,.F.,.F.,(8,8),(406.84738658569,
    414.70403560105),.PIECEWISE_BEZIER_KNOTS.);
#4565 = CARTESIAN_POINT('',(-27.12700800584,-13.28236631425,
    -15.50000006089));
#4566 = CARTESIAN_POINT('',(-28.12076686038,-13.02085082621,
    -15.49949290519));
#4567 = CARTESIAN_POINT('',(-29.10780242815,-12.76110462417,
    -15.22697670391));
#4568 = CARTESIAN_POINT('',(-30.01040522431,-12.52357757254,
    -14.68856888458));
#4569 = CARTESIAN_POINT('',(-30.7500854704,-12.3289248762,
    -13.91938655852));
#4570 = CARTESIAN_POINT('',(-31.26154298667,-12.19433079298,
    -12.99054871537));
#4571 = CARTESIAN_POINT('',(-31.51646273136,-12.12724664964,
    -11.98967337171));
#4572 = CARTESIAN_POINT('',(-31.51646273136,-12.12724664964,-11.));
#4573 = ORIENTED_EDGE('',*,*,#4574,.F.);
#4574 = EDGE_CURVE('',#2944,#4562,#4575,.T.);
#4575 = LINE('',#4576,#4577);
#4576 = CARTESIAN_POINT('',(-0.255837920097,-20.35372686313,-15.5));
#4577 = VECTOR('',#4578,1.);
#4578 = DIRECTION('',(-0.967074537263,0.25449329928,-6.E-17));
#4579 = ORIENTED_EDGE('',*,*,#2941,.F.);
#4580 = ORIENTED_EDGE('',*,*,#4581,.T.);
#4581 = EDGE_CURVE('',#2942,#4582,#4584,.T.);
#4582 = VERTEX_POINT('',#4583);
#4583 = CARTESIAN_POINT('',(-14.04453928187,-16.72512124161,-11.5));
#4584 = LINE('',#4585,#4586);
#4585 = CARTESIAN_POINT('',(-0.255837920097,-20.35372686313,-11.5));
#4586 = VECTOR('',#4587,1.);
#4587 = DIRECTION('',(-0.967074537263,0.25449329928,-6.E-17));
#4588 = ORIENTED_EDGE('',*,*,#4589,.T.);
#4589 = EDGE_CURVE('',#4582,#4590,#4592,.T.);
#4590 = VERTEX_POINT('',#4591);
#4591 = CARTESIAN_POINT('',(-15.49559083063,-16.34326557088,-10.));
#4592 = ( BOUNDED_CURVE() B_SPLINE_CURVE(6,(#4593,#4594,#4595,#4596,
#4597,#4598,#4599),.UNSPECIFIED.,.F.,.F.) B_SPLINE_CURVE_WITH_KNOTS((7,7
),(203.30375158322,204.86247332471),.PIECEWISE_BEZIER_KNOTS.) CURVE() 
GEOMETRIC_REPRESENTATION_ITEM() RATIONAL_B_SPLINE_CURVE((1.,1.,1.,1.,1.,
1.,1.)) REPRESENTATION_ITEM('') );
#4593 = CARTESIAN_POINT('',(-14.04466061972,-16.72508931059,
    -11.49999998425));
#4594 = CARTESIAN_POINT('',(-14.42521166956,-16.62494429748,
    -11.49996643344));
#4595 = CARTESIAN_POINT('',(-14.80437531251,-16.52516439144,
    -11.37605139729));
#4596 = CARTESIAN_POINT('',(-15.13671380625,-16.43770689309,
    -11.13022961439));
#4597 = CARTESIAN_POINT('',(-15.37624802259,-16.374671573,
    -10.78576285146));
#4598 = CARTESIAN_POINT('',(-15.49559083063,-16.34326557088,
    -10.39289796254));
#4599 = CARTESIAN_POINT('',(-15.49559083063,-16.34326557088,-10.));
#4600 = ORIENTED_EDGE('',*,*,#4601,.T.);
#4601 = EDGE_CURVE('',#4590,#4602,#4604,.T.);
#4602 = VERTEX_POINT('',#4603);
#4603 = CARTESIAN_POINT('',(-15.49559083063,-16.34326557088,10.));
#4604 = LINE('',#4605,#4606);
#4605 = CARTESIAN_POINT('',(-15.49559083063,-16.34326557088,-10.));
#4606 = VECTOR('',#4607,1.);
#4607 = DIRECTION('',(0.,0.,1.));
#4608 = ORIENTED_EDGE('',*,*,#4609,.T.);
#4609 = EDGE_CURVE('',#4602,#4610,#4612,.T.);
#4610 = VERTEX_POINT('',#4611);
#4611 = CARTESIAN_POINT('',(-14.04453928187,-16.72512124161,11.5));
#4612 = ( BOUNDED_CURVE() B_SPLINE_CURVE(6,(#4613,#4614,#4615,#4616,
#4617,#4618,#4619),.UNSPECIFIED.,.F.,.F.) B_SPLINE_CURVE_WITH_KNOTS((7,7
),(224.86247332471,226.42119506621),.PIECEWISE_BEZIER_KNOTS.) CURVE() 
GEOMETRIC_REPRESENTATION_ITEM() RATIONAL_B_SPLINE_CURVE((1.,1.,1.,1.,1.,
1.,1.)) REPRESENTATION_ITEM('') );
#4613 = CARTESIAN_POINT('',(-15.49559083063,-16.34326557088,10.));
#4614 = CARTESIAN_POINT('',(-15.49559083063,-16.34326557088,
    10.392897962543));
#4615 = CARTESIAN_POINT('',(-15.37624802259,-16.374671573,
    10.785762851467));
#4616 = CARTESIAN_POINT('',(-15.13671380625,-16.43770689309,
    11.130229614396));
#4617 = CARTESIAN_POINT('',(-14.80437531251,-16.52516439144,
    11.37605139729));
#4618 = CARTESIAN_POINT('',(-14.42521166956,-16.62494429748,
    11.499966433443));
#4619 = CARTESIAN_POINT('',(-14.04466061972,-16.72508931059,
    11.499999984258));
#4620 = ORIENTED_EDGE('',*,*,#4621,.T.);
#4621 = EDGE_CURVE('',#4610,#3416,#4622,.T.);
#4622 = LINE('',#4623,#4624);
#4623 = CARTESIAN_POINT('',(-14.03263230082,-16.72825465767,11.5));
#4624 = VECTOR('',#4625,1.);
#4625 = DIRECTION('',(0.967074537263,-0.25449329928,0.));
#4626 = FACE_BOUND('',#4627,.T.);
#4627 = EDGE_LOOP('',(#4628));
#4628 = ORIENTED_EDGE('',*,*,#4438,.F.);
#4629 = FACE_BOUND('',#4630,.T.);
#4630 = EDGE_LOOP('',(#4631));
#4631 = ORIENTED_EDGE('',*,*,#4632,.F.);
#4632 = EDGE_CURVE('',#4633,#4633,#4635,.T.);
#4633 = VERTEX_POINT('',#4634);
#4634 = CARTESIAN_POINT('',(-31.1,-12.23684210526,7.));
#4635 = ELLIPSE('',#4636,6.82470662363,6.6);
#4636 = AXIS2_PLACEMENT_3D('',#4637,#4638,#4639);
#4637 = CARTESIAN_POINT('',(-24.5,-13.97368421052,7.));
#4638 = DIRECTION('',(-0.25449329928,-0.967074537263,1.1E-16));
#4639 = DIRECTION('',(-0.967074537263,0.25449329928,-4.4E-16));
#4640 = PLANE('',#4641);
#4641 = AXIS2_PLACEMENT_3D('',#4642,#4643,#4644);
#4642 = CARTESIAN_POINT('',(-13.,-17.,16.));
#4643 = DIRECTION('',(-0.25449329928,-0.967074537263,1.1E-16));
#4644 = DIRECTION('',(2.959641065437E-17,-1.215336395134E-16,-1.));
#4645 = ADVANCED_FACE('',(#4646),#4657,.T.);
#4646 = FACE_BOUND('',#4647,.F.);
#4647 = EDGE_LOOP('',(#4648,#4649,#4650,#4656));
#4648 = ORIENTED_EDGE('',*,*,#2990,.F.);
#4649 = ORIENTED_EDGE('',*,*,#3707,.T.);
#4650 = ORIENTED_EDGE('',*,*,#4651,.T.);
#4651 = EDGE_CURVE('',#3708,#2944,#4652,.T.);
#4652 = LINE('',#4653,#4654);
#4653 = CARTESIAN_POINT('',(-0.255837920097,-20.35372686313,-15.5));
#4654 = VECTOR('',#4655,1.);
#4655 = DIRECTION('',(-0.179953937687,-0.683824963211,0.707106781187));
#4656 = ORIENTED_EDGE('',*,*,#2959,.F.);
#4657 = CONICAL_SURFACE('',#4658,50.,0.785398163397);
#4658 = AXIS2_PLACEMENT_3D('',#4659,#4660,#4661);
#4659 = CARTESIAN_POINT('',(12.468827043885,28.,-15.5));
#4660 = DIRECTION('',(-0.,-0.,1.));
#4661 = DIRECTION('',(-1.1E-16,-1.,-0.));
#4662 = ADVANCED_FACE('',(#4663),#4683,.T.);
#4663 = FACE_BOUND('',#4664,.T.);
#4664 = EDGE_LOOP('',(#4665,#4666,#4675,#4682));
#4665 = ORIENTED_EDGE('',*,*,#3014,.F.);
#4666 = ORIENTED_EDGE('',*,*,#4667,.T.);
#4667 = EDGE_CURVE('',#3015,#4668,#4670,.T.);
#4668 = VERTEX_POINT('',#4669);
#4669 = CARTESIAN_POINT('',(-0.128591270457,-19.8701895945,-11.));
#4670 = CIRCLE('',#4671,49.5);
#4671 = AXIS2_PLACEMENT_3D('',#4672,#4673,#4674);
#4672 = CARTESIAN_POINT('',(12.468827043885,28.,-11.));
#4673 = DIRECTION('',(0.,-2.2E-16,-1.));
#4674 = DIRECTION('',(-1.1E-16,-1.,2.2E-16));
#4675 = ORIENTED_EDGE('',*,*,#4676,.T.);
#4676 = EDGE_CURVE('',#4668,#2942,#4677,.T.);
#4677 = CIRCLE('',#4678,0.5);
#4678 = AXIS2_PLACEMENT_3D('',#4679,#4680,#4681);
#4679 = CARTESIAN_POINT('',(-0.128591270457,-19.8701895945,-11.5));
#4680 = DIRECTION('',(0.967074537263,-0.25449329928,6.E-17));
#4681 = DIRECTION('',(-0.25449329928,-0.967074537263,2.1E-16));
#4682 = ORIENTED_EDGE('',*,*,#2951,.F.);
#4683 = TOROIDAL_SURFACE('',#4684,49.5,0.5);
#4684 = AXIS2_PLACEMENT_3D('',#4685,#4686,#4687);
#4685 = CARTESIAN_POINT('',(12.468827043885,28.,-11.5));
#4686 = DIRECTION('',(-0.,-2.2E-16,-1.));
#4687 = DIRECTION('',(-1.1E-16,-1.,2.2E-16));
#4688 = ADVANCED_FACE('',(#4689),#4742,.F.);
#4689 = FACE_BOUND('',#4690,.F.);
#4690 = EDGE_LOOP('',(#4691,#4701,#4710,#4719,#4728,#4734,#4735,#4736));
#4691 = ORIENTED_EDGE('',*,*,#4692,.T.);
#4692 = EDGE_CURVE('',#4693,#4695,#4697,.T.);
#4693 = VERTEX_POINT('',#4694);
#4694 = CARTESIAN_POINT('',(-13.91729263223,-16.24158397298,-11.));
#4695 = VERTEX_POINT('',#4696);
#4696 = CARTESIAN_POINT('',(-12.9517528019,-12.16753090801,-11.));
#4697 = LINE('',#4698,#4699);
#4698 = CARTESIAN_POINT('',(-14.02695360284,-16.70429364006,-11.));
#4699 = VECTOR('',#4700,1.);
#4700 = DIRECTION('',(0.230609429536,0.973046397151,-2.2E-16));
#4701 = ORIENTED_EDGE('',*,*,#4702,.T.);
#4702 = EDGE_CURVE('',#4695,#4703,#4705,.T.);
#4703 = VERTEX_POINT('',#4704);
#4704 = CARTESIAN_POINT('',(-12.10908018608,-11.93189746213,-11.));
#4705 = CIRCLE('',#4706,0.5);
#4706 = AXIS2_PLACEMENT_3D('',#4707,#4708,#4709);
#4707 = CARTESIAN_POINT('',(-12.46522960332,-12.28283562278,-11.));
#4708 = DIRECTION('',(0.,-2.2E-16,-1.));
#4709 = DIRECTION('',(-0.973046397151,0.230609429536,-5.07340744979E-17)
  );
#4710 = ORIENTED_EDGE('',*,*,#4711,.T.);
#4711 = EDGE_CURVE('',#4703,#4712,#4714,.T.);
#4712 = VERTEX_POINT('',#4713);
#4713 = CARTESIAN_POINT('',(5.317819615693,-16.14685091697,-11.));
#4714 = CIRCLE('',#4715,17.);
#4715 = AXIS2_PLACEMENT_3D('',#4716,#4717,#4718);
#4716 = CARTESIAN_POINT('',(0.,-1.33E-15,-11.));
#4717 = DIRECTION('',(0.,2.2E-16,1.));
#4718 = DIRECTION('',(-0.712298834476,-0.701876321302,1.544127906865E-16
    ));
#4719 = ORIENTED_EDGE('',*,*,#4720,.T.);
#4720 = EDGE_CURVE('',#4712,#4721,#4723,.T.);
#4721 = VERTEX_POINT('',#4722);
#4722 = CARTESIAN_POINT('',(5.692427245373,-16.17188248153,-11.));
#4723 = CIRCLE('',#4724,0.5);
#4724 = AXIS2_PLACEMENT_3D('',#4725,#4726,#4727);
#4725 = CARTESIAN_POINT('',(5.474226074978,-16.62175829688,-11.));
#4726 = DIRECTION('',(0.,-2.2E-16,-1.));
#4727 = DIRECTION('',(-0.31281291857,0.949814759822,-2.089592471608E-16)
  );
#4728 = ORIENTED_EDGE('',*,*,#4729,.T.);
#4729 = EDGE_CURVE('',#4721,#3006,#4730,.T.);
#4730 = LINE('',#4731,#4732);
#4731 = CARTESIAN_POINT('',(5.692427245373,-16.17188248153,-11.));
#4732 = VECTOR('',#4733,1.);
#4733 = DIRECTION('',(0.899751630702,-0.436402340792,1.E-16));
#4734 = ORIENTED_EDGE('',*,*,#3023,.T.);
#4735 = ORIENTED_EDGE('',*,*,#4667,.T.);
#4736 = ORIENTED_EDGE('',*,*,#4737,.T.);
#4737 = EDGE_CURVE('',#4668,#4693,#4738,.T.);
#4738 = LINE('',#4739,#4740);
#4739 = CARTESIAN_POINT('',(-0.128591270457,-19.8701895945,-11.));
#4740 = VECTOR('',#4741,1.);
#4741 = DIRECTION('',(-0.967074537263,0.25449329928,-6.E-17));
#4742 = PLANE('',#4743);
#4743 = AXIS2_PLACEMENT_3D('',#4744,#4745,#4746);
#4744 = CARTESIAN_POINT('',(28.,-3.55E-15,-11.));
#4745 = DIRECTION('',(-0.,-2.2E-16,-1.));
#4746 = DIRECTION('',(-1.,0.,0.));
#4747 = ADVANCED_FACE('',(#4748),#4767,.F.);
#4748 = FACE_BOUND('',#4749,.T.);
#4749 = EDGE_LOOP('',(#4750,#4758,#4765,#4766));
#4750 = ORIENTED_EDGE('',*,*,#4751,.F.);
#4751 = EDGE_CURVE('',#4752,#3061,#4754,.T.);
#4752 = VERTEX_POINT('',#4753);
#4753 = CARTESIAN_POINT('',(6.128829586165,-15.27213085083,-10.));
#4754 = LINE('',#4755,#4756);
#4755 = CARTESIAN_POINT('',(6.128829586165,-15.27213085083,-10.));
#4756 = VECTOR('',#4757,1.);
#4757 = DIRECTION('',(0.899751630702,-0.436402340792,1.E-16));
#4758 = ORIENTED_EDGE('',*,*,#4759,.T.);
#4759 = EDGE_CURVE('',#4752,#4721,#4760,.T.);
#4760 = CIRCLE('',#4761,1.);
#4761 = AXIS2_PLACEMENT_3D('',#4762,#4763,#4764);
#4762 = CARTESIAN_POINT('',(5.692427245373,-16.17188248153,-10.));
#4763 = DIRECTION('',(-0.899751630702,0.436402340792,-1.E-16));
#4764 = DIRECTION('',(0.436402340792,0.899751630702,-2.E-16));
#4765 = ORIENTED_EDGE('',*,*,#4729,.T.);
#4766 = ORIENTED_EDGE('',*,*,#3071,.F.);
#4767 = CYLINDRICAL_SURFACE('',#4768,1.);
#4768 = AXIS2_PLACEMENT_3D('',#4769,#4770,#4771);
#4769 = CARTESIAN_POINT('',(5.692427245373,-16.17188248153,-10.));
#4770 = DIRECTION('',(0.899751630702,-0.436402340792,1.E-16));
#4771 = DIRECTION('',(0.436402340792,0.899751630702,0.));
#4772 = ADVANCED_FACE('',(#4773),#4791,.T.);
#4773 = FACE_BOUND('',#4774,.T.);
#4774 = EDGE_LOOP('',(#4775,#4783,#4789,#4790));
#4775 = ORIENTED_EDGE('',*,*,#4776,.F.);
#4776 = EDGE_CURVE('',#4777,#3192,#4779,.T.);
#4777 = VERTEX_POINT('',#4778);
#4778 = CARTESIAN_POINT('',(6.128829586165,-15.27213085083,10.));
#4779 = LINE('',#4780,#4781);
#4780 = CARTESIAN_POINT('',(6.128829586165,-15.27213085083,10.));
#4781 = VECTOR('',#4782,1.);
#4782 = DIRECTION('',(0.899751630702,-0.436402340792,0.));
#4783 = ORIENTED_EDGE('',*,*,#4784,.T.);
#4784 = EDGE_CURVE('',#4777,#4752,#4785,.T.);
#4785 = LINE('',#4786,#4787);
#4786 = CARTESIAN_POINT('',(6.128829586165,-15.27213085083,11.));
#4787 = VECTOR('',#4788,1.);
#4788 = DIRECTION('',(-0.,-0.,-1.));
#4789 = ORIENTED_EDGE('',*,*,#4751,.T.);
#4790 = ORIENTED_EDGE('',*,*,#3201,.F.);
#4791 = PLANE('',#4792);
#4792 = AXIS2_PLACEMENT_3D('',#4793,#4794,#4795);
#4793 = CARTESIAN_POINT('',(5.567764362831,-15.,11.));
#4794 = DIRECTION('',(-0.436402340792,-0.899751630702,0.));
#4795 = DIRECTION('',(0.899751630702,-0.436402340792,0.));
#4796 = ADVANCED_FACE('',(#4797),#4816,.F.);
#4797 = FACE_BOUND('',#4798,.T.);
#4798 = EDGE_LOOP('',(#4799,#4807,#4814,#4815));
#4799 = ORIENTED_EDGE('',*,*,#4800,.F.);
#4800 = EDGE_CURVE('',#4801,#3233,#4803,.T.);
#4801 = VERTEX_POINT('',#4802);
#4802 = CARTESIAN_POINT('',(5.692427245373,-16.17188248153,11.));
#4803 = LINE('',#4804,#4805);
#4804 = CARTESIAN_POINT('',(5.692427245373,-16.17188248153,11.));
#4805 = VECTOR('',#4806,1.);
#4806 = DIRECTION('',(0.899751630702,-0.436402340792,0.));
#4807 = ORIENTED_EDGE('',*,*,#4808,.T.);
#4808 = EDGE_CURVE('',#4801,#4777,#4809,.T.);
#4809 = CIRCLE('',#4810,1.);
#4810 = AXIS2_PLACEMENT_3D('',#4811,#4812,#4813);
#4811 = CARTESIAN_POINT('',(5.692427245373,-16.17188248153,10.));
#4812 = DIRECTION('',(-0.899751630702,0.436402340792,0.));
#4813 = DIRECTION('',(0.436402340792,0.899751630702,0.));
#4814 = ORIENTED_EDGE('',*,*,#4776,.T.);
#4815 = ORIENTED_EDGE('',*,*,#3243,.F.);
#4816 = CYLINDRICAL_SURFACE('',#4817,1.);
#4817 = AXIS2_PLACEMENT_3D('',#4818,#4819,#4820);
#4818 = CARTESIAN_POINT('',(5.692427245373,-16.17188248153,10.));
#4819 = DIRECTION('',(0.899751630702,-0.436402340792,0.));
#4820 = DIRECTION('',(0.,0.,1.));
#4821 = ADVANCED_FACE('',(#4822),#4842,.T.);
#4822 = FACE_BOUND('',#4823,.T.);
#4823 = EDGE_LOOP('',(#4824,#4833,#4840,#4841));
#4824 = ORIENTED_EDGE('',*,*,#4825,.F.);
#4825 = EDGE_CURVE('',#4826,#3416,#4828,.T.);
#4826 = VERTEX_POINT('',#4827);
#4827 = CARTESIAN_POINT('',(-0.128591270457,-19.8701895945,11.));
#4828 = CIRCLE('',#4829,0.5);
#4829 = AXIS2_PLACEMENT_3D('',#4830,#4831,#4832);
#4830 = CARTESIAN_POINT('',(-0.128591270457,-19.8701895945,11.5));
#4831 = DIRECTION('',(-0.967074537263,0.25449329928,0.));
#4832 = DIRECTION('',(0.,0.,-1.));
#4833 = ORIENTED_EDGE('',*,*,#4834,.T.);
#4834 = EDGE_CURVE('',#4826,#3364,#4835,.T.);
#4835 = CIRCLE('',#4836,49.5);
#4836 = AXIS2_PLACEMENT_3D('',#4837,#4838,#4839);
#4837 = CARTESIAN_POINT('',(12.468827043885,28.,11.));
#4838 = DIRECTION('',(0.,0.,1.));
#4839 = DIRECTION('',(-0.25449329928,-0.967074537263,0.));
#4840 = ORIENTED_EDGE('',*,*,#3363,.T.);
#4841 = ORIENTED_EDGE('',*,*,#3431,.F.);
#4842 = TOROIDAL_SURFACE('',#4843,49.5,0.5);
#4843 = AXIS2_PLACEMENT_3D('',#4844,#4845,#4846);
#4844 = CARTESIAN_POINT('',(12.468827043885,28.,11.5));
#4845 = DIRECTION('',(0.,0.,1.));
#4846 = DIRECTION('',(-0.25449329928,-0.967074537263,0.));
#4847 = ADVANCED_FACE('',(#4848),#4894,.F.);
#4848 = FACE_BOUND('',#4849,.F.);
#4849 = EDGE_LOOP('',(#4850,#4851,#4860,#4869,#4878,#4886,#4892,#4893));
#4850 = ORIENTED_EDGE('',*,*,#4800,.F.);
#4851 = ORIENTED_EDGE('',*,*,#4852,.F.);
#4852 = EDGE_CURVE('',#4853,#4801,#4855,.T.);
#4853 = VERTEX_POINT('',#4854);
#4854 = CARTESIAN_POINT('',(5.317819615693,-16.14685091697,11.));
#4855 = CIRCLE('',#4856,0.5);
#4856 = AXIS2_PLACEMENT_3D('',#4857,#4858,#4859);
#4857 = CARTESIAN_POINT('',(5.474226074978,-16.62175829688,11.));
#4858 = DIRECTION('',(0.,0.,-1.));
#4859 = DIRECTION('',(-0.31281291857,0.949814759822,0.));
#4860 = ORIENTED_EDGE('',*,*,#4861,.F.);
#4861 = EDGE_CURVE('',#4862,#4853,#4864,.T.);
#4862 = VERTEX_POINT('',#4863);
#4863 = CARTESIAN_POINT('',(-12.10908018608,-11.93189746213,11.));
#4864 = CIRCLE('',#4865,17.);
#4865 = AXIS2_PLACEMENT_3D('',#4866,#4867,#4868);
#4866 = CARTESIAN_POINT('',(0.,3.55E-15,11.));
#4867 = DIRECTION('',(0.,0.,1.));
#4868 = DIRECTION('',(-0.712298834476,-0.701876321302,0.));
#4869 = ORIENTED_EDGE('',*,*,#4870,.F.);
#4870 = EDGE_CURVE('',#4871,#4862,#4873,.T.);
#4871 = VERTEX_POINT('',#4872);
#4872 = CARTESIAN_POINT('',(-12.9517528019,-12.16753090801,11.));
#4873 = CIRCLE('',#4874,0.5);
#4874 = AXIS2_PLACEMENT_3D('',#4875,#4876,#4877);
#4875 = CARTESIAN_POINT('',(-12.46522960332,-12.28283562278,11.));
#4876 = DIRECTION('',(0.,0.,-1.));
#4877 = DIRECTION('',(-0.973046397151,0.230609429536,0.));
#4878 = ORIENTED_EDGE('',*,*,#4879,.F.);
#4879 = EDGE_CURVE('',#4880,#4871,#4882,.T.);
#4880 = VERTEX_POINT('',#4881);
#4881 = CARTESIAN_POINT('',(-13.91729263223,-16.24158397298,11.));
#4882 = LINE('',#4883,#4884);
#4883 = CARTESIAN_POINT('',(-14.02695360284,-16.70429364006,11.));
#4884 = VECTOR('',#4885,1.);
#4885 = DIRECTION('',(0.230609429536,0.973046397151,0.));
#4886 = ORIENTED_EDGE('',*,*,#4887,.T.);
#4887 = EDGE_CURVE('',#4880,#4826,#4888,.T.);
#4888 = LINE('',#4889,#4890);
#4889 = CARTESIAN_POINT('',(-13.90538565118,-16.24471738904,11.));
#4890 = VECTOR('',#4891,1.);
#4891 = DIRECTION('',(0.967074537263,-0.25449329928,0.));
#4892 = ORIENTED_EDGE('',*,*,#4834,.T.);
#4893 = ORIENTED_EDGE('',*,*,#3374,.T.);
#4894 = PLANE('',#4895);
#4895 = AXIS2_PLACEMENT_3D('',#4896,#4897,#4898);
#4896 = CARTESIAN_POINT('',(1.083851009631,-17.55634653393,11.));
#4897 = DIRECTION('',(0.,0.,1.));
#4898 = DIRECTION('',(1.,0.,0.));
#4899 = ADVANCED_FACE('',(#4900),#4912,.T.);
#4900 = FACE_BOUND('',#4901,.T.);
#4901 = EDGE_LOOP('',(#4902,#4909,#4910,#4911));
#4902 = ORIENTED_EDGE('',*,*,#4903,.T.);
#4903 = EDGE_CURVE('',#3957,#3602,#4904,.T.);
#4904 = CIRCLE('',#4905,0.5);
#4905 = AXIS2_PLACEMENT_3D('',#4906,#4907,#4908);
#4906 = CARTESIAN_POINT('',(-13.91729263223,16.241583972981,11.5));
#4907 = DIRECTION('',(0.967074537263,0.25449329928,1.1E-16));
#4908 = DIRECTION('',(-1.911956341523E-18,4.394968535943E-16,-1.));
#4909 = ORIENTED_EDGE('',*,*,#3613,.T.);
#4910 = ORIENTED_EDGE('',*,*,#3902,.F.);
#4911 = ORIENTED_EDGE('',*,*,#3964,.F.);
#4912 = CYLINDRICAL_SURFACE('',#4913,0.5);
#4913 = AXIS2_PLACEMENT_3D('',#4914,#4915,#4916);
#4914 = CARTESIAN_POINT('',(-13.90538565118,16.244717389047,11.5));
#4915 = DIRECTION('',(0.967074537263,0.25449329928,1.1E-16));
#4916 = DIRECTION('',(-1.911956341523E-18,4.394968535943E-16,-1.));
#4917 = ADVANCED_FACE('',(#4918),#4929,.F.);
#4918 = FACE_BOUND('',#4919,.F.);
#4919 = EDGE_LOOP('',(#4920,#4926,#4927,#4928));
#4920 = ORIENTED_EDGE('',*,*,#4921,.T.);
#4921 = EDGE_CURVE('',#4162,#3507,#4922,.T.);
#4922 = LINE('',#4923,#4924);
#4923 = CARTESIAN_POINT('',(-20.24203999873,14.836181296319,
    15.682287250461));
#4924 = VECTOR('',#4925,1.);
#4925 = DIRECTION('',(-8.7290372115E-03,0.705959156462,-0.708198752693)
  );
#4926 = ORIENTED_EDGE('',*,*,#3506,.T.);
#4927 = ORIENTED_EDGE('',*,*,#4495,.F.);
#4928 = ORIENTED_EDGE('',*,*,#4186,.F.);
#4929 = B_SPLINE_SURFACE_WITH_KNOTS('',1,7,(
    (#4930,#4931,#4932,#4933,#4934,#4935,#4936,#4937,#4938,#4939,#4940
      ,#4941,#4942,#4943)
    ,(#4944,#4945,#4946,#4947,#4948,#4949,#4950,#4951,#4952,#4953,#4954
      ,#4955,#4956,#4957
    )),.UNSPECIFIED.,.F.,.F.,.F.,(2,2),(8,6,8),(0.,0.502302361079),(
    449.87781278031,450.00556388546,450.38011514139),.UNSPECIFIED.);
#4930 = CARTESIAN_POINT('',(-20.23885999883,14.578999434382,
    15.940285000291));
#4931 = CARTESIAN_POINT('',(-20.22189446079,14.583464049657,
    15.944526384801));
#4932 = CARTESIAN_POINT('',(-20.20483337891,14.587934221339,
    15.9486078847));
#4933 = CARTESIAN_POINT('',(-20.18767433735,14.592412039807,
    15.952527209644));
#4934 = CARTESIAN_POINT('',(-20.17041809982,14.596897756687,
    15.956285067229));
#4935 = CARTESIAN_POINT('',(-20.15304841422,14.601402876854,
    15.959874881359));
#4936 = CARTESIAN_POINT('',(-20.13569989923,14.605887409363,
    15.963279618582));
#4937 = CARTESIAN_POINT('',(-20.06621841994,14.623853435014,
    15.976148800396));
#4938 = CARTESIAN_POINT('',(-20.01365917837,14.637456701257,
    15.98423503036));
#4939 = CARTESIAN_POINT('',(-19.96129828624,14.65111203337,
    15.990595688187));
#4940 = CARTESIAN_POINT('',(-19.90896016838,14.664826481471,
    15.995340421159));
#4941 = CARTESIAN_POINT('',(-19.85709082238,14.678479911169,
    15.998439180134));
#4942 = CARTESIAN_POINT('',(-19.80548731861,14.692059055512,16.));
#4943 = CARTESIAN_POINT('',(-19.75378874876,14.705663942315,16.));
#4944 = CARTESIAN_POINT('',(-20.24521999862,15.093363158256,
    15.424289500631));
#4945 = CARTESIAN_POINT('',(-20.22522808799,15.098624187371,
    15.42928747829));
#4946 = CARTESIAN_POINT('',(-20.20555779865,15.103800579302,
    15.434360319154));
#4947 = CARTESIAN_POINT('',(-20.18636214356,15.108852067483,
    15.439436726702));
#4948 = CARTESIAN_POINT('',(-20.16705259544,15.113933527514,
    15.444666627742));
#4949 = CARTESIAN_POINT('',(-20.14916372483,15.118641125044,
    15.449540446302));
#4950 = CARTESIAN_POINT('',(-20.12865605541,15.124037880154,
    15.455322897622));
#4951 = CARTESIAN_POINT('',(-20.06947835713,15.13961095865,
    15.471734264331));
#4952 = CARTESIAN_POINT('',(-20.03299602139,15.149211573318,
    15.48108248311));
#4953 = CARTESIAN_POINT('',(-19.99605156038,15.158933799899,
    15.489094659742));
#4954 = CARTESIAN_POINT('',(-19.96303780427,15.167621630454,
    15.494755894397));
#4955 = CARTESIAN_POINT('',(-19.93259547278,15.17563277032,
    15.498340099063));
#4956 = CARTESIAN_POINT('',(-19.90542385272,15.182783196651,15.5));
#4957 = CARTESIAN_POINT('',(-19.8810353984,15.189201210946,15.5));
#4958 = ADVANCED_FACE('',(#4959),#4982,.T.);
#4959 = FACE_BOUND('',#4960,.T.);
#4960 = EDGE_LOOP('',(#4961,#4970,#4971,#4972));
#4961 = ORIENTED_EDGE('',*,*,#4962,.T.);
#4962 = EDGE_CURVE('',#4963,#3594,#4965,.T.);
#4963 = VERTEX_POINT('',#4964);
#4964 = CARTESIAN_POINT('',(-14.88182098242,15.975033017021,10.));
#4965 = CIRCLE('',#4966,0.5);
#4966 = AXIS2_PLACEMENT_3D('',#4967,#4968,#4969);
#4967 = CARTESIAN_POINT('',(-15.36834418099,15.859728302253,10.));
#4968 = DIRECTION('',(0.,-4.4E-16,1.));
#4969 = DIRECTION('',(0.973046397151,0.230609429536,1.014681489958E-16)
  );
#4970 = ORIENTED_EDGE('',*,*,#3601,.T.);
#4971 = ORIENTED_EDGE('',*,*,#4903,.F.);
#4972 = ORIENTED_EDGE('',*,*,#4973,.F.);
#4973 = EDGE_CURVE('',#4963,#3957,#4974,.T.);
#4974 = ( BOUNDED_CURVE() B_SPLINE_CURVE(6,(#4975,#4976,#4977,#4978,
#4979,#4980,#4981),.UNSPECIFIED.,.F.,.F.) B_SPLINE_CURVE_WITH_KNOTS((7,7
),(224.86247332471,226.42119506621),.PIECEWISE_BEZIER_KNOTS.) CURVE() 
GEOMETRIC_REPRESENTATION_ITEM() RATIONAL_B_SPLINE_CURVE((1.,1.,1.,1.,1.,
1.,1.)) REPRESENTATION_ITEM('') );
#4975 = CARTESIAN_POINT('',(-14.88182098242,15.975033017021,10.));
#4976 = CARTESIAN_POINT('',(-14.88182098242,15.975033017021,
    10.263024581856));
#4977 = CARTESIAN_POINT('',(-14.8020185219,15.997086818034,
    10.527251735751));
#4978 = CARTESIAN_POINT('',(-14.63919114579,16.042082118225,
    10.758997700564));
#4979 = CARTESIAN_POINT('',(-14.41699971533,16.103488302891,
    10.918985505778));
#4980 = CARTESIAN_POINT('',(-14.16773090015,16.172374436723,11.));
#4981 = CARTESIAN_POINT('',(-13.91729263223,16.241583972981,11.));
#4982 = ( BOUNDED_SURFACE() B_SPLINE_SURFACE(2,6,(
    (#4983,#4984,#4985,#4986,#4987,#4988,#4989)
    ,(#4990,#4991,#4992,#4993,#4994,#4995,#4996)
    ,(#4997,#4998,#4999,#5000,#5001,#5002,#5003
)),.UNSPECIFIED.,.F.,.F.,.F.) B_SPLINE_SURFACE_WITH_KNOTS((3,3),(7,7),(
    0.,1.558721741495),(224.86247332471,226.42119506621),
.PIECEWISE_BEZIER_KNOTS.) GEOMETRIC_REPRESENTATION_ITEM() 
RATIONAL_B_SPLINE_SURFACE((
    (1.,1.,1.,1.,1.,1.,1.)
    ,(0.698349024269,0.698349024269,0.699078111154,0.700564593914
      ,0.702589205536,0.704846925061,0.707106781187)
,(1.,1.,1.,1.,1.,1.,1.))) REPRESENTATION_ITEM('') SURFACE() );
#4983 = CARTESIAN_POINT('',(-14.88182098242,15.975033017021,10.));
#4984 = CARTESIAN_POINT('',(-14.88182098242,15.975033017021,
    10.263024581856));
#4985 = CARTESIAN_POINT('',(-14.8020185219,15.997086818034,
    10.527251735751));
#4986 = CARTESIAN_POINT('',(-14.63919114579,16.042082118225,
    10.758997700564));
#4987 = CARTESIAN_POINT('',(-14.41699971533,16.103488302891,
    10.918985505778));
#4988 = CARTESIAN_POINT('',(-14.16773090015,16.172374436723,11.));
#4989 = CARTESIAN_POINT('',(-13.91729263223,16.241583972981,11.));
#4990 = CARTESIAN_POINT('',(-15.,16.473684210526,10.));
#4991 = CARTESIAN_POINT('',(-15.,16.473684210526,10.259746761374));
#4992 = CARTESIAN_POINT('',(-14.92200174558,16.494210066952,
    10.52018009971));
#4993 = CARTESIAN_POINT('',(-14.76356635633,16.535903590438,
    10.749718915754));
#4994 = CARTESIAN_POINT('',(-14.54519673181,16.593369281102,
    10.912038128531));
#4995 = CARTESIAN_POINT('',(-14.29659566607,16.658790614191,
    10.996793834273));
#4996 = CARTESIAN_POINT('',(-14.04453928187,16.725121241613,11.));
#4997 = CARTESIAN_POINT('',(-15.49559083063,16.343265570884,10.));
#4998 = CARTESIAN_POINT('',(-15.49559083063,16.343265570884,
    10.392897962543));
#4999 = CARTESIAN_POINT('',(-15.37624802259,16.374671573001,
    10.785762851467));
#5000 = CARTESIAN_POINT('',(-15.13671380625,16.437706893091,
    11.130229614397));
#5001 = CARTESIAN_POINT('',(-14.80437531251,16.525164391444,
    11.37605139729));
#5002 = CARTESIAN_POINT('',(-14.42521166956,16.624944297482,
    11.499966433443));
#5003 = CARTESIAN_POINT('',(-14.04466061972,16.725089310598,
    11.499999984258));
#5004 = ADVANCED_FACE('',(#5005),#5015,.F.);
#5005 = FACE_BOUND('',#5006,.T.);
#5006 = EDGE_LOOP('',(#5007,#5012,#5013,#5014));
#5007 = ORIENTED_EDGE('',*,*,#5008,.F.);
#5008 = EDGE_CURVE('',#4132,#3526,#5009,.T.);
#5009 = B_SPLINE_CURVE_WITH_KNOTS('',1,(#5010,#5011),.UNSPECIFIED.,.F.,
  .F.,(2,2),(0.,6.594803524219),.PIECEWISE_BEZIER_KNOTS.);
#5010 = CARTESIAN_POINT('',(-28.21267812518,12.480626243126,
    13.946830468705));
#5011 = CARTESIAN_POINT('',(-28.21886912831,12.995034439917,
    13.430877251364));
#5012 = ORIENTED_EDGE('',*,*,#4169,.T.);
#5013 = ORIENTED_EDGE('',*,*,#4921,.T.);
#5014 = ORIENTED_EDGE('',*,*,#3525,.F.);
#5015 = PLANE('',#5016);
#5016 = AXIS2_PLACEMENT_3D('',#5017,#5018,#5019);
#5017 = CARTESIAN_POINT('',(-28.09586778391,12.769384510746,
    13.718830304166));
#5018 = DIRECTION('',(0.341083657207,-0.663650149567,-0.665755524022));
#5019 = DIRECTION('',(-0.939992416297,-0.247366425341,-0.234998104074));
#5020 = ADVANCED_FACE('',(#5021),#5039,.T.);
#5021 = FACE_BOUND('',#5022,.T.);
#5022 = EDGE_LOOP('',(#5023,#5031,#5032,#5033));
#5023 = ORIENTED_EDGE('',*,*,#5024,.T.);
#5024 = EDGE_CURVE('',#5025,#3582,#5027,.T.);
#5025 = VERTEX_POINT('',#5026);
#5026 = CARTESIAN_POINT('',(-14.88182098242,15.975033017021,-10.));
#5027 = ( BOUNDED_CURVE() B_SPLINE_CURVE(2,(#5028,#5029,#5030),
.UNSPECIFIED.,.F.,.F.) B_SPLINE_CURVE_WITH_KNOTS((3,3),(0.,
1.558721741495),.PIECEWISE_BEZIER_KNOTS.) CURVE() 
GEOMETRIC_REPRESENTATION_ITEM() RATIONAL_B_SPLINE_CURVE((1.,
0.698349024269,1.)) REPRESENTATION_ITEM('') );
#5028 = CARTESIAN_POINT('',(-14.88182098242,15.975033017021,-10.));
#5029 = CARTESIAN_POINT('',(-15.,16.473684210526,-10.));
#5030 = CARTESIAN_POINT('',(-15.49559083063,16.343265570884,-10.));
#5031 = ORIENTED_EDGE('',*,*,#3593,.T.);
#5032 = ORIENTED_EDGE('',*,*,#4962,.F.);
#5033 = ORIENTED_EDGE('',*,*,#5034,.F.);
#5034 = EDGE_CURVE('',#5025,#4963,#5035,.T.);
#5035 = LINE('',#5036,#5037);
#5036 = CARTESIAN_POINT('',(-14.88182098242,15.975033017021,-10.));
#5037 = VECTOR('',#5038,1.);
#5038 = DIRECTION('',(0.,-4.4E-16,1.));
#5039 = CYLINDRICAL_SURFACE('',#5040,0.5);
#5040 = AXIS2_PLACEMENT_3D('',#5041,#5042,#5043);
#5041 = CARTESIAN_POINT('',(-15.36834418099,15.859728302253,-10.));
#5042 = DIRECTION('',(0.,-4.4E-16,1.));
#5043 = DIRECTION('',(0.973046397151,0.230609429536,1.014681489958E-16)
  );
#5044 = ADVANCED_FACE('',(#5045),#5056,.F.);
#5045 = FACE_BOUND('',#5046,.F.);
#5046 = EDGE_LOOP('',(#5047,#5053,#5054,#5055));
#5047 = ORIENTED_EDGE('',*,*,#5048,.T.);
#5048 = EDGE_CURVE('',#4085,#3534,#5049,.T.);
#5049 = LINE('',#5050,#5051);
#5050 = CARTESIAN_POINT('',(-31.75823136568,11.81362332482,
    9.096117967978));
#5051 = VECTOR('',#5052,1.);
#5052 = DIRECTION('',(0.61053529821,0.791989046414,5.3E-16));
#5053 = ORIENTED_EDGE('',*,*,#3533,.T.);
#5054 = ORIENTED_EDGE('',*,*,#5008,.F.);
#5055 = ORIENTED_EDGE('',*,*,#4141,.F.);
#5056 = B_SPLINE_SURFACE_WITH_KNOTS('',1,6,(
    (#5057,#5058,#5059,#5060,#5061,#5062,#5063)
    ,(#5064,#5065,#5066,#5067,#5068,#5069,#5070
  )),.UNSPECIFIED.,.F.,.F.,.F.,(2,2),(7,7),(0.,6.594803524219),(
    434.80015356903,441.39495709325),.PIECEWISE_BEZIER_KNOTS.);
#5057 = CARTESIAN_POINT('',(-32.,11.5,9.096117967978));
#5058 = CARTESIAN_POINT('',(-32.,11.5,10.208630097379));
#5059 = CARTESIAN_POINT('',(-31.70420183435,11.575649303814,
    11.331074007001));
#5060 = CARTESIAN_POINT('',(-31.09419445638,11.726217353057,
    12.354255983447));
#5061 = CARTESIAN_POINT('',(-30.25141372431,11.945240108437,
    13.142355866594));
#5062 = CARTESIAN_POINT('',(-29.27037993945,12.202307937183,
    13.682405015135));
#5063 = CARTESIAN_POINT('',(-28.21267812518,12.480626243126,
    13.946830468705));
#5064 = CARTESIAN_POINT('',(-31.51646273136,12.12724664964,
    9.096117967978));
#5065 = CARTESIAN_POINT('',(-31.51646273136,12.12724664964,
    10.06920823306));
#5066 = CARTESIAN_POINT('',(-31.2655524218,12.193275678473,
    11.05437476417));
#5067 = CARTESIAN_POINT('',(-30.75983080385,12.326360314775,
    11.961605778021));
#5068 = CARTESIAN_POINT('',(-30.03565595573,12.516932643228,
    12.695352767832));
#5069 = CARTESIAN_POINT('',(-29.16364516399,12.746409167371,
    13.19433300156));
#5070 = CARTESIAN_POINT('',(-28.21886912831,12.995034439917,
    13.430877251364));
#5071 = ADVANCED_FACE('',(#5072),#5093,.T.);
#5072 = FACE_BOUND('',#5073,.T.);
#5073 = EDGE_LOOP('',(#5074,#5081,#5082,#5083));
#5074 = ORIENTED_EDGE('',*,*,#5075,.T.);
#5075 = EDGE_CURVE('',#3758,#3574,#5076,.T.);
#5076 = CIRCLE('',#5077,0.5);
#5077 = AXIS2_PLACEMENT_3D('',#5078,#5079,#5080);
#5078 = CARTESIAN_POINT('',(-13.91729263223,16.241583972981,-11.5));
#5079 = DIRECTION('',(-0.967074537263,-0.25449329928,-1.7E-16));
#5080 = DIRECTION('',(4.937017223449E-19,-6.698700784941E-16,1.));
#5081 = ORIENTED_EDGE('',*,*,#3581,.T.);
#5082 = ORIENTED_EDGE('',*,*,#5024,.F.);
#5083 = ORIENTED_EDGE('',*,*,#5084,.F.);
#5084 = EDGE_CURVE('',#3758,#5025,#5085,.T.);
#5085 = ( BOUNDED_CURVE() B_SPLINE_CURVE(6,(#5086,#5087,#5088,#5089,
#5090,#5091,#5092),.UNSPECIFIED.,.F.,.F.) B_SPLINE_CURVE_WITH_KNOTS((7,7
),(203.30375158322,204.86247332471),.PIECEWISE_BEZIER_KNOTS.) CURVE() 
GEOMETRIC_REPRESENTATION_ITEM() RATIONAL_B_SPLINE_CURVE((1.,1.,1.,1.,1.,
1.,1.)) REPRESENTATION_ITEM('') );
#5086 = CARTESIAN_POINT('',(-13.91729263223,16.241583972981,-11.));
#5087 = CARTESIAN_POINT('',(-14.16773090015,16.172374436723,-11.));
#5088 = CARTESIAN_POINT('',(-14.41699971533,16.103488302891,
    -10.91898550577));
#5089 = CARTESIAN_POINT('',(-14.63919114579,16.042082118225,
    -10.75899770056));
#5090 = CARTESIAN_POINT('',(-14.8020185219,15.997086818034,
    -10.52725173575));
#5091 = CARTESIAN_POINT('',(-14.88182098242,15.975033017021,
    -10.26302458185));
#5092 = CARTESIAN_POINT('',(-14.88182098242,15.975033017021,-10.));
#5093 = ( BOUNDED_SURFACE() B_SPLINE_SURFACE(2,6,(
    (#5094,#5095,#5096,#5097,#5098,#5099,#5100)
    ,(#5101,#5102,#5103,#5104,#5105,#5106,#5107)
    ,(#5108,#5109,#5110,#5111,#5112,#5113,#5114
)),.UNSPECIFIED.,.F.,.F.,.F.) B_SPLINE_SURFACE_WITH_KNOTS((3,3),(7,7),(
    0.,1.558721741495),(203.30375158322,204.86247332471),
.PIECEWISE_BEZIER_KNOTS.) GEOMETRIC_REPRESENTATION_ITEM() 
RATIONAL_B_SPLINE_SURFACE((
    (1.,1.,1.,1.,1.,1.,1.)
    ,(0.707106781187,0.704846925061,0.702589205536,0.700564593914
      ,0.699078111154,0.698349024269,0.698349024269)
,(1.,1.,1.,1.,1.,1.,1.))) REPRESENTATION_ITEM('') SURFACE() );
#5094 = CARTESIAN_POINT('',(-13.91729263223,16.241583972981,-11.));
#5095 = CARTESIAN_POINT('',(-14.16773090015,16.172374436723,-11.));
#5096 = CARTESIAN_POINT('',(-14.41699971533,16.103488302891,
    -10.91898550577));
#5097 = CARTESIAN_POINT('',(-14.63919114579,16.042082118225,
    -10.75899770056));
#5098 = CARTESIAN_POINT('',(-14.8020185219,15.997086818034,
    -10.52725173575));
#5099 = CARTESIAN_POINT('',(-14.88182098242,15.975033017021,
    -10.26302458185));
#5100 = CARTESIAN_POINT('',(-14.88182098242,15.975033017021,-10.));
#5101 = CARTESIAN_POINT('',(-14.04453928187,16.725121241613,-11.));
#5102 = CARTESIAN_POINT('',(-14.29659566607,16.658790614191,
    -10.99679383427));
#5103 = CARTESIAN_POINT('',(-14.54519673181,16.593369281102,
    -10.91203812853));
#5104 = CARTESIAN_POINT('',(-14.76356635633,16.535903590438,
    -10.74971891575));
#5105 = CARTESIAN_POINT('',(-14.92200174558,16.494210066952,
    -10.52018009971));
#5106 = CARTESIAN_POINT('',(-15.,16.473684210526,-10.25974676137));
#5107 = CARTESIAN_POINT('',(-15.,16.473684210526,-10.));
#5108 = CARTESIAN_POINT('',(-14.04466061972,16.725089310598,
    -11.49999998425));
#5109 = CARTESIAN_POINT('',(-14.42521166956,16.624944297482,
    -11.49996643344));
#5110 = CARTESIAN_POINT('',(-14.80437531251,16.525164391444,
    -11.37605139729));
#5111 = CARTESIAN_POINT('',(-15.13671380625,16.437706893091,
    -11.13022961439));
#5112 = CARTESIAN_POINT('',(-15.37624802259,16.374671573001,
    -10.78576285146));
#5113 = CARTESIAN_POINT('',(-15.49559083063,16.343265570884,
    -10.39289796254));
#5114 = CARTESIAN_POINT('',(-15.49559083063,16.343265570884,-10.));
#5115 = ADVANCED_FACE('',(#5116),#5126,.F.);
#5116 = FACE_BOUND('',#5117,.T.);
#5117 = EDGE_LOOP('',(#5118,#5123,#5124,#5125));
#5118 = ORIENTED_EDGE('',*,*,#5119,.F.);
#5119 = EDGE_CURVE('',#4054,#3546,#5120,.T.);
#5120 = B_SPLINE_CURVE_WITH_KNOTS('',1,(#5121,#5122),.UNSPECIFIED.,.F.,
  .F.,(2,2),(0.,7.856649015361),.PIECEWISE_BEZIER_KNOTS.);
#5121 = CARTESIAN_POINT('',(-32.,11.5,-11.));
#5122 = CARTESIAN_POINT('',(-31.51646273136,12.12724664964,-11.));
#5123 = ORIENTED_EDGE('',*,*,#4092,.T.);
#5124 = ORIENTED_EDGE('',*,*,#5048,.T.);
#5125 = ORIENTED_EDGE('',*,*,#3545,.F.);
#5126 = PLANE('',#5127);
#5127 = AXIS2_PLACEMENT_3D('',#5128,#5129,#5130);
#5128 = CARTESIAN_POINT('',(-31.75823136568,11.81362332482,-11.));
#5129 = DIRECTION('',(0.791989046414,-0.61053529821,-3.3E-16));
#5130 = DIRECTION('',(6.08019222564E-17,6.193818073038E-16,-1.));
#5131 = ADVANCED_FACE('',(#5132),#5138,.T.);
#5132 = FACE_BOUND('',#5133,.T.);
#5133 = EDGE_LOOP('',(#5134,#5135,#5136,#5137));
#5134 = ORIENTED_EDGE('',*,*,#3684,.T.);
#5135 = ORIENTED_EDGE('',*,*,#3573,.T.);
#5136 = ORIENTED_EDGE('',*,*,#5075,.F.);
#5137 = ORIENTED_EDGE('',*,*,#3802,.F.);
#5138 = CYLINDRICAL_SURFACE('',#5139,0.5);
#5139 = AXIS2_PLACEMENT_3D('',#5140,#5141,#5142);
#5140 = CARTESIAN_POINT('',(-0.128591270457,19.870189594501,-11.5));
#5141 = DIRECTION('',(-0.967074537263,-0.25449329928,-1.7E-16));
#5142 = DIRECTION('',(4.937017223449E-19,-6.698700784941E-16,1.));
#5143 = ADVANCED_FACE('',(#5144),#5155,.F.);
#5144 = FACE_BOUND('',#5145,.F.);
#5145 = EDGE_LOOP('',(#5146,#5152,#5153,#5154));
#5146 = ORIENTED_EDGE('',*,*,#5147,.T.);
#5147 = EDGE_CURVE('',#3734,#3554,#5148,.T.);
#5148 = LINE('',#5149,#5150);
#5149 = CARTESIAN_POINT('',(-27.06362332482,13.040534878937,-15.75));
#5150 = VECTOR('',#5151,1.);
#5151 = DIRECTION('',(-0.179953937687,0.683824963211,0.707106781187));
#5152 = ORIENTED_EDGE('',*,*,#3553,.T.);
#5153 = ORIENTED_EDGE('',*,*,#5119,.F.);
#5154 = ORIENTED_EDGE('',*,*,#4063,.F.);
#5155 = B_SPLINE_SURFACE_WITH_KNOTS('',1,7,(
    (#5156,#5157,#5158,#5159,#5160,#5161,#5162,#5163)
    ,(#5164,#5165,#5166,#5167,#5168,#5169,#5170,#5171
  )),.UNSPECIFIED.,.F.,.F.,.F.,(2,2),(8,8),(0.,7.856649015361),(
    406.84738658569,414.70403560105),.PIECEWISE_BEZIER_KNOTS.);
#5156 = CARTESIAN_POINT('',(-27.,12.798766244621,-16.));
#5157 = CARTESIAN_POINT('',(-28.10345549538,12.508383219521,-16.));
#5158 = CARTESIAN_POINT('',(-29.2002504209,12.220070549841,
    -15.71533821346));
#5159 = CARTESIAN_POINT('',(-30.2167470254,11.9508774466,-15.15635232255
    ));
#5160 = CARTESIAN_POINT('',(-31.09372805032,11.729693788771,
    -14.32496739447));
#5161 = CARTESIAN_POINT('',(-31.70049343665,11.576943387916,
    -13.27399889585));
#5162 = CARTESIAN_POINT('',(-32.,11.5,-12.1328604404));
#5163 = CARTESIAN_POINT('',(-32.,11.5,-11.));
#5164 = CARTESIAN_POINT('',(-27.12700800584,13.282366314251,
    -15.50000006089));
#5165 = CARTESIAN_POINT('',(-28.12076686038,13.020850826215,
    -15.49949290519));
#5166 = CARTESIAN_POINT('',(-29.10780242815,12.76110462417,
    -15.22697670391));
#5167 = CARTESIAN_POINT('',(-30.01040522431,12.523577572547,
    -14.68856888458));
#5168 = CARTESIAN_POINT('',(-30.7500854704,12.328924876209,
    -13.91938655852));
#5169 = CARTESIAN_POINT('',(-31.26154298667,12.194330792981,
    -12.99054871537));
#5170 = CARTESIAN_POINT('',(-31.51646273136,12.12724664964,
    -11.98967337171));
#5171 = CARTESIAN_POINT('',(-31.51646273136,12.12724664964,-11.));
#5172 = ADVANCED_FACE('',(#5173),#5179,.F.);
#5173 = FACE_BOUND('',#5174,.T.);
#5174 = EDGE_LOOP('',(#5175,#5176,#5177,#5178));
#5175 = ORIENTED_EDGE('',*,*,#3659,.F.);
#5176 = ORIENTED_EDGE('',*,*,#3741,.T.);
#5177 = ORIENTED_EDGE('',*,*,#5147,.T.);
#5178 = ORIENTED_EDGE('',*,*,#3566,.F.);
#5179 = PLANE('',#5180);
#5180 = AXIS2_PLACEMENT_3D('',#5181,#5182,#5183);
#5181 = CARTESIAN_POINT('',(-0.192214595277,20.111958228817,-15.75));
#5182 = DIRECTION('',(0.179953937687,-0.683824963211,0.707106781187));
#5183 = DIRECTION('',(0.967074537263,0.25449329928,1.52655665886E-16));
#5184 = ADVANCED_FACE('',(#5185),#5204,.F.);
#5185 = FACE_BOUND('',#5186,.T.);
#5186 = EDGE_LOOP('',(#5187,#5188,#5196,#5203));
#5187 = ORIENTED_EDGE('',*,*,#3632,.T.);
#5188 = ORIENTED_EDGE('',*,*,#5189,.T.);
#5189 = EDGE_CURVE('',#3633,#5190,#5192,.T.);
#5190 = VERTEX_POINT('',#5191);
#5191 = CARTESIAN_POINT('',(-31.1,8.,-7.));
#5192 = LINE('',#5193,#5194);
#5193 = CARTESIAN_POINT('',(-31.1,16.,-7.));
#5194 = VECTOR('',#5195,1.);
#5195 = DIRECTION('',(0.,-1.,2.2E-16));
#5196 = ORIENTED_EDGE('',*,*,#5197,.F.);
#5197 = EDGE_CURVE('',#5190,#5190,#5198,.T.);
#5198 = CIRCLE('',#5199,6.6);
#5199 = AXIS2_PLACEMENT_3D('',#5200,#5201,#5202);
#5200 = CARTESIAN_POINT('',(-24.5,8.,-7.));
#5201 = DIRECTION('',(0.,1.,-2.2E-16));
#5202 = DIRECTION('',(-1.,0.,0.));
#5203 = ORIENTED_EDGE('',*,*,#5189,.F.);
#5204 = CYLINDRICAL_SURFACE('',#5205,6.6);
#5205 = AXIS2_PLACEMENT_3D('',#5206,#5207,#5208);
#5206 = CARTESIAN_POINT('',(-24.5,16.,-7.));
#5207 = DIRECTION('',(0.,-1.,2.2E-16));
#5208 = DIRECTION('',(-1.,0.,0.));
#5209 = ADVANCED_FACE('',(#5210),#5221,.T.);
#5210 = FACE_BOUND('',#5211,.F.);
#5211 = EDGE_LOOP('',(#5212,#5213,#5214,#5220));
#5212 = ORIENTED_EDGE('',*,*,#4651,.F.);
#5213 = ORIENTED_EDGE('',*,*,#3716,.T.);
#5214 = ORIENTED_EDGE('',*,*,#5215,.T.);
#5215 = EDGE_CURVE('',#3717,#4562,#5216,.T.);
#5216 = LINE('',#5217,#5218);
#5217 = CARTESIAN_POINT('',(-27.06362332482,-13.04053487893,-15.75));
#5218 = VECTOR('',#5219,1.);
#5219 = DIRECTION('',(-0.179953937687,-0.683824963211,0.707106781187));
#5220 = ORIENTED_EDGE('',*,*,#4574,.F.);
#5221 = PLANE('',#5222);
#5222 = AXIS2_PLACEMENT_3D('',#5223,#5224,#5225);
#5223 = CARTESIAN_POINT('',(-0.192214595277,-20.11195822881,-15.75));
#5224 = DIRECTION('',(-0.179953937687,-0.683824963211,-0.707106781187));
#5225 = DIRECTION('',(0.967074537263,-0.25449329928,1.110223024625E-16)
  );
#5226 = ADVANCED_FACE('',(#5227),#5246,.F.);
#5227 = FACE_BOUND('',#5228,.F.);
#5228 = EDGE_LOOP('',(#5229,#5237,#5238,#5239));
#5229 = ORIENTED_EDGE('',*,*,#5230,.F.);
#5230 = EDGE_CURVE('',#5025,#5231,#5233,.T.);
#5231 = VERTEX_POINT('',#5232);
#5232 = CARTESIAN_POINT('',(-13.92479919905,11.936921478482,-10.));
#5233 = LINE('',#5234,#5235);
#5234 = CARTESIAN_POINT('',(-15.,16.473684210526,-10.));
#5235 = VECTOR('',#5236,1.);
#5236 = DIRECTION('',(0.230609429536,-0.973046397151,-6.5E-16));
#5237 = ORIENTED_EDGE('',*,*,#5084,.F.);
#5238 = ORIENTED_EDGE('',*,*,#3757,.T.);
#5239 = ORIENTED_EDGE('',*,*,#5240,.F.);
#5240 = EDGE_CURVE('',#5231,#3760,#5241,.T.);
#5241 = CIRCLE('',#5242,1.);
#5242 = AXIS2_PLACEMENT_3D('',#5243,#5244,#5245);
#5243 = CARTESIAN_POINT('',(-12.9517528019,12.167530908018,-10.));
#5244 = DIRECTION('',(0.230609429536,-0.973046397151,-6.5E-16));
#5245 = DIRECTION('',(-0.973046397151,-0.230609429536,-1.E-16));
#5246 = CYLINDRICAL_SURFACE('',#5247,1.);
#5247 = AXIS2_PLACEMENT_3D('',#5248,#5249,#5250);
#5248 = CARTESIAN_POINT('',(-14.02695360284,16.704293640062,-10.));
#5249 = DIRECTION('',(0.230609429536,-0.973046397151,-6.5E-16));
#5250 = DIRECTION('',(-0.973046397151,-0.230609429536,-1.E-16));
#5251 = ADVANCED_FACE('',(#5252),#5272,.F.);
#5252 = FACE_BOUND('',#5253,.T.);
#5253 = EDGE_LOOP('',(#5254,#5255,#5264,#5271));
#5254 = ORIENTED_EDGE('',*,*,#5240,.F.);
#5255 = ORIENTED_EDGE('',*,*,#5256,.T.);
#5256 = EDGE_CURVE('',#5231,#5257,#5259,.T.);
#5257 = VERTEX_POINT('',#5258);
#5258 = CARTESIAN_POINT('',(-11.39678135161,11.230021140833,-10.));
#5259 = CIRCLE('',#5260,1.5);
#5260 = AXIS2_PLACEMENT_3D('',#5261,#5262,#5263);
#5261 = CARTESIAN_POINT('',(-12.46522960332,12.282835622786,-10.));
#5262 = DIRECTION('',(-2.465190328816E-32,-6.7E-16,1.));
#5263 = DIRECTION('',(-0.973046397151,-0.230609429536,-1.54508317789E-16
    ));
#5264 = ORIENTED_EDGE('',*,*,#5265,.T.);
#5265 = EDGE_CURVE('',#5257,#3768,#5266,.T.);
#5266 = CIRCLE('',#5267,1.);
#5267 = AXIS2_PLACEMENT_3D('',#5268,#5269,#5270);
#5268 = CARTESIAN_POINT('',(-12.10908018608,11.931897462135,-10.));
#5269 = DIRECTION('',(0.701876321302,0.712298834476,4.7E-16));
#5270 = DIRECTION('',(0.712298834476,-0.701876321302,-4.7E-16));
#5271 = ORIENTED_EDGE('',*,*,#3767,.F.);
#5272 = SURFACE_OF_REVOLUTION('',#5273,#5284);
#5273 = B_SPLINE_CURVE_WITH_KNOTS('',5,(#5274,#5275,#5276,#5277,#5278,
    #5279,#5280,#5281,#5282,#5283),.UNSPECIFIED.,.F.,.F.,(6,4,6),(0.,
    0.785398163397,1.570796326795),.UNSPECIFIED.);
#5274 = CARTESIAN_POINT('',(-13.92479919905,11.936921478482,-10.));
#5275 = CARTESIAN_POINT('',(-13.92479919905,11.936921478482,
    -10.15707963267));
#5276 = CARTESIAN_POINT('',(-13.89479473643,11.944032456981,
    -10.31416175398));
#5277 = CARTESIAN_POINT('',(-13.83474242283,11.958264696903,
    -10.46315681768));
#5278 = CARTESIAN_POINT('',(-13.74787878863,11.978851149091,
    -10.59603470773));
#5279 = CARTESIAN_POINT('',(-13.53172222683,12.030079684084,
    -10.81817885464));
#5280 = CARTESIAN_POINT('',(-13.40242587466,12.060722578507,
    -10.90744863094));
#5281 = CARTESIAN_POINT('',(-13.25744676473,12.09508224515,
    -10.96916440705));
#5282 = CARTESIAN_POINT('',(-13.10459857254,12.131306863534,-11.));
#5283 = CARTESIAN_POINT('',(-12.9517528019,12.167530908018,-11.));
#5284 = AXIS1_PLACEMENT('',#5285,#5286);
#5285 = CARTESIAN_POINT('',(-12.46522960332,12.282835622786,-10.));
#5286 = DIRECTION('',(0.,6.7E-16,-1.));
#5287 = ADVANCED_FACE('',(#5288),#5308,.F.);
#5288 = FACE_BOUND('',#5289,.T.);
#5289 = EDGE_LOOP('',(#5290,#5291,#5300,#5307));
#5290 = ORIENTED_EDGE('',*,*,#5265,.F.);
#5291 = ORIENTED_EDGE('',*,*,#5292,.T.);
#5292 = EDGE_CURVE('',#5257,#5293,#5295,.T.);
#5293 = VERTEX_POINT('',#5294);
#5294 = CARTESIAN_POINT('',(5.005006697122,15.197036157151,-10.));
#5295 = CIRCLE('',#5296,16.);
#5296 = AXIS2_PLACEMENT_3D('',#5297,#5298,#5299);
#5297 = CARTESIAN_POINT('',(0.,5.55E-15,-10.));
#5298 = DIRECTION('',(0.,6.7E-16,-1.));
#5299 = DIRECTION('',(-0.712298834476,0.701876321302,4.702571352724E-16)
  );
#5300 = ORIENTED_EDGE('',*,*,#5301,.T.);
#5301 = EDGE_CURVE('',#5293,#3777,#5302,.T.);
#5302 = CIRCLE('',#5303,1.);
#5303 = AXIS2_PLACEMENT_3D('',#5304,#5305,#5306);
#5304 = CARTESIAN_POINT('',(5.317819615693,16.146850916973,-10.));
#5305 = DIRECTION('',(0.949814759822,-0.31281291857,-2.1E-16));
#5306 = DIRECTION('',(0.31281291857,0.949814759822,6.3E-16));
#5307 = ORIENTED_EDGE('',*,*,#3776,.F.);
#5308 = TOROIDAL_SURFACE('',#5309,17.,1.);
#5309 = AXIS2_PLACEMENT_3D('',#5310,#5311,#5312);
#5310 = CARTESIAN_POINT('',(0.,5.55E-15,-10.));
#5311 = DIRECTION('',(0.,-6.7E-16,1.));
#5312 = DIRECTION('',(-0.712298834476,0.701876321302,4.702571352724E-16)
  );
#5313 = ADVANCED_FACE('',(#5314),#5326,.F.);
#5314 = FACE_BOUND('',#5315,.T.);
#5315 = EDGE_LOOP('',(#5316,#5317,#5324,#5325));
#5316 = ORIENTED_EDGE('',*,*,#5301,.F.);
#5317 = ORIENTED_EDGE('',*,*,#5318,.T.);
#5318 = EDGE_CURVE('',#5293,#3829,#5319,.T.);
#5319 = CIRCLE('',#5320,1.5);
#5320 = AXIS2_PLACEMENT_3D('',#5321,#5322,#5323);
#5321 = CARTESIAN_POINT('',(5.474226074978,16.621758296884,-10.));
#5322 = DIRECTION('',(-2.465190328816E-32,-6.7E-16,1.));
#5323 = DIRECTION('',(-0.31281291857,-0.949814759822,-6.363758890807E-16
    ));
#5324 = ORIENTED_EDGE('',*,*,#3836,.T.);
#5325 = ORIENTED_EDGE('',*,*,#3785,.F.);
#5326 = SURFACE_OF_REVOLUTION('',#5327,#5338);
#5327 = B_SPLINE_CURVE_WITH_KNOTS('',5,(#5328,#5329,#5330,#5331,#5332,
    #5333,#5334,#5335,#5336,#5337),.UNSPECIFIED.,.F.,.F.,(6,4,6),(0.,
    0.785398163397,1.570796326795),.UNSPECIFIED.);
#5328 = CARTESIAN_POINT('',(5.005006697122,15.197036157151,-10.));
#5329 = CARTESIAN_POINT('',(5.005006697122,15.197036157151,
    -10.15707963267));
#5330 = CARTESIAN_POINT('',(5.014652468948,15.226324258459,
    -10.31416175398));
#5331 = CARTESIAN_POINT('',(5.033957960995,15.284942813524,
    -10.46315681768));
#5332 = CARTESIAN_POINT('',(5.06188270026,15.369732564661,
    -10.59603470773));
#5333 = CARTESIAN_POINT('',(5.131372259198,15.580728354203,
    -10.81817885464));
#5334 = CARTESIAN_POINT('',(5.172938179798,15.706937735426,
    -10.90744863094));
#5335 = CARTESIAN_POINT('',(5.219545760526,15.84845544607,
    -10.96916440705));
#5336 = CARTESIAN_POINT('',(5.268683077346,15.997654363387,-11.));
#5337 = CARTESIAN_POINT('',(5.317819615693,16.146850916973,-11.));
#5338 = AXIS1_PLACEMENT('',#5339,#5340);
#5339 = CARTESIAN_POINT('',(5.474226074978,16.621758296884,-10.));
#5340 = DIRECTION('',(0.,6.7E-16,-1.));
#5341 = ADVANCED_FACE('',(#5342),#5361,.F.);
#5342 = FACE_BOUND('',#5343,.F.);
#5343 = EDGE_LOOP('',(#5344,#5345,#5354,#5360));
#5344 = ORIENTED_EDGE('',*,*,#3861,.F.);
#5345 = ORIENTED_EDGE('',*,*,#5346,.F.);
#5346 = EDGE_CURVE('',#5347,#3854,#5349,.T.);
#5347 = VERTEX_POINT('',#5348);
#5348 = CARTESIAN_POINT('',(5.005006697122,15.197036157151,10.));
#5349 = CIRCLE('',#5350,1.5);
#5350 = AXIS2_PLACEMENT_3D('',#5351,#5352,#5353);
#5351 = CARTESIAN_POINT('',(5.474226074978,16.621758296884,10.));
#5352 = DIRECTION('',(0.,-4.4E-16,1.));
#5353 = DIRECTION('',(-0.31281291857,-0.949814759822,-4.179184943217E-16
    ));
#5354 = ORIENTED_EDGE('',*,*,#5355,.T.);
#5355 = EDGE_CURVE('',#5347,#5293,#5356,.T.);
#5356 = LINE('',#5357,#5358);
#5357 = CARTESIAN_POINT('',(5.005006697122,15.197036157151,11.));
#5358 = VECTOR('',#5359,1.);
#5359 = DIRECTION('',(0.,4.4E-16,-1.));
#5360 = ORIENTED_EDGE('',*,*,#5318,.T.);
#5361 = CYLINDRICAL_SURFACE('',#5362,1.5);
#5362 = AXIS2_PLACEMENT_3D('',#5363,#5364,#5365);
#5363 = CARTESIAN_POINT('',(5.474226074978,16.621758296884,11.));
#5364 = DIRECTION('',(0.,4.4E-16,-1.));
#5365 = DIRECTION('',(0.436402340792,-0.899751630702,-3.95890717509E-16)
  );
#5366 = ADVANCED_FACE('',(#5367),#5379,.F.);
#5367 = FACE_BOUND('',#5368,.T.);
#5368 = EDGE_LOOP('',(#5369,#5376,#5377,#5378));
#5369 = ORIENTED_EDGE('',*,*,#5370,.F.);
#5370 = EDGE_CURVE('',#3930,#5347,#5371,.T.);
#5371 = CIRCLE('',#5372,1.);
#5372 = AXIS2_PLACEMENT_3D('',#5373,#5374,#5375);
#5373 = CARTESIAN_POINT('',(5.317819615693,16.146850916973,10.));
#5374 = DIRECTION('',(0.949814759822,-0.31281291857,-1.4E-16));
#5375 = DIRECTION('',(0.31281291857,0.949814759822,4.2E-16));
#5376 = ORIENTED_EDGE('',*,*,#3929,.T.);
#5377 = ORIENTED_EDGE('',*,*,#3885,.T.);
#5378 = ORIENTED_EDGE('',*,*,#5346,.F.);
#5379 = SURFACE_OF_REVOLUTION('',#5380,#5391);
#5380 = B_SPLINE_CURVE_WITH_KNOTS('',5,(#5381,#5382,#5383,#5384,#5385,
    #5386,#5387,#5388,#5389,#5390),.UNSPECIFIED.,.F.,.F.,(6,4,6),(
    4.712388980385,5.497787143782,6.28318530718),.UNSPECIFIED.);
#5381 = CARTESIAN_POINT('',(5.317819615693,16.146850916973,11.));
#5382 = CARTESIAN_POINT('',(5.268683077346,15.997654363387,11.));
#5383 = CARTESIAN_POINT('',(5.219545760526,15.84845544607,
    10.969164407054));
#5384 = CARTESIAN_POINT('',(5.172938179798,15.706937735426,
    10.907448630943));
#5385 = CARTESIAN_POINT('',(5.131372259198,15.580728354203,
    10.818178854641));
#5386 = CARTESIAN_POINT('',(5.06188270026,15.369732564661,
    10.596034707733));
#5387 = CARTESIAN_POINT('',(5.033957960995,15.284942813524,
    10.463156817683));
#5388 = CARTESIAN_POINT('',(5.014652468948,15.226324258459,
    10.314161753982));
#5389 = CARTESIAN_POINT('',(5.005006697122,15.197036157151,
    10.15707963268));
#5390 = CARTESIAN_POINT('',(5.005006697122,15.197036157151,10.));
#5391 = AXIS1_PLACEMENT('',#5392,#5393);
#5392 = CARTESIAN_POINT('',(5.474226074978,16.621758296884,10.));
#5393 = DIRECTION('',(0.,4.4E-16,-1.));
#5394 = ADVANCED_FACE('',(#5395),#5415,.F.);
#5395 = FACE_BOUND('',#5396,.T.);
#5396 = EDGE_LOOP('',(#5397,#5406,#5407,#5408));
#5397 = ORIENTED_EDGE('',*,*,#5398,.F.);
#5398 = EDGE_CURVE('',#3939,#5399,#5401,.T.);
#5399 = VERTEX_POINT('',#5400);
#5400 = CARTESIAN_POINT('',(-11.39678135161,11.230021140833,10.));
#5401 = CIRCLE('',#5402,1.);
#5402 = AXIS2_PLACEMENT_3D('',#5403,#5404,#5405);
#5403 = CARTESIAN_POINT('',(-12.10908018608,11.931897462135,10.));
#5404 = DIRECTION('',(0.701876321302,0.712298834476,3.2E-16));
#5405 = DIRECTION('',(0.712298834476,-0.701876321302,-3.1E-16));
#5406 = ORIENTED_EDGE('',*,*,#3938,.T.);
#5407 = ORIENTED_EDGE('',*,*,#5370,.T.);
#5408 = ORIENTED_EDGE('',*,*,#5409,.F.);
#5409 = EDGE_CURVE('',#5399,#5347,#5410,.T.);
#5410 = CIRCLE('',#5411,16.);
#5411 = AXIS2_PLACEMENT_3D('',#5412,#5413,#5414);
#5412 = CARTESIAN_POINT('',(0.,-7.99E-15,10.));
#5413 = DIRECTION('',(2.465190328816E-32,4.4E-16,-1.));
#5414 = DIRECTION('',(-0.712298834476,0.701876321302,3.088255813729E-16)
  );
#5415 = TOROIDAL_SURFACE('',#5416,17.,1.);
#5416 = AXIS2_PLACEMENT_3D('',#5417,#5418,#5419);
#5417 = CARTESIAN_POINT('',(0.,-7.99E-15,10.));
#5418 = DIRECTION('',(0.,-4.4E-16,1.));
#5419 = DIRECTION('',(-0.712298834476,0.701876321302,3.088255813729E-16)
  );
#5420 = ADVANCED_FACE('',(#5421),#5441,.F.);
#5421 = FACE_BOUND('',#5422,.T.);
#5422 = EDGE_LOOP('',(#5423,#5432,#5433,#5434));
#5423 = ORIENTED_EDGE('',*,*,#5424,.F.);
#5424 = EDGE_CURVE('',#3948,#5425,#5427,.T.);
#5425 = VERTEX_POINT('',#5426);
#5426 = CARTESIAN_POINT('',(-13.92479919905,11.936921478482,10.));
#5427 = CIRCLE('',#5428,1.);
#5428 = AXIS2_PLACEMENT_3D('',#5429,#5430,#5431);
#5429 = CARTESIAN_POINT('',(-12.9517528019,12.167530908018,10.));
#5430 = DIRECTION('',(0.230609429536,-0.973046397151,-4.3E-16));
#5431 = DIRECTION('',(4.288378944661E-19,-4.41809462731E-16,1.));
#5432 = ORIENTED_EDGE('',*,*,#3947,.T.);
#5433 = ORIENTED_EDGE('',*,*,#5398,.T.);
#5434 = ORIENTED_EDGE('',*,*,#5435,.F.);
#5435 = EDGE_CURVE('',#5425,#5399,#5436,.T.);
#5436 = CIRCLE('',#5437,1.5);
#5437 = AXIS2_PLACEMENT_3D('',#5438,#5439,#5440);
#5438 = CARTESIAN_POINT('',(-12.46522960332,12.282835622786,10.));
#5439 = DIRECTION('',(-1.232595164408E-32,-4.4E-16,1.));
#5440 = DIRECTION('',(-0.973046397151,-0.230609429536,
    -1.014681489958E-16));
#5441 = SURFACE_OF_REVOLUTION('',#5442,#5453);
#5442 = B_SPLINE_CURVE_WITH_KNOTS('',5,(#5443,#5444,#5445,#5446,#5447,
    #5448,#5449,#5450,#5451,#5452),.UNSPECIFIED.,.F.,.F.,(6,4,6),(
    4.712388980385,5.497787143782,6.28318530718),.UNSPECIFIED.);
#5443 = CARTESIAN_POINT('',(-12.9517528019,12.167530908018,11.));
#5444 = CARTESIAN_POINT('',(-13.10459857254,12.131306863534,11.));
#5445 = CARTESIAN_POINT('',(-13.25744676473,12.09508224515,
    10.969164407054));
#5446 = CARTESIAN_POINT('',(-13.40242587466,12.060722578507,
    10.907448630943));
#5447 = CARTESIAN_POINT('',(-13.53172222683,12.030079684084,
    10.818178854641));
#5448 = CARTESIAN_POINT('',(-13.74787878863,11.978851149091,
    10.596034707733));
#5449 = CARTESIAN_POINT('',(-13.83474242284,11.958264696903,
    10.463156817683));
#5450 = CARTESIAN_POINT('',(-13.89479473643,11.944032456981,
    10.314161753982));
#5451 = CARTESIAN_POINT('',(-13.92479919905,11.936921478482,
    10.15707963268));
#5452 = CARTESIAN_POINT('',(-13.92479919905,11.936921478482,10.));
#5453 = AXIS1_PLACEMENT('',#5454,#5455);
#5454 = CARTESIAN_POINT('',(-12.46522960332,12.282835622786,10.));
#5455 = DIRECTION('',(0.,4.4E-16,-1.));
#5456 = ADVANCED_FACE('',(#5457),#5468,.F.);
#5457 = FACE_BOUND('',#5458,.F.);
#5458 = EDGE_LOOP('',(#5459,#5460,#5461,#5467));
#5459 = ORIENTED_EDGE('',*,*,#3956,.F.);
#5460 = ORIENTED_EDGE('',*,*,#4973,.F.);
#5461 = ORIENTED_EDGE('',*,*,#5462,.T.);
#5462 = EDGE_CURVE('',#4963,#5425,#5463,.T.);
#5463 = LINE('',#5464,#5465);
#5464 = CARTESIAN_POINT('',(-15.,16.473684210526,10.));
#5465 = VECTOR('',#5466,1.);
#5466 = DIRECTION('',(0.230609429536,-0.973046397151,-4.3E-16));
#5467 = ORIENTED_EDGE('',*,*,#5424,.F.);
#5468 = CYLINDRICAL_SURFACE('',#5469,1.);
#5469 = AXIS2_PLACEMENT_3D('',#5470,#5471,#5472);
#5470 = CARTESIAN_POINT('',(-14.02695360284,16.704293640062,10.));
#5471 = DIRECTION('',(0.230609429536,-0.973046397151,-4.3E-16));
#5472 = DIRECTION('',(4.288378944661E-19,-4.41809462731E-16,1.));
#5473 = ADVANCED_FACE('',(#5474,#5477),#5480,.T.);
#5474 = FACE_BOUND('',#5475,.T.);
#5475 = EDGE_LOOP('',(#5476));
#5476 = ORIENTED_EDGE('',*,*,#5197,.T.);
#5477 = FACE_BOUND('',#5478,.T.);
#5478 = EDGE_LOOP('',(#5479));
#5479 = ORIENTED_EDGE('',*,*,#4228,.F.);
#5480 = PLANE('',#5481);
#5481 = AXIS2_PLACEMENT_3D('',#5482,#5483,#5484);
#5482 = CARTESIAN_POINT('',(-24.5,8.,-7.));
#5483 = DIRECTION('',(0.,1.,-2.2E-16));
#5484 = DIRECTION('',(-1.,0.,0.));
#5485 = ADVANCED_FACE('',(#5486),#5497,.T.);
#5486 = FACE_BOUND('',#5487,.T.);
#5487 = EDGE_LOOP('',(#5488,#5494,#5495,#5496));
#5488 = ORIENTED_EDGE('',*,*,#5489,.T.);
#5489 = EDGE_CURVE('',#4273,#4515,#5490,.T.);
#5490 = LINE('',#5491,#5492);
#5491 = CARTESIAN_POINT('',(-20.24203999873,-14.83618129631,
    15.682287250461));
#5492 = VECTOR('',#5493,1.);
#5493 = DIRECTION('',(-8.7290372115E-03,-0.705959156462,-0.708198752693)
  );
#5494 = ORIENTED_EDGE('',*,*,#4514,.T.);
#5495 = ORIENTED_EDGE('',*,*,#4454,.F.);
#5496 = ORIENTED_EDGE('',*,*,#4272,.F.);
#5497 = B_SPLINE_SURFACE_WITH_KNOTS('',1,7,(
    (#5498,#5499,#5500,#5501,#5502,#5503,#5504,#5505,#5506,#5507,#5508
      ,#5509,#5510,#5511)
    ,(#5512,#5513,#5514,#5515,#5516,#5517,#5518,#5519,#5520,#5521,#5522
      ,#5523,#5524,#5525
    )),.UNSPECIFIED.,.F.,.F.,.F.,(2,2),(8,6,8),(0.,0.502302361079),(
    449.87781278031,450.00556388546,450.38011514139),.UNSPECIFIED.);
#5498 = CARTESIAN_POINT('',(-20.23885999883,-14.57899943438,
    15.940285000291));
#5499 = CARTESIAN_POINT('',(-20.22189446079,-14.58346404965,
    15.944526384801));
#5500 = CARTESIAN_POINT('',(-20.20483337891,-14.58793422133,
    15.948607884701));
#5501 = CARTESIAN_POINT('',(-20.18767433735,-14.5924120398,
    15.952527209644));
#5502 = CARTESIAN_POINT('',(-20.17041809982,-14.59689775668,
    15.956285067229));
#5503 = CARTESIAN_POINT('',(-20.15304841422,-14.60140287685,
    15.959874881359));
#5504 = CARTESIAN_POINT('',(-20.13569989923,-14.60588740936,
    15.963279618582));
#5505 = CARTESIAN_POINT('',(-20.06621841994,-14.62385343501,
    15.976148800397));
#5506 = CARTESIAN_POINT('',(-20.01365917839,-14.63745670125,
    15.984235030358));
#5507 = CARTESIAN_POINT('',(-19.96129828622,-14.65111203337,
    15.990595688191));
#5508 = CARTESIAN_POINT('',(-19.90896016838,-14.66482648147,
    15.995340421157));
#5509 = CARTESIAN_POINT('',(-19.85709082239,-14.67847991116,
    15.998439180135));
#5510 = CARTESIAN_POINT('',(-19.80548731861,-14.69205905551,16.));
#5511 = CARTESIAN_POINT('',(-19.75378874876,-14.70566394231,16.));
#5512 = CARTESIAN_POINT('',(-20.24521999862,-15.09336315825,
    15.424289500631));
#5513 = CARTESIAN_POINT('',(-20.22522808799,-15.09862418737,
    15.42928747829));
#5514 = CARTESIAN_POINT('',(-20.20555779865,-15.1038005793,
    15.434360319154));
#5515 = CARTESIAN_POINT('',(-20.18636214356,-15.10885206748,
    15.439436726702));
#5516 = CARTESIAN_POINT('',(-20.16705259544,-15.11393352751,
    15.444666627743));
#5517 = CARTESIAN_POINT('',(-20.14916372483,-15.11864112504,
    15.449540446302));
#5518 = CARTESIAN_POINT('',(-20.12865605541,-15.12403788015,
    15.455322897622));
#5519 = CARTESIAN_POINT('',(-20.06947835713,-15.13961095864,
    15.47173426433));
#5520 = CARTESIAN_POINT('',(-20.03299602138,-15.14921157332,
    15.481082483113));
#5521 = CARTESIAN_POINT('',(-19.99605156038,-15.15893379989,
    15.489094659738));
#5522 = CARTESIAN_POINT('',(-19.96303780428,-15.16762163045,
    15.4947558944));
#5523 = CARTESIAN_POINT('',(-19.93259547277,-15.17563277032,
    15.498340099063));
#5524 = CARTESIAN_POINT('',(-19.90542385273,-15.18278319664,15.5));
#5525 = CARTESIAN_POINT('',(-19.8810353984,-15.18920121094,15.5));
#5526 = ADVANCED_FACE('',(#5527),#5537,.T.);
#5527 = FACE_BOUND('',#5528,.F.);
#5528 = EDGE_LOOP('',(#5529,#5534,#5535,#5536));
#5529 = ORIENTED_EDGE('',*,*,#5530,.F.);
#5530 = EDGE_CURVE('',#4307,#4534,#5531,.T.);
#5531 = B_SPLINE_CURVE_WITH_KNOTS('',1,(#5532,#5533),.UNSPECIFIED.,.F.,
  .F.,(2,2),(0.,6.594803524219),.PIECEWISE_BEZIER_KNOTS.);
#5532 = CARTESIAN_POINT('',(-28.21267812518,-12.48062624312,
    13.946830468705));
#5533 = CARTESIAN_POINT('',(-28.21886912831,-12.99503443991,
    13.430877251364));
#5534 = ORIENTED_EDGE('',*,*,#4314,.T.);
#5535 = ORIENTED_EDGE('',*,*,#5489,.T.);
#5536 = ORIENTED_EDGE('',*,*,#4533,.F.);
#5537 = PLANE('',#5538);
#5538 = AXIS2_PLACEMENT_3D('',#5539,#5540,#5541);
#5539 = CARTESIAN_POINT('',(-28.09586778391,-12.76938451074,
    13.718830304166));
#5540 = DIRECTION('',(-0.341083657207,-0.663650149567,0.665755524022));
#5541 = DIRECTION('',(-0.939992416297,0.247366425341,-0.234998104074));
#5542 = ADVANCED_FACE('',(#5543),#5554,.T.);
#5543 = FACE_BOUND('',#5544,.T.);
#5544 = EDGE_LOOP('',(#5545,#5551,#5552,#5553));
#5545 = ORIENTED_EDGE('',*,*,#5546,.T.);
#5546 = EDGE_CURVE('',#4332,#4542,#5547,.T.);
#5547 = LINE('',#5548,#5549);
#5548 = CARTESIAN_POINT('',(-31.75823136568,-11.81362332482,
    9.096117967978));
#5549 = VECTOR('',#5550,1.);
#5550 = DIRECTION('',(0.61053529821,-0.791989046414,1.8E-16));
#5551 = ORIENTED_EDGE('',*,*,#4541,.T.);
#5552 = ORIENTED_EDGE('',*,*,#5530,.F.);
#5553 = ORIENTED_EDGE('',*,*,#4331,.F.);
#5554 = B_SPLINE_SURFACE_WITH_KNOTS('',1,6,(
    (#5555,#5556,#5557,#5558,#5559,#5560,#5561)
    ,(#5562,#5563,#5564,#5565,#5566,#5567,#5568
  )),.UNSPECIFIED.,.F.,.F.,.F.,(2,2),(7,7),(0.,6.594803524219),(
    434.80015356903,441.39495709325),.PIECEWISE_BEZIER_KNOTS.);
#5555 = CARTESIAN_POINT('',(-32.,-11.5,9.096117967978));
#5556 = CARTESIAN_POINT('',(-32.,-11.5,10.208630097379));
#5557 = CARTESIAN_POINT('',(-31.70420183435,-11.57564930381,
    11.331074007002));
#5558 = CARTESIAN_POINT('',(-31.09419445638,-11.72621735305,
    12.354255983447));
#5559 = CARTESIAN_POINT('',(-30.25141372431,-11.94524010843,
    13.142355866594));
#5560 = CARTESIAN_POINT('',(-29.27037993945,-12.20230793718,
    13.682405015135));
#5561 = CARTESIAN_POINT('',(-28.21267812518,-12.48062624312,
    13.946830468705));
#5562 = CARTESIAN_POINT('',(-31.51646273136,-12.12724664964,
    9.096117967978));
#5563 = CARTESIAN_POINT('',(-31.51646273136,-12.12724664964,
    10.06920823306));
#5564 = CARTESIAN_POINT('',(-31.2655524218,-12.19327567847,
    11.05437476417));
#5565 = CARTESIAN_POINT('',(-30.75983080385,-12.32636031477,
    11.961605778021));
#5566 = CARTESIAN_POINT('',(-30.03565595573,-12.51693264322,
    12.695352767832));
#5567 = CARTESIAN_POINT('',(-29.16364516399,-12.74640916737,
    13.19433300156));
#5568 = CARTESIAN_POINT('',(-28.21886912831,-12.99503443991,
    13.430877251364));
#5569 = ADVANCED_FACE('',(#5570),#5580,.T.);
#5570 = FACE_BOUND('',#5571,.F.);
#5571 = EDGE_LOOP('',(#5572,#5577,#5578,#5579));
#5572 = ORIENTED_EDGE('',*,*,#5573,.F.);
#5573 = EDGE_CURVE('',#4359,#4554,#5574,.T.);
#5574 = B_SPLINE_CURVE_WITH_KNOTS('',1,(#5575,#5576),.UNSPECIFIED.,.F.,
  .F.,(2,2),(0.,7.856649015361),.PIECEWISE_BEZIER_KNOTS.);
#5575 = CARTESIAN_POINT('',(-32.,-11.5,-11.));
#5576 = CARTESIAN_POINT('',(-31.51646273136,-12.12724664964,-11.));
#5577 = ORIENTED_EDGE('',*,*,#4366,.T.);
#5578 = ORIENTED_EDGE('',*,*,#5546,.T.);
#5579 = ORIENTED_EDGE('',*,*,#4553,.F.);
#5580 = PLANE('',#5581);
#5581 = AXIS2_PLACEMENT_3D('',#5582,#5583,#5584);
#5582 = CARTESIAN_POINT('',(-31.75823136568,-11.81362332482,-11.));
#5583 = DIRECTION('',(-0.791989046414,-0.61053529821,0.));
#5584 = DIRECTION('',(1.08698086148E-16,-1.41003630499E-16,-1.));
#5585 = ADVANCED_FACE('',(#5586),#5592,.T.);
#5586 = FACE_BOUND('',#5587,.T.);
#5587 = EDGE_LOOP('',(#5588,#5589,#5590,#5591));
#5588 = ORIENTED_EDGE('',*,*,#5215,.T.);
#5589 = ORIENTED_EDGE('',*,*,#4561,.T.);
#5590 = ORIENTED_EDGE('',*,*,#5573,.F.);
#5591 = ORIENTED_EDGE('',*,*,#4383,.F.);
#5592 = B_SPLINE_SURFACE_WITH_KNOTS('',1,7,(
    (#5593,#5594,#5595,#5596,#5597,#5598,#5599,#5600)
    ,(#5601,#5602,#5603,#5604,#5605,#5606,#5607,#5608
  )),.UNSPECIFIED.,.F.,.F.,.F.,(2,2),(8,8),(0.,7.856649015361),(
    406.84738658569,414.70403560105),.PIECEWISE_BEZIER_KNOTS.);
#5593 = CARTESIAN_POINT('',(-27.,-12.79876624462,-16.));
#5594 = CARTESIAN_POINT('',(-28.10345549538,-12.50838321952,-16.));
#5595 = CARTESIAN_POINT('',(-29.2002504209,-12.22007054984,
    -15.71533821346));
#5596 = CARTESIAN_POINT('',(-30.2167470254,-11.9508774466,
    -15.15635232255));
#5597 = CARTESIAN_POINT('',(-31.09372805033,-11.72969378877,
    -14.32496739447));
#5598 = CARTESIAN_POINT('',(-31.70049343665,-11.57694338791,
    -13.27399889585));
#5599 = CARTESIAN_POINT('',(-32.,-11.5,-12.1328604404));
#5600 = CARTESIAN_POINT('',(-32.,-11.5,-11.));
#5601 = CARTESIAN_POINT('',(-27.12700800584,-13.28236631425,
    -15.50000006089));
#5602 = CARTESIAN_POINT('',(-28.12076686038,-13.02085082621,
    -15.49949290519));
#5603 = CARTESIAN_POINT('',(-29.10780242815,-12.76110462417,
    -15.22697670391));
#5604 = CARTESIAN_POINT('',(-30.01040522431,-12.52357757254,
    -14.68856888458));
#5605 = CARTESIAN_POINT('',(-30.7500854704,-12.3289248762,
    -13.91938655852));
#5606 = CARTESIAN_POINT('',(-31.26154298667,-12.19433079298,
    -12.99054871537));
#5607 = CARTESIAN_POINT('',(-31.51646273136,-12.12724664964,
    -11.98967337171));
#5608 = CARTESIAN_POINT('',(-31.51646273136,-12.12724664964,-11.));
#5609 = ADVANCED_FACE('',(#5610,#5621),#5624,.T.);
#5610 = FACE_BOUND('',#5611,.T.);
#5611 = EDGE_LOOP('',(#5612));
#5612 = ORIENTED_EDGE('',*,*,#5613,.T.);
#5613 = EDGE_CURVE('',#5614,#5614,#5616,.T.);
#5614 = VERTEX_POINT('',#5615);
#5615 = CARTESIAN_POINT('',(-31.1,-8.,7.));
#5616 = CIRCLE('',#5617,6.6);
#5617 = AXIS2_PLACEMENT_3D('',#5618,#5619,#5620);
#5618 = CARTESIAN_POINT('',(-24.5,-8.,7.));
#5619 = DIRECTION('',(0.,-1.,2.2E-16));
#5620 = DIRECTION('',(-1.,0.,0.));
#5621 = FACE_BOUND('',#5622,.T.);
#5622 = EDGE_LOOP('',(#5623));
#5623 = ORIENTED_EDGE('',*,*,#4404,.F.);
#5624 = PLANE('',#5625);
#5625 = AXIS2_PLACEMENT_3D('',#5626,#5627,#5628);
#5626 = CARTESIAN_POINT('',(-24.5,-8.,7.));
#5627 = DIRECTION('',(0.,-1.,2.2E-16));
#5628 = DIRECTION('',(-1.,0.,0.));
#5629 = ADVANCED_FACE('',(#5630),#5642,.T.);
#5630 = FACE_BOUND('',#5631,.F.);
#5631 = EDGE_LOOP('',(#5632,#5639,#5640,#5641));
#5632 = ORIENTED_EDGE('',*,*,#5633,.T.);
#5633 = EDGE_CURVE('',#4880,#4610,#5634,.T.);
#5634 = CIRCLE('',#5635,0.5);
#5635 = AXIS2_PLACEMENT_3D('',#5636,#5637,#5638);
#5636 = CARTESIAN_POINT('',(-13.91729263223,-16.24158397298,11.5));
#5637 = DIRECTION('',(-0.967074537263,0.25449329928,0.));
#5638 = DIRECTION('',(0.,0.,-1.));
#5639 = ORIENTED_EDGE('',*,*,#4621,.T.);
#5640 = ORIENTED_EDGE('',*,*,#4825,.F.);
#5641 = ORIENTED_EDGE('',*,*,#4887,.F.);
#5642 = CYLINDRICAL_SURFACE('',#5643,0.5);
#5643 = AXIS2_PLACEMENT_3D('',#5644,#5645,#5646);
#5644 = CARTESIAN_POINT('',(-13.90538565118,-16.24471738904,11.5));
#5645 = DIRECTION('',(0.967074537263,-0.25449329928,0.));
#5646 = DIRECTION('',(0.,0.,-1.));
#5647 = ADVANCED_FACE('',(#5648),#5671,.F.);
#5648 = FACE_BOUND('',#5649,.F.);
#5649 = EDGE_LOOP('',(#5650,#5659,#5660,#5661));
#5650 = ORIENTED_EDGE('',*,*,#5651,.T.);
#5651 = EDGE_CURVE('',#5652,#4602,#5654,.T.);
#5652 = VERTEX_POINT('',#5653);
#5653 = CARTESIAN_POINT('',(-14.88182098242,-15.97503301702,10.));
#5654 = CIRCLE('',#5655,0.5);
#5655 = AXIS2_PLACEMENT_3D('',#5656,#5657,#5658);
#5656 = CARTESIAN_POINT('',(-15.36834418099,-15.85972830225,10.));
#5657 = DIRECTION('',(0.,-0.,-1.));
#5658 = DIRECTION('',(0.973046397151,-0.230609429536,0.));
#5659 = ORIENTED_EDGE('',*,*,#4609,.T.);
#5660 = ORIENTED_EDGE('',*,*,#5633,.F.);
#5661 = ORIENTED_EDGE('',*,*,#5662,.F.);
#5662 = EDGE_CURVE('',#5652,#4880,#5663,.T.);
#5663 = ( BOUNDED_CURVE() B_SPLINE_CURVE(6,(#5664,#5665,#5666,#5667,
#5668,#5669,#5670),.UNSPECIFIED.,.F.,.F.) B_SPLINE_CURVE_WITH_KNOTS((7,7
),(224.86247332471,226.42119506621),.PIECEWISE_BEZIER_KNOTS.) CURVE() 
GEOMETRIC_REPRESENTATION_ITEM() RATIONAL_B_SPLINE_CURVE((1.,1.,1.,1.,1.,
1.,1.)) REPRESENTATION_ITEM('') );
#5664 = CARTESIAN_POINT('',(-14.88182098242,-15.97503301702,10.));
#5665 = CARTESIAN_POINT('',(-14.88182098242,-15.97503301702,
    10.263024581856));
#5666 = CARTESIAN_POINT('',(-14.8020185219,-15.99708681803,
    10.527251735751));
#5667 = CARTESIAN_POINT('',(-14.63919114579,-16.04208211822,
    10.758997700564));
#5668 = CARTESIAN_POINT('',(-14.41699971533,-16.10348830289,
    10.918985505778));
#5669 = CARTESIAN_POINT('',(-14.16773090015,-16.17237443672,11.));
#5670 = CARTESIAN_POINT('',(-13.91729263223,-16.24158397298,11.));
#5671 = ( BOUNDED_SURFACE() B_SPLINE_SURFACE(2,6,(
    (#5672,#5673,#5674,#5675,#5676,#5677,#5678)
    ,(#5679,#5680,#5681,#5682,#5683,#5684,#5685)
    ,(#5686,#5687,#5688,#5689,#5690,#5691,#5692
)),.UNSPECIFIED.,.F.,.F.,.F.) B_SPLINE_SURFACE_WITH_KNOTS((3,3),(7,7),(
    0.,1.558721741495),(224.86247332471,226.42119506621),
.PIECEWISE_BEZIER_KNOTS.) GEOMETRIC_REPRESENTATION_ITEM() 
RATIONAL_B_SPLINE_SURFACE((
    (1.,1.,1.,1.,1.,1.,1.)
    ,(0.698349024269,0.698349024269,0.699078111154,0.700564593914
      ,0.702589205536,0.704846925061,0.707106781187)
,(1.,1.,1.,1.,1.,1.,1.))) REPRESENTATION_ITEM('') SURFACE() );
#5672 = CARTESIAN_POINT('',(-14.88182098242,-15.97503301702,10.));
#5673 = CARTESIAN_POINT('',(-14.88182098242,-15.97503301702,
    10.263024581856));
#5674 = CARTESIAN_POINT('',(-14.8020185219,-15.99708681803,
    10.527251735751));
#5675 = CARTESIAN_POINT('',(-14.63919114579,-16.04208211822,
    10.758997700564));
#5676 = CARTESIAN_POINT('',(-14.41699971533,-16.10348830289,
    10.918985505778));
#5677 = CARTESIAN_POINT('',(-14.16773090015,-16.17237443672,11.));
#5678 = CARTESIAN_POINT('',(-13.91729263223,-16.24158397298,11.));
#5679 = CARTESIAN_POINT('',(-15.,-16.47368421052,10.));
#5680 = CARTESIAN_POINT('',(-15.,-16.47368421052,10.259746761374));
#5681 = CARTESIAN_POINT('',(-14.92200174558,-16.49421006695,
    10.52018009971));
#5682 = CARTESIAN_POINT('',(-14.76356635633,-16.53590359043,
    10.749718915754));
#5683 = CARTESIAN_POINT('',(-14.54519673181,-16.5933692811,
    10.912038128531));
#5684 = CARTESIAN_POINT('',(-14.29659566607,-16.65879061419,
    10.996793834273));
#5685 = CARTESIAN_POINT('',(-14.04453928187,-16.72512124161,11.));
#5686 = CARTESIAN_POINT('',(-15.49559083063,-16.34326557088,10.));
#5687 = CARTESIAN_POINT('',(-15.49559083063,-16.34326557088,
    10.392897962543));
#5688 = CARTESIAN_POINT('',(-15.37624802259,-16.374671573,
    10.785762851467));
#5689 = CARTESIAN_POINT('',(-15.13671380625,-16.43770689309,
    11.130229614396));
#5690 = CARTESIAN_POINT('',(-14.80437531251,-16.52516439144,
    11.37605139729));
#5691 = CARTESIAN_POINT('',(-14.42521166956,-16.62494429748,
    11.499966433443));
#5692 = CARTESIAN_POINT('',(-14.04466061972,-16.72508931059,
    11.499999984258));
#5693 = ADVANCED_FACE('',(#5694),#5712,.T.);
#5694 = FACE_BOUND('',#5695,.F.);
#5695 = EDGE_LOOP('',(#5696,#5704,#5705,#5706));
#5696 = ORIENTED_EDGE('',*,*,#5697,.T.);
#5697 = EDGE_CURVE('',#5698,#4590,#5700,.T.);
#5698 = VERTEX_POINT('',#5699);
#5699 = CARTESIAN_POINT('',(-14.88182098242,-15.97503301702,-10.));
#5700 = ( BOUNDED_CURVE() B_SPLINE_CURVE(2,(#5701,#5702,#5703),
.UNSPECIFIED.,.F.,.F.) B_SPLINE_CURVE_WITH_KNOTS((3,3),(0.,
1.558721741495),.PIECEWISE_BEZIER_KNOTS.) CURVE() 
GEOMETRIC_REPRESENTATION_ITEM() RATIONAL_B_SPLINE_CURVE((1.,
0.698349024269,1.)) REPRESENTATION_ITEM('') );
#5701 = CARTESIAN_POINT('',(-14.88182098242,-15.97503301702,-10.));
#5702 = CARTESIAN_POINT('',(-15.,-16.47368421052,-10.));
#5703 = CARTESIAN_POINT('',(-15.49559083063,-16.34326557088,-10.));
#5704 = ORIENTED_EDGE('',*,*,#4601,.T.);
#5705 = ORIENTED_EDGE('',*,*,#5651,.F.);
#5706 = ORIENTED_EDGE('',*,*,#5707,.F.);
#5707 = EDGE_CURVE('',#5698,#5652,#5708,.T.);
#5708 = LINE('',#5709,#5710);
#5709 = CARTESIAN_POINT('',(-14.88182098242,-15.97503301702,-10.));
#5710 = VECTOR('',#5711,1.);
#5711 = DIRECTION('',(0.,0.,1.));
#5712 = CYLINDRICAL_SURFACE('',#5713,0.5);
#5713 = AXIS2_PLACEMENT_3D('',#5714,#5715,#5716);
#5714 = CARTESIAN_POINT('',(-15.36834418099,-15.85972830225,-10.));
#5715 = DIRECTION('',(0.,0.,1.));
#5716 = DIRECTION('',(0.973046397151,-0.230609429536,0.));
#5717 = ADVANCED_FACE('',(#5718),#5739,.F.);
#5718 = FACE_BOUND('',#5719,.F.);
#5719 = EDGE_LOOP('',(#5720,#5727,#5728,#5729));
#5720 = ORIENTED_EDGE('',*,*,#5721,.T.);
#5721 = EDGE_CURVE('',#4693,#4582,#5722,.T.);
#5722 = CIRCLE('',#5723,0.5);
#5723 = AXIS2_PLACEMENT_3D('',#5724,#5725,#5726);
#5724 = CARTESIAN_POINT('',(-13.91729263223,-16.24158397298,-11.5));
#5725 = DIRECTION('',(0.967074537263,-0.25449329928,6.E-17));
#5726 = DIRECTION('',(-3.879394515552E-18,2.210208932936E-16,1.));
#5727 = ORIENTED_EDGE('',*,*,#4589,.T.);
#5728 = ORIENTED_EDGE('',*,*,#5697,.F.);
#5729 = ORIENTED_EDGE('',*,*,#5730,.F.);
#5730 = EDGE_CURVE('',#4693,#5698,#5731,.T.);
#5731 = ( BOUNDED_CURVE() B_SPLINE_CURVE(6,(#5732,#5733,#5734,#5735,
#5736,#5737,#5738),.UNSPECIFIED.,.F.,.F.) B_SPLINE_CURVE_WITH_KNOTS((7,7
),(203.30375158322,204.86247332471),.PIECEWISE_BEZIER_KNOTS.) CURVE() 
GEOMETRIC_REPRESENTATION_ITEM() RATIONAL_B_SPLINE_CURVE((1.,1.,1.,1.,1.,
1.,1.)) REPRESENTATION_ITEM('') );
#5732 = CARTESIAN_POINT('',(-13.91729263223,-16.24158397298,-11.));
#5733 = CARTESIAN_POINT('',(-14.16773090015,-16.17237443672,-11.));
#5734 = CARTESIAN_POINT('',(-14.41699971533,-16.10348830289,
    -10.91898550577));
#5735 = CARTESIAN_POINT('',(-14.63919114579,-16.04208211822,
    -10.75899770056));
#5736 = CARTESIAN_POINT('',(-14.8020185219,-15.99708681803,
    -10.52725173575));
#5737 = CARTESIAN_POINT('',(-14.88182098242,-15.97503301702,
    -10.26302458185));
#5738 = CARTESIAN_POINT('',(-14.88182098242,-15.97503301702,-10.));
#5739 = ( BOUNDED_SURFACE() B_SPLINE_SURFACE(2,6,(
    (#5740,#5741,#5742,#5743,#5744,#5745,#5746)
    ,(#5747,#5748,#5749,#5750,#5751,#5752,#5753)
    ,(#5754,#5755,#5756,#5757,#5758,#5759,#5760
)),.UNSPECIFIED.,.F.,.F.,.F.) B_SPLINE_SURFACE_WITH_KNOTS((3,3),(7,7),(
    0.,1.558721741495),(203.30375158322,204.86247332471),
.PIECEWISE_BEZIER_KNOTS.) GEOMETRIC_REPRESENTATION_ITEM() 
RATIONAL_B_SPLINE_SURFACE((
    (1.,1.,1.,1.,1.,1.,1.)
    ,(0.707106781187,0.704846925061,0.702589205536,0.700564593914
      ,0.699078111154,0.698349024269,0.698349024269)
,(1.,1.,1.,1.,1.,1.,1.))) REPRESENTATION_ITEM('') SURFACE() );
#5740 = CARTESIAN_POINT('',(-13.91729263223,-16.24158397298,-11.));
#5741 = CARTESIAN_POINT('',(-14.16773090015,-16.17237443672,-11.));
#5742 = CARTESIAN_POINT('',(-14.41699971533,-16.10348830289,
    -10.91898550577));
#5743 = CARTESIAN_POINT('',(-14.63919114579,-16.04208211822,
    -10.75899770056));
#5744 = CARTESIAN_POINT('',(-14.8020185219,-15.99708681803,
    -10.52725173575));
#5745 = CARTESIAN_POINT('',(-14.88182098242,-15.97503301702,
    -10.26302458185));
#5746 = CARTESIAN_POINT('',(-14.88182098242,-15.97503301702,-10.));
#5747 = CARTESIAN_POINT('',(-14.04453928187,-16.72512124161,-11.));
#5748 = CARTESIAN_POINT('',(-14.29659566607,-16.65879061419,
    -10.99679383427));
#5749 = CARTESIAN_POINT('',(-14.54519673181,-16.5933692811,
    -10.91203812853));
#5750 = CARTESIAN_POINT('',(-14.76356635633,-16.53590359043,
    -10.74971891575));
#5751 = CARTESIAN_POINT('',(-14.92200174558,-16.49421006695,
    -10.52018009971));
#5752 = CARTESIAN_POINT('',(-15.,-16.47368421052,-10.25974676137));
#5753 = CARTESIAN_POINT('',(-15.,-16.47368421052,-10.));
#5754 = CARTESIAN_POINT('',(-14.04466061972,-16.72508931059,
    -11.49999998425));
#5755 = CARTESIAN_POINT('',(-14.42521166956,-16.62494429748,
    -11.49996643344));
#5756 = CARTESIAN_POINT('',(-14.80437531251,-16.52516439144,
    -11.37605139729));
#5757 = CARTESIAN_POINT('',(-15.13671380625,-16.43770689309,
    -11.13022961439));
#5758 = CARTESIAN_POINT('',(-15.37624802259,-16.374671573,
    -10.78576285146));
#5759 = CARTESIAN_POINT('',(-15.49559083063,-16.34326557088,
    -10.39289796254));
#5760 = CARTESIAN_POINT('',(-15.49559083063,-16.34326557088,-10.));
#5761 = ADVANCED_FACE('',(#5762),#5768,.T.);
#5762 = FACE_BOUND('',#5763,.F.);
#5763 = EDGE_LOOP('',(#5764,#5765,#5766,#5767));
#5764 = ORIENTED_EDGE('',*,*,#4676,.T.);
#5765 = ORIENTED_EDGE('',*,*,#4581,.T.);
#5766 = ORIENTED_EDGE('',*,*,#5721,.F.);
#5767 = ORIENTED_EDGE('',*,*,#4737,.F.);
#5768 = CYLINDRICAL_SURFACE('',#5769,0.5);
#5769 = AXIS2_PLACEMENT_3D('',#5770,#5771,#5772);
#5770 = CARTESIAN_POINT('',(-0.128591270457,-19.8701895945,-11.5));
#5771 = DIRECTION('',(-0.967074537263,0.25449329928,-6.E-17));
#5772 = DIRECTION('',(-3.879394515552E-18,2.210208932936E-16,1.));
#5773 = ADVANCED_FACE('',(#5774),#5785,.F.);
#5774 = FACE_BOUND('',#5775,.T.);
#5775 = EDGE_LOOP('',(#5776,#5777,#5783,#5784));
#5776 = ORIENTED_EDGE('',*,*,#4632,.T.);
#5777 = ORIENTED_EDGE('',*,*,#5778,.T.);
#5778 = EDGE_CURVE('',#4633,#5614,#5779,.T.);
#5779 = LINE('',#5780,#5781);
#5780 = CARTESIAN_POINT('',(-31.1,-16.,7.));
#5781 = VECTOR('',#5782,1.);
#5782 = DIRECTION('',(0.,1.,-2.2E-16));
#5783 = ORIENTED_EDGE('',*,*,#5613,.F.);
#5784 = ORIENTED_EDGE('',*,*,#5778,.F.);
#5785 = CYLINDRICAL_SURFACE('',#5786,6.6);
#5786 = AXIS2_PLACEMENT_3D('',#5787,#5788,#5789);
#5787 = CARTESIAN_POINT('',(-24.5,-16.,7.));
#5788 = DIRECTION('',(0.,1.,-2.2E-16));
#5789 = DIRECTION('',(-1.,0.,0.));
#5790 = ADVANCED_FACE('',(#5791),#5810,.F.);
#5791 = FACE_BOUND('',#5792,.T.);
#5792 = EDGE_LOOP('',(#5793,#5801,#5802,#5803));
#5793 = ORIENTED_EDGE('',*,*,#5794,.F.);
#5794 = EDGE_CURVE('',#5698,#5795,#5797,.T.);
#5795 = VERTEX_POINT('',#5796);
#5796 = CARTESIAN_POINT('',(-13.92479919905,-11.93692147848,-10.));
#5797 = LINE('',#5798,#5799);
#5798 = CARTESIAN_POINT('',(-15.,-16.47368421052,-10.));
#5799 = VECTOR('',#5800,1.);
#5800 = DIRECTION('',(0.230609429536,0.973046397151,-2.2E-16));
#5801 = ORIENTED_EDGE('',*,*,#5730,.F.);
#5802 = ORIENTED_EDGE('',*,*,#4692,.T.);
#5803 = ORIENTED_EDGE('',*,*,#5804,.F.);
#5804 = EDGE_CURVE('',#5795,#4695,#5805,.T.);
#5805 = CIRCLE('',#5806,1.);
#5806 = AXIS2_PLACEMENT_3D('',#5807,#5808,#5809);
#5807 = CARTESIAN_POINT('',(-12.9517528019,-12.16753090801,-10.));
#5808 = DIRECTION('',(-0.230609429536,-0.973046397151,2.2E-16));
#5809 = DIRECTION('',(-0.973046397151,0.230609429536,0.));
#5810 = CYLINDRICAL_SURFACE('',#5811,1.);
#5811 = AXIS2_PLACEMENT_3D('',#5812,#5813,#5814);
#5812 = CARTESIAN_POINT('',(-14.02695360284,-16.70429364006,-10.));
#5813 = DIRECTION('',(0.230609429536,0.973046397151,-2.2E-16));
#5814 = DIRECTION('',(-0.973046397151,0.230609429536,0.));
#5815 = ADVANCED_FACE('',(#5816),#5836,.F.);
#5816 = FACE_BOUND('',#5817,.F.);
#5817 = EDGE_LOOP('',(#5818,#5819,#5828,#5835));
#5818 = ORIENTED_EDGE('',*,*,#5804,.F.);
#5819 = ORIENTED_EDGE('',*,*,#5820,.T.);
#5820 = EDGE_CURVE('',#5795,#5821,#5823,.T.);
#5821 = VERTEX_POINT('',#5822);
#5822 = CARTESIAN_POINT('',(-11.39678135161,-11.23002114083,-10.));
#5823 = CIRCLE('',#5824,1.5);
#5824 = AXIS2_PLACEMENT_3D('',#5825,#5826,#5827);
#5825 = CARTESIAN_POINT('',(-12.46522960332,-12.28283562278,-10.));
#5826 = DIRECTION('',(0.,-2.2E-16,-1.));
#5827 = DIRECTION('',(-0.973046397151,0.230609429536,-5.07340744979E-17)
  );
#5828 = ORIENTED_EDGE('',*,*,#5829,.T.);
#5829 = EDGE_CURVE('',#5821,#4703,#5830,.T.);
#5830 = CIRCLE('',#5831,1.);
#5831 = AXIS2_PLACEMENT_3D('',#5832,#5833,#5834);
#5832 = CARTESIAN_POINT('',(-12.10908018608,-11.93189746213,-10.));
#5833 = DIRECTION('',(-0.701876321302,0.712298834476,-1.6E-16));
#5834 = DIRECTION('',(0.712298834476,0.701876321302,-1.6E-16));
#5835 = ORIENTED_EDGE('',*,*,#4702,.F.);
#5836 = SURFACE_OF_REVOLUTION('',#5837,#5848);
#5837 = B_SPLINE_CURVE_WITH_KNOTS('',5,(#5838,#5839,#5840,#5841,#5842,
    #5843,#5844,#5845,#5846,#5847),.UNSPECIFIED.,.F.,.F.,(6,4,6),(0.,
    0.785398163397,1.570796326795),.UNSPECIFIED.);
#5838 = CARTESIAN_POINT('',(-13.92479919905,-11.93692147848,-10.));
#5839 = CARTESIAN_POINT('',(-13.92479919905,-11.93692147848,
    -10.15707963267));
#5840 = CARTESIAN_POINT('',(-13.89479473643,-11.94403245698,
    -10.31416175398));
#5841 = CARTESIAN_POINT('',(-13.83474242283,-11.9582646969,
    -10.46315681768));
#5842 = CARTESIAN_POINT('',(-13.74787878863,-11.97885114909,
    -10.59603470773));
#5843 = CARTESIAN_POINT('',(-13.53172222683,-12.03007968408,
    -10.81817885464));
#5844 = CARTESIAN_POINT('',(-13.40242587466,-12.0607225785,
    -10.90744863094));
#5845 = CARTESIAN_POINT('',(-13.25744676473,-12.09508224515,
    -10.96916440705));
#5846 = CARTESIAN_POINT('',(-13.10459857254,-12.13130686353,-11.));
#5847 = CARTESIAN_POINT('',(-12.9517528019,-12.16753090801,-11.));
#5848 = AXIS1_PLACEMENT('',#5849,#5850);
#5849 = CARTESIAN_POINT('',(-12.46522960332,-12.28283562278,-10.));
#5850 = DIRECTION('',(-0.,-2.2E-16,-1.));
#5851 = ADVANCED_FACE('',(#5852),#5872,.F.);
#5852 = FACE_BOUND('',#5853,.F.);
#5853 = EDGE_LOOP('',(#5854,#5855,#5864,#5871));
#5854 = ORIENTED_EDGE('',*,*,#5829,.F.);
#5855 = ORIENTED_EDGE('',*,*,#5856,.T.);
#5856 = EDGE_CURVE('',#5821,#5857,#5859,.T.);
#5857 = VERTEX_POINT('',#5858);
#5858 = CARTESIAN_POINT('',(5.005006697122,-15.19703615715,-10.));
#5859 = CIRCLE('',#5860,16.);
#5860 = AXIS2_PLACEMENT_3D('',#5861,#5862,#5863);
#5861 = CARTESIAN_POINT('',(0.,-1.11E-15,-10.));
#5862 = DIRECTION('',(0.,2.2E-16,1.));
#5863 = DIRECTION('',(-0.712298834476,-0.701876321302,1.544127906865E-16
    ));
#5864 = ORIENTED_EDGE('',*,*,#5865,.T.);
#5865 = EDGE_CURVE('',#5857,#4712,#5866,.T.);
#5866 = CIRCLE('',#5867,1.);
#5867 = AXIS2_PLACEMENT_3D('',#5868,#5869,#5870);
#5868 = CARTESIAN_POINT('',(5.317819615693,-16.14685091697,-10.));
#5869 = DIRECTION('',(-0.949814759822,-0.31281291857,7.E-17));
#5870 = DIRECTION('',(0.31281291857,-0.949814759822,2.1E-16));
#5871 = ORIENTED_EDGE('',*,*,#4711,.F.);
#5872 = TOROIDAL_SURFACE('',#5873,17.,1.);
#5873 = AXIS2_PLACEMENT_3D('',#5874,#5875,#5876);
#5874 = CARTESIAN_POINT('',(0.,-1.11E-15,-10.));
#5875 = DIRECTION('',(0.,2.2E-16,1.));
#5876 = DIRECTION('',(-0.712298834476,-0.701876321302,1.544127906865E-16
    ));
#5877 = ADVANCED_FACE('',(#5878),#5890,.F.);
#5878 = FACE_BOUND('',#5879,.F.);
#5879 = EDGE_LOOP('',(#5880,#5881,#5888,#5889));
#5880 = ORIENTED_EDGE('',*,*,#5865,.F.);
#5881 = ORIENTED_EDGE('',*,*,#5882,.T.);
#5882 = EDGE_CURVE('',#5857,#4752,#5883,.T.);
#5883 = CIRCLE('',#5884,1.5);
#5884 = AXIS2_PLACEMENT_3D('',#5885,#5886,#5887);
#5885 = CARTESIAN_POINT('',(5.474226074978,-16.62175829688,-10.));
#5886 = DIRECTION('',(0.,-2.2E-16,-1.));
#5887 = DIRECTION('',(-0.31281291857,0.949814759822,-2.089592471608E-16)
  );
#5888 = ORIENTED_EDGE('',*,*,#4759,.T.);
#5889 = ORIENTED_EDGE('',*,*,#4720,.F.);
#5890 = SURFACE_OF_REVOLUTION('',#5891,#5902);
#5891 = B_SPLINE_CURVE_WITH_KNOTS('',5,(#5892,#5893,#5894,#5895,#5896,
    #5897,#5898,#5899,#5900,#5901),.UNSPECIFIED.,.F.,.F.,(6,4,6),(0.,
    0.785398163397,1.570796326795),.UNSPECIFIED.);
#5892 = CARTESIAN_POINT('',(5.005006697122,-15.19703615715,-10.));
#5893 = CARTESIAN_POINT('',(5.005006697122,-15.19703615715,
    -10.15707963267));
#5894 = CARTESIAN_POINT('',(5.014652468948,-15.22632425845,
    -10.31416175398));
#5895 = CARTESIAN_POINT('',(5.033957960995,-15.28494281352,
    -10.46315681768));
#5896 = CARTESIAN_POINT('',(5.06188270026,-15.36973256466,
    -10.59603470773));
#5897 = CARTESIAN_POINT('',(5.131372259198,-15.5807283542,
    -10.81817885464));
#5898 = CARTESIAN_POINT('',(5.172938179798,-15.70693773542,
    -10.90744863094));
#5899 = CARTESIAN_POINT('',(5.219545760526,-15.84845544607,
    -10.96916440705));
#5900 = CARTESIAN_POINT('',(5.268683077346,-15.99765436338,-11.));
#5901 = CARTESIAN_POINT('',(5.317819615693,-16.14685091697,-11.));
#5902 = AXIS1_PLACEMENT('',#5903,#5904);
#5903 = CARTESIAN_POINT('',(5.474226074978,-16.62175829688,-10.));
#5904 = DIRECTION('',(-0.,-2.2E-16,-1.));
#5905 = ADVANCED_FACE('',(#5906),#5925,.F.);
#5906 = FACE_BOUND('',#5907,.T.);
#5907 = EDGE_LOOP('',(#5908,#5909,#5918,#5924));
#5908 = ORIENTED_EDGE('',*,*,#4784,.F.);
#5909 = ORIENTED_EDGE('',*,*,#5910,.F.);
#5910 = EDGE_CURVE('',#5911,#4777,#5913,.T.);
#5911 = VERTEX_POINT('',#5912);
#5912 = CARTESIAN_POINT('',(5.005006697122,-15.19703615715,10.));
#5913 = CIRCLE('',#5914,1.5);
#5914 = AXIS2_PLACEMENT_3D('',#5915,#5916,#5917);
#5915 = CARTESIAN_POINT('',(5.474226074978,-16.62175829688,10.));
#5916 = DIRECTION('',(0.,0.,-1.));
#5917 = DIRECTION('',(-0.31281291857,0.949814759822,0.));
#5918 = ORIENTED_EDGE('',*,*,#5919,.T.);
#5919 = EDGE_CURVE('',#5911,#5857,#5920,.T.);
#5920 = LINE('',#5921,#5922);
#5921 = CARTESIAN_POINT('',(5.005006697122,-15.19703615715,11.));
#5922 = VECTOR('',#5923,1.);
#5923 = DIRECTION('',(-0.,-0.,-1.));
#5924 = ORIENTED_EDGE('',*,*,#5882,.T.);
#5925 = CYLINDRICAL_SURFACE('',#5926,1.5);
#5926 = AXIS2_PLACEMENT_3D('',#5927,#5928,#5929);
#5927 = CARTESIAN_POINT('',(5.474226074978,-16.62175829688,11.));
#5928 = DIRECTION('',(-0.,-0.,-1.));
#5929 = DIRECTION('',(0.436402340792,0.899751630702,0.));
#5930 = ADVANCED_FACE('',(#5931),#5943,.F.);
#5931 = FACE_BOUND('',#5932,.F.);
#5932 = EDGE_LOOP('',(#5933,#5940,#5941,#5942));
#5933 = ORIENTED_EDGE('',*,*,#5934,.F.);
#5934 = EDGE_CURVE('',#4853,#5911,#5935,.T.);
#5935 = CIRCLE('',#5936,1.);
#5936 = AXIS2_PLACEMENT_3D('',#5937,#5938,#5939);
#5937 = CARTESIAN_POINT('',(5.317819615693,-16.14685091697,10.));
#5938 = DIRECTION('',(-0.949814759822,-0.31281291857,0.));
#5939 = DIRECTION('',(0.31281291857,-0.949814759822,0.));
#5940 = ORIENTED_EDGE('',*,*,#4852,.T.);
#5941 = ORIENTED_EDGE('',*,*,#4808,.T.);
#5942 = ORIENTED_EDGE('',*,*,#5910,.F.);
#5943 = SURFACE_OF_REVOLUTION('',#5944,#5955);
#5944 = B_SPLINE_CURVE_WITH_KNOTS('',5,(#5945,#5946,#5947,#5948,#5949,
    #5950,#5951,#5952,#5953,#5954),.UNSPECIFIED.,.F.,.F.,(6,4,6),(
    4.712388980385,5.497787143782,6.28318530718),.UNSPECIFIED.);
#5945 = CARTESIAN_POINT('',(5.317819615693,-16.14685091697,11.));
#5946 = CARTESIAN_POINT('',(5.268683077346,-15.99765436338,11.));
#5947 = CARTESIAN_POINT('',(5.219545760526,-15.84845544607,
    10.969164407054));
#5948 = CARTESIAN_POINT('',(5.172938179798,-15.70693773542,
    10.907448630943));
#5949 = CARTESIAN_POINT('',(5.131372259198,-15.5807283542,
    10.818178854641));
#5950 = CARTESIAN_POINT('',(5.06188270026,-15.36973256466,
    10.596034707733));
#5951 = CARTESIAN_POINT('',(5.033957960995,-15.28494281352,
    10.463156817683));
#5952 = CARTESIAN_POINT('',(5.014652468948,-15.22632425845,
    10.314161753982));
#5953 = CARTESIAN_POINT('',(5.005006697122,-15.19703615715,
    10.15707963268));
#5954 = CARTESIAN_POINT('',(5.005006697122,-15.19703615715,10.));
#5955 = AXIS1_PLACEMENT('',#5956,#5957);
#5956 = CARTESIAN_POINT('',(5.474226074978,-16.62175829688,10.));
#5957 = DIRECTION('',(-0.,-0.,-1.));
#5958 = ADVANCED_FACE('',(#5959),#5979,.F.);
#5959 = FACE_BOUND('',#5960,.F.);
#5960 = EDGE_LOOP('',(#5961,#5970,#5971,#5972));
#5961 = ORIENTED_EDGE('',*,*,#5962,.F.);
#5962 = EDGE_CURVE('',#4862,#5963,#5965,.T.);
#5963 = VERTEX_POINT('',#5964);
#5964 = CARTESIAN_POINT('',(-11.39678135161,-11.23002114083,10.));
#5965 = CIRCLE('',#5966,1.);
#5966 = AXIS2_PLACEMENT_3D('',#5967,#5968,#5969);
#5967 = CARTESIAN_POINT('',(-12.10908018608,-11.93189746213,10.));
#5968 = DIRECTION('',(-0.701876321302,0.712298834476,0.));
#5969 = DIRECTION('',(0.712298834476,0.701876321302,0.));
#5970 = ORIENTED_EDGE('',*,*,#4861,.T.);
#5971 = ORIENTED_EDGE('',*,*,#5934,.T.);
#5972 = ORIENTED_EDGE('',*,*,#5973,.F.);
#5973 = EDGE_CURVE('',#5963,#5911,#5974,.T.);
#5974 = CIRCLE('',#5975,16.);
#5975 = AXIS2_PLACEMENT_3D('',#5976,#5977,#5978);
#5976 = CARTESIAN_POINT('',(0.,3.55E-15,10.));
#5977 = DIRECTION('',(0.,0.,1.));
#5978 = DIRECTION('',(-0.712298834476,-0.701876321302,0.));
#5979 = TOROIDAL_SURFACE('',#5980,17.,1.);
#5980 = AXIS2_PLACEMENT_3D('',#5981,#5982,#5983);
#5981 = CARTESIAN_POINT('',(0.,3.55E-15,10.));
#5982 = DIRECTION('',(0.,0.,1.));
#5983 = DIRECTION('',(-0.712298834476,-0.701876321302,0.));
#5984 = ADVANCED_FACE('',(#5985),#6005,.F.);
#5985 = FACE_BOUND('',#5986,.F.);
#5986 = EDGE_LOOP('',(#5987,#5996,#5997,#5998));
#5987 = ORIENTED_EDGE('',*,*,#5988,.F.);
#5988 = EDGE_CURVE('',#4871,#5989,#5991,.T.);
#5989 = VERTEX_POINT('',#5990);
#5990 = CARTESIAN_POINT('',(-13.92479919905,-11.93692147848,10.));
#5991 = CIRCLE('',#5992,1.);
#5992 = AXIS2_PLACEMENT_3D('',#5993,#5994,#5995);
#5993 = CARTESIAN_POINT('',(-12.9517528019,-12.16753090801,10.));
#5994 = DIRECTION('',(-0.230609429536,-0.973046397151,0.));
#5995 = DIRECTION('',(0.,0.,1.));
#5996 = ORIENTED_EDGE('',*,*,#4870,.T.);
#5997 = ORIENTED_EDGE('',*,*,#5962,.T.);
#5998 = ORIENTED_EDGE('',*,*,#5999,.F.);
#5999 = EDGE_CURVE('',#5989,#5963,#6000,.T.);
#6000 = CIRCLE('',#6001,1.5);
#6001 = AXIS2_PLACEMENT_3D('',#6002,#6003,#6004);
#6002 = CARTESIAN_POINT('',(-12.46522960332,-12.28283562278,10.));
#6003 = DIRECTION('',(0.,0.,-1.));
#6004 = DIRECTION('',(-0.973046397151,0.230609429536,0.));
#6005 = SURFACE_OF_REVOLUTION('',#6006,#6017);
#6006 = B_SPLINE_CURVE_WITH_KNOTS('',5,(#6007,#6008,#6009,#6010,#6011,
    #6012,#6013,#6014,#6015,#6016),.UNSPECIFIED.,.F.,.F.,(6,4,6),(
    4.712388980385,5.497787143782,6.28318530718),.UNSPECIFIED.);
#6007 = CARTESIAN_POINT('',(-12.9517528019,-12.16753090801,11.));
#6008 = CARTESIAN_POINT('',(-13.10459857254,-12.13130686353,11.));
#6009 = CARTESIAN_POINT('',(-13.25744676473,-12.09508224515,
    10.969164407054));
#6010 = CARTESIAN_POINT('',(-13.40242587466,-12.0607225785,
    10.907448630943));
#6011 = CARTESIAN_POINT('',(-13.53172222683,-12.03007968408,
    10.818178854641));
#6012 = CARTESIAN_POINT('',(-13.74787878863,-11.97885114909,
    10.596034707733));
#6013 = CARTESIAN_POINT('',(-13.83474242284,-11.9582646969,
    10.463156817683));
#6014 = CARTESIAN_POINT('',(-13.89479473643,-11.94403245698,
    10.314161753982));
#6015 = CARTESIAN_POINT('',(-13.92479919905,-11.93692147848,
    10.15707963268));
#6016 = CARTESIAN_POINT('',(-13.92479919905,-11.93692147848,10.));
#6017 = AXIS1_PLACEMENT('',#6018,#6019);
#6018 = CARTESIAN_POINT('',(-12.46522960332,-12.28283562278,10.));
#6019 = DIRECTION('',(-0.,-0.,-1.));
#6020 = ADVANCED_FACE('',(#6021),#6032,.F.);
#6021 = FACE_BOUND('',#6022,.T.);
#6022 = EDGE_LOOP('',(#6023,#6024,#6025,#6031));
#6023 = ORIENTED_EDGE('',*,*,#4879,.F.);
#6024 = ORIENTED_EDGE('',*,*,#5662,.F.);
#6025 = ORIENTED_EDGE('',*,*,#6026,.T.);
#6026 = EDGE_CURVE('',#5652,#5989,#6027,.T.);
#6027 = LINE('',#6028,#6029);
#6028 = CARTESIAN_POINT('',(-15.,-16.47368421052,10.));
#6029 = VECTOR('',#6030,1.);
#6030 = DIRECTION('',(0.230609429536,0.973046397151,0.));
#6031 = ORIENTED_EDGE('',*,*,#5988,.F.);
#6032 = CYLINDRICAL_SURFACE('',#6033,1.);
#6033 = AXIS2_PLACEMENT_3D('',#6034,#6035,#6036);
#6034 = CARTESIAN_POINT('',(-14.02695360284,-16.70429364006,10.));
#6035 = DIRECTION('',(0.230609429536,0.973046397151,0.));
#6036 = DIRECTION('',(0.,0.,1.));
#6037 = ADVANCED_FACE('',(#6038),#6049,.T.);
#6038 = FACE_BOUND('',#6039,.F.);
#6039 = EDGE_LOOP('',(#6040,#6041,#6042,#6043));
#6040 = ORIENTED_EDGE('',*,*,#5462,.F.);
#6041 = ORIENTED_EDGE('',*,*,#5034,.F.);
#6042 = ORIENTED_EDGE('',*,*,#5230,.T.);
#6043 = ORIENTED_EDGE('',*,*,#6044,.F.);
#6044 = EDGE_CURVE('',#5425,#5231,#6045,.T.);
#6045 = LINE('',#6046,#6047);
#6046 = CARTESIAN_POINT('',(-13.92479919905,11.936921478482,11.));
#6047 = VECTOR('',#6048,1.);
#6048 = DIRECTION('',(0.,4.4E-16,-1.));
#6049 = PLANE('',#6050);
#6050 = AXIS2_PLACEMENT_3D('',#6051,#6052,#6053);
#6051 = CARTESIAN_POINT('',(-15.,16.473684210526,11.));
#6052 = DIRECTION('',(0.973046397151,0.230609429536,1.E-16));
#6053 = DIRECTION('',(-0.230609429536,0.973046397151,4.3E-16));
#6054 = ADVANCED_FACE('',(#6055),#6066,.F.);
#6055 = FACE_BOUND('',#6056,.T.);
#6056 = EDGE_LOOP('',(#6057,#6058,#6059,#6065));
#6057 = ORIENTED_EDGE('',*,*,#6044,.F.);
#6058 = ORIENTED_EDGE('',*,*,#5435,.T.);
#6059 = ORIENTED_EDGE('',*,*,#6060,.T.);
#6060 = EDGE_CURVE('',#5399,#5257,#6061,.T.);
#6061 = LINE('',#6062,#6063);
#6062 = CARTESIAN_POINT('',(-11.39678135161,11.230021140833,11.));
#6063 = VECTOR('',#6064,1.);
#6064 = DIRECTION('',(0.,4.4E-16,-1.));
#6065 = ORIENTED_EDGE('',*,*,#5256,.F.);
#6066 = CYLINDRICAL_SURFACE('',#6067,1.5);
#6067 = AXIS2_PLACEMENT_3D('',#6068,#6069,#6070);
#6068 = CARTESIAN_POINT('',(-12.46522960332,12.282835622786,11.));
#6069 = DIRECTION('',(0.,4.4E-16,-1.));
#6070 = DIRECTION('',(-0.973046397151,-0.230609429536,
    -1.014681489958E-16));
#6071 = ADVANCED_FACE('',(#6072),#6078,.T.);
#6072 = FACE_BOUND('',#6073,.F.);
#6073 = EDGE_LOOP('',(#6074,#6075,#6076,#6077));
#6074 = ORIENTED_EDGE('',*,*,#6060,.T.);
#6075 = ORIENTED_EDGE('',*,*,#5292,.T.);
#6076 = ORIENTED_EDGE('',*,*,#5355,.F.);
#6077 = ORIENTED_EDGE('',*,*,#5409,.F.);
#6078 = CYLINDRICAL_SURFACE('',#6079,16.);
#6079 = AXIS2_PLACEMENT_3D('',#6080,#6081,#6082);
#6080 = CARTESIAN_POINT('',(0.,-8.44E-15,11.));
#6081 = DIRECTION('',(0.,-4.4E-16,1.));
#6082 = DIRECTION('',(1.,0.,0.));
#6083 = ADVANCED_FACE('',(#6084),#6095,.T.);
#6084 = FACE_BOUND('',#6085,.T.);
#6085 = EDGE_LOOP('',(#6086,#6087,#6088,#6089));
#6086 = ORIENTED_EDGE('',*,*,#6026,.F.);
#6087 = ORIENTED_EDGE('',*,*,#5707,.F.);
#6088 = ORIENTED_EDGE('',*,*,#5794,.T.);
#6089 = ORIENTED_EDGE('',*,*,#6090,.F.);
#6090 = EDGE_CURVE('',#5989,#5795,#6091,.T.);
#6091 = LINE('',#6092,#6093);
#6092 = CARTESIAN_POINT('',(-13.92479919905,-11.93692147848,11.));
#6093 = VECTOR('',#6094,1.);
#6094 = DIRECTION('',(-0.,-0.,-1.));
#6095 = PLANE('',#6096);
#6096 = AXIS2_PLACEMENT_3D('',#6097,#6098,#6099);
#6097 = CARTESIAN_POINT('',(-15.,-16.47368421052,11.));
#6098 = DIRECTION('',(0.973046397151,-0.230609429536,0.));
#6099 = DIRECTION('',(0.230609429536,0.973046397151,0.));
#6100 = ADVANCED_FACE('',(#6101),#6112,.F.);
#6101 = FACE_BOUND('',#6102,.F.);
#6102 = EDGE_LOOP('',(#6103,#6104,#6105,#6111));
#6103 = ORIENTED_EDGE('',*,*,#6090,.F.);
#6104 = ORIENTED_EDGE('',*,*,#5999,.T.);
#6105 = ORIENTED_EDGE('',*,*,#6106,.T.);
#6106 = EDGE_CURVE('',#5963,#5821,#6107,.T.);
#6107 = LINE('',#6108,#6109);
#6108 = CARTESIAN_POINT('',(-11.39678135161,-11.23002114083,11.));
#6109 = VECTOR('',#6110,1.);
#6110 = DIRECTION('',(-0.,-0.,-1.));
#6111 = ORIENTED_EDGE('',*,*,#5820,.F.);
#6112 = CYLINDRICAL_SURFACE('',#6113,1.5);
#6113 = AXIS2_PLACEMENT_3D('',#6114,#6115,#6116);
#6114 = CARTESIAN_POINT('',(-12.46522960332,-12.28283562278,11.));
#6115 = DIRECTION('',(-0.,-0.,-1.));
#6116 = DIRECTION('',(-0.973046397151,0.230609429536,0.));
#6117 = ADVANCED_FACE('',(#6118),#6124,.T.);
#6118 = FACE_BOUND('',#6119,.T.);
#6119 = EDGE_LOOP('',(#6120,#6121,#6122,#6123));
#6120 = ORIENTED_EDGE('',*,*,#6106,.T.);
#6121 = ORIENTED_EDGE('',*,*,#5856,.T.);
#6122 = ORIENTED_EDGE('',*,*,#5919,.F.);
#6123 = ORIENTED_EDGE('',*,*,#5973,.F.);
#6124 = CYLINDRICAL_SURFACE('',#6125,16.);
#6125 = AXIS2_PLACEMENT_3D('',#6126,#6127,#6128);
#6126 = CARTESIAN_POINT('',(0.,3.55E-15,11.));
#6127 = DIRECTION('',(0.,0.,1.));
#6128 = DIRECTION('',(1.,0.,0.));
#6129 = ADVANCED_FACE('',(#6130),#6138,.F.);
#6130 = FACE_BOUND('',#6131,.F.);
#6131 = EDGE_LOOP('',(#6132,#6133,#6134,#6135,#6136,#6137));
#6132 = ORIENTED_EDGE('',*,*,#4027,.T.);
#6133 = ORIENTED_EDGE('',*,*,#4036,.T.);
#6134 = ORIENTED_EDGE('',*,*,#2428,.T.);
#6135 = ORIENTED_EDGE('',*,*,#4116,.F.);
#6136 = ORIENTED_EDGE('',*,*,#4256,.F.);
#6137 = ORIENTED_EDGE('',*,*,#2603,.F.);
#6138 = CYLINDRICAL_SURFACE('',#6139,18.);
#6139 = AXIS2_PLACEMENT_3D('',#6140,#6141,#6142);
#6140 = CARTESIAN_POINT('',(0.,-3.93E-15,16.));
#6141 = DIRECTION('',(0.,0.,1.));
#6142 = DIRECTION('',(1.,0.,-0.));
#6143 = MANIFOLD_SOLID_BREP('',#6144);
#6144 = CLOSED_SHELL('',(#6145,#6202,#6290,#6321,#6348,#6381,#6510,#6535
    ,#6570,#6707,#6724,#6744,#6768,#6793,#6834,#6916,#6949,#6990,#7057,
    #7082,#7115,#7139,#7164,#7216,#7233,#7250,#7272,#7295,#7320,#7337,
    #7359,#7376,#7393,#7405,#7422,#7439,#7456,#7468,#7503,#7515,#7542,
    #7575,#7612,#7624));
#6145 = ADVANCED_FACE('',(#6146),#6197,.F.);
#6146 = FACE_BOUND('',#6147,.F.);
#6147 = EDGE_LOOP('',(#6148,#6158,#6167,#6175,#6183,#6191));
#6148 = ORIENTED_EDGE('',*,*,#6149,.T.);
#6149 = EDGE_CURVE('',#6150,#6152,#6154,.T.);
#6150 = VERTEX_POINT('',#6151);
#6151 = CARTESIAN_POINT('',(30.639654682652,-21.5,9.006341913395));
#6152 = VERTEX_POINT('',#6153);
#6153 = CARTESIAN_POINT('',(30.639654682652,-17.22449415647,
    9.006341913395));
#6154 = LINE('',#6155,#6156);
#6155 = CARTESIAN_POINT('',(30.639654682652,-22.,9.006341913395));
#6156 = VECTOR('',#6157,1.);
#6157 = DIRECTION('',(0.,1.,-2.2E-16));
#6158 = ORIENTED_EDGE('',*,*,#6159,.T.);
#6159 = EDGE_CURVE('',#6152,#6160,#6162,.T.);
#6160 = VERTEX_POINT('',#6161);
#6161 = CARTESIAN_POINT('',(30.639654682652,-10.77550584352,
    9.006341913395));
#6162 = CIRCLE('',#6163,4.);
#6163 = AXIS2_PLACEMENT_3D('',#6164,#6165,#6166);
#6164 = CARTESIAN_POINT('',(29.056222449622,-14.,10.765711061206));
#6165 = DIRECTION('',(-0.743294146247,6.E-17,-0.668964731622));
#6166 = DIRECTION('',(0.668964731622,0.,-0.743294146247));
#6167 = ORIENTED_EDGE('',*,*,#6168,.T.);
#6168 = EDGE_CURVE('',#6160,#6169,#6171,.T.);
#6169 = VERTEX_POINT('',#6170);
#6170 = CARTESIAN_POINT('',(30.639654682652,-6.,9.006341913395));
#6171 = LINE('',#6172,#6173);
#6172 = CARTESIAN_POINT('',(30.639654682652,-22.,9.006341913395));
#6173 = VECTOR('',#6174,1.);
#6174 = DIRECTION('',(0.,1.,-2.2E-16));
#6175 = ORIENTED_EDGE('',*,*,#6176,.F.);
#6176 = EDGE_CURVE('',#6177,#6169,#6179,.T.);
#6177 = VERTEX_POINT('',#6178);
#6178 = CARTESIAN_POINT('',(25.081223609492,-6.,15.182376439128));
#6179 = LINE('',#6180,#6181);
#6180 = CARTESIAN_POINT('',(23.743294146247,-6.,16.668964731622));
#6181 = VECTOR('',#6182,1.);
#6182 = DIRECTION('',(0.668964731622,0.,-0.743294146247));
#6183 = ORIENTED_EDGE('',*,*,#6184,.T.);
#6184 = EDGE_CURVE('',#6177,#6185,#6187,.T.);
#6185 = VERTEX_POINT('',#6186);
#6186 = CARTESIAN_POINT('',(25.081223609492,-21.5,15.182376439128));
#6187 = LINE('',#6188,#6189);
#6188 = CARTESIAN_POINT('',(25.081223609492,-6.,15.182376439128));
#6189 = VECTOR('',#6190,1.);
#6190 = DIRECTION('',(0.,-1.,2.2E-16));
#6191 = ORIENTED_EDGE('',*,*,#6192,.F.);
#6192 = EDGE_CURVE('',#6150,#6185,#6193,.T.);
#6193 = LINE('',#6194,#6195);
#6194 = CARTESIAN_POINT('',(30.639654682652,-21.5,9.006341913395));
#6195 = VECTOR('',#6196,1.);
#6196 = DIRECTION('',(-0.668964731622,-0.,0.743294146247));
#6197 = PLANE('',#6198);
#6198 = AXIS2_PLACEMENT_3D('',#6199,#6200,#6201);
#6199 = CARTESIAN_POINT('',(23.743294146247,3.7E-15,16.668964731622));
#6200 = DIRECTION('',(0.743294146247,1.5E-16,0.668964731622));
#6201 = DIRECTION('',(0.668964731622,-1.7E-16,-0.743294146247));
#6202 = ADVANCED_FACE('',(#6203),#6285,.T.);
#6203 = FACE_BOUND('',#6204,.F.);
#6204 = EDGE_LOOP('',(#6205,#6206,#6215,#6223,#6230,#6231,#6259));
#6205 = ORIENTED_EDGE('',*,*,#6149,.F.);
#6206 = ORIENTED_EDGE('',*,*,#6207,.F.);
#6207 = EDGE_CURVE('',#6208,#6150,#6210,.T.);
#6208 = VERTEX_POINT('',#6209);
#6209 = CARTESIAN_POINT('',(33.337590209739,-21.5,8.752845011003));
#6210 = CIRCLE('',#6211,2.);
#6211 = AXIS2_PLACEMENT_3D('',#6212,#6213,#6214);
#6212 = CARTESIAN_POINT('',(32.126242975146,-21.5,10.34427137664));
#6213 = DIRECTION('',(0.,1.,0.));
#6214 = DIRECTION('',(0.605673617296,0.,-0.795713182818));
#6215 = ORIENTED_EDGE('',*,*,#6216,.T.);
#6216 = EDGE_CURVE('',#6208,#6217,#6219,.T.);
#6217 = VERTEX_POINT('',#6218);
#6218 = CARTESIAN_POINT('',(33.337590209739,-6.,8.752845011003));
#6219 = LINE('',#6220,#6221);
#6220 = CARTESIAN_POINT('',(33.337590209739,-22.,8.752845011003));
#6221 = VECTOR('',#6222,1.);
#6222 = DIRECTION('',(0.,1.,-2.2E-16));
#6223 = ORIENTED_EDGE('',*,*,#6224,.F.);
#6224 = EDGE_CURVE('',#6169,#6217,#6225,.T.);
#6225 = CIRCLE('',#6226,2.);
#6226 = AXIS2_PLACEMENT_3D('',#6227,#6228,#6229);
#6227 = CARTESIAN_POINT('',(32.126242975146,-6.,10.34427137664));
#6228 = DIRECTION('',(0.,-1.,2.2E-16));
#6229 = DIRECTION('',(0.,2.2E-16,1.));
#6230 = ORIENTED_EDGE('',*,*,#6168,.F.);
#6231 = ORIENTED_EDGE('',*,*,#6232,.F.);
#6232 = EDGE_CURVE('',#6233,#6160,#6235,.T.);
#6233 = VERTEX_POINT('',#6234);
#6234 = CARTESIAN_POINT('',(32.360406156138,-14.,8.358026778241));
#6235 = B_SPLINE_CURVE_WITH_KNOTS('',8,(#6236,#6237,#6238,#6239,#6240,
    #6241,#6242,#6243,#6244,#6245,#6246,#6247,#6248,#6249,#6250,#6251,
    #6252,#6253,#6254,#6255,#6256,#6257,#6258),.UNSPECIFIED.,.F.,.F.,(9,
    7,7,9),(0.,0.468612458599,0.842932303009,1.),.UNSPECIFIED.);
#6236 = CARTESIAN_POINT('',(32.360406156138,-14.,8.358026778241));
#6237 = CARTESIAN_POINT('',(32.360406156138,-13.77712831688,
    8.358026778241));
#6238 = CARTESIAN_POINT('',(32.335993380997,-13.56114245008,
    8.355148460377));
#6239 = CARTESIAN_POINT('',(32.289809224461,-13.34936141198,
    8.349705301537));
#6240 = CARTESIAN_POINT('',(32.224419684176,-13.14007289086,
    8.343694022568));
#6241 = CARTESIAN_POINT('',(32.142603535075,-12.9331905929,
    8.339959896822));
#6242 = CARTESIAN_POINT('',(32.04750533813,-12.72990138919,
    8.341208736553));
#6243 = CARTESIAN_POINT('',(31.942549672682,-12.53203558761,
    8.349559262303));
#6244 = CARTESIAN_POINT('',(31.742686641342,-12.18992086882,
    8.379344770577));
#6245 = CARTESIAN_POINT('',(31.648721659782,-12.04069429594,
    8.398000392725));
#6246 = CARTESIAN_POINT('',(31.550141723188,-11.89369182713,
    8.423075909638));
#6247 = CARTESIAN_POINT('',(31.447440094461,-11.74878870691,
    8.455611039821));
#6248 = CARTESIAN_POINT('',(31.341173911718,-11.60612801486,
    8.496746135111));
#6249 = CARTESIAN_POINT('',(31.232060439609,-11.46609713851,
    8.547745851897));
#6250 = CARTESIAN_POINT('',(31.121069980481,-11.32932331281,
    8.610003248176));
#6251 = CARTESIAN_POINT('',(30.962802963215,-11.14098152756,
    8.716516188675));
#6252 = CARTESIAN_POINT('',(30.915888468283,-11.08597843305,
    8.750279419644));
#6253 = CARTESIAN_POINT('',(30.868969013996,-11.031739272,8.786424337909
    ));
#6254 = CARTESIAN_POINT('',(30.822184393681,-10.97836315953,
    8.825051594382));
#6255 = CARTESIAN_POINT('',(30.775686773681,-10.92595065337,
    8.866260505687));
#6256 = CARTESIAN_POINT('',(30.729642193752,-10.87460298501,
    8.910148653821));
#6257 = CARTESIAN_POINT('',(30.684232067473,-10.82442129088,
    8.956811485816));
#6258 = CARTESIAN_POINT('',(30.639654682652,-10.77550584352,
    9.006341913395));
#6259 = ORIENTED_EDGE('',*,*,#6260,.F.);
#6260 = EDGE_CURVE('',#6152,#6233,#6261,.T.);
#6261 = B_SPLINE_CURVE_WITH_KNOTS('',8,(#6262,#6263,#6264,#6265,#6266,
    #6267,#6268,#6269,#6270,#6271,#6272,#6273,#6274,#6275,#6276,#6277,
    #6278,#6279,#6280,#6281,#6282,#6283,#6284),.UNSPECIFIED.,.F.,.F.,(9,
    7,7,9),(0.,0.154439959239,0.529042055334,1.),.UNSPECIFIED.);
#6262 = CARTESIAN_POINT('',(30.639654682652,-17.22449415647,
    9.006341913395));
#6263 = CARTESIAN_POINT('',(30.683483206902,-17.17640044529,
    8.957643553117));
#6264 = CARTESIAN_POINT('',(30.728117596562,-17.12708173075,
    8.911716295017));
#6265 = CARTESIAN_POINT('',(30.773369127369,-17.07663355903,
    8.868472357347));
#6266 = CARTESIAN_POINT('',(30.819064766623,-17.02515239009,
    8.827821507262));
#6267 = CARTESIAN_POINT('',(30.865045798664,-16.9727348933,8.78967143013
    ));
#6268 = CARTESIAN_POINT('',(30.911166450362,-16.91947724308,
    8.753928098839));
#6269 = CARTESIAN_POINT('',(30.957292516595,-16.86547441445,
    8.720496143108));
#6270 = CARTESIAN_POINT('',(31.114893477852,-16.67825110987,
    8.613560956902));
#6271 = CARTESIAN_POINT('',(31.226046162153,-16.54154184879,
    8.550700509099));
#6272 = CARTESIAN_POINT('',(31.335360305847,-16.40154569889,
    8.499173735805));
#6273 = CARTESIAN_POINT('',(31.441853546265,-16.25889982802,
    8.457579804459));
#6274 = CARTESIAN_POINT('',(31.544800892098,-16.11400063519,
    8.424646235368));
#6275 = CARTESIAN_POINT('',(31.64364212731,-15.96699790294,
    8.399225486705));
#6276 = CARTESIAN_POINT('',(31.737885725622,-15.81777025377,
    8.380272634157));
#6277 = CARTESIAN_POINT('',(31.938901846229,-15.47484154101,
    8.349847691009));
#6278 = CARTESIAN_POINT('',(32.044688021875,-15.27611676616,
    8.341247069209));
#6279 = CARTESIAN_POINT('',(32.140575981018,-15.07191992727,
    8.339869963866));
#6280 = CARTESIAN_POINT('',(32.223110427783,-14.86408901719,
    8.343574878211));
#6281 = CARTESIAN_POINT('',(32.28910618247,-14.65382653784,
    8.349622444099));
#6282 = CARTESIAN_POINT('',(32.33574164589,-14.44104963159,8.3551187789)
  );
#6283 = CARTESIAN_POINT('',(32.360406156138,-14.22401786516,
    8.358026778241));
#6284 = CARTESIAN_POINT('',(32.360406156138,-14.,8.358026778241));
#6285 = CYLINDRICAL_SURFACE('',#6286,2.);
#6286 = AXIS2_PLACEMENT_3D('',#6287,#6288,#6289);
#6287 = CARTESIAN_POINT('',(32.126242975146,-22.,10.34427137664));
#6288 = DIRECTION('',(0.,1.,-2.2E-16));
#6289 = DIRECTION('',(-0.743294146247,-1.471722409569E-16,
    -0.668964731622));
#6290 = ADVANCED_FACE('',(#6291),#6316,.T.);
#6291 = FACE_BOUND('',#6292,.T.);
#6292 = EDGE_LOOP('',(#6293,#6301,#6309,#6315));
#6293 = ORIENTED_EDGE('',*,*,#6294,.F.);
#6294 = EDGE_CURVE('',#6295,#6150,#6297,.T.);
#6295 = VERTEX_POINT('',#6296);
#6296 = CARTESIAN_POINT('',(31.011301755776,-22.,9.340824279206));
#6297 = LINE('',#6298,#6299);
#6298 = CARTESIAN_POINT('',(30.639654682652,-21.5,9.006341913395));
#6299 = VECTOR('',#6300,1.);
#6300 = DIRECTION('',(-0.525588331228,0.707106781187,-0.473029498105));
#6301 = ORIENTED_EDGE('',*,*,#6302,.T.);
#6302 = EDGE_CURVE('',#6295,#6303,#6305,.T.);
#6303 = VERTEX_POINT('',#6304);
#6304 = CARTESIAN_POINT('',(25.452870682616,-22.,15.516858804939));
#6305 = LINE('',#6306,#6307);
#6306 = CARTESIAN_POINT('',(31.011301755776,-22.,9.340824279206));
#6307 = VECTOR('',#6308,1.);
#6308 = DIRECTION('',(-0.668964731622,-0.,0.743294146247));
#6309 = ORIENTED_EDGE('',*,*,#6310,.T.);
#6310 = EDGE_CURVE('',#6303,#6185,#6311,.T.);
#6311 = LINE('',#6312,#6313);
#6312 = CARTESIAN_POINT('',(25.267047146054,-21.75,15.349617622034));
#6313 = VECTOR('',#6314,1.);
#6314 = DIRECTION('',(-0.525588331228,0.707106781187,-0.473029498105));
#6315 = ORIENTED_EDGE('',*,*,#6192,.F.);
#6316 = PLANE('',#6317);
#6317 = AXIS2_PLACEMENT_3D('',#6318,#6319,#6320);
#6318 = CARTESIAN_POINT('',(30.825478219214,-21.75,9.1735830963));
#6319 = DIRECTION('',(-0.525588331228,-0.707106781187,-0.473029498105));
#6320 = DIRECTION('',(-0.668964731622,1.110223024625E-16,0.743294146247)
  );
#6321 = ADVANCED_FACE('',(#6322),#6343,.F.);
#6322 = FACE_BOUND('',#6323,.T.);
#6323 = EDGE_LOOP('',(#6324,#6332,#6339,#6340,#6341,#6342));
#6324 = ORIENTED_EDGE('',*,*,#6325,.F.);
#6325 = EDGE_CURVE('',#6326,#6233,#6328,.T.);
#6326 = VERTEX_POINT('',#6327);
#6327 = CARTESIAN_POINT('',(40.56729593834,-14.,15.744227582223));
#6328 = LINE('',#6329,#6330);
#6329 = CARTESIAN_POINT('',(40.56729593834,-14.,15.744227582223));
#6330 = VECTOR('',#6331,1.);
#6331 = DIRECTION('',(-0.743294146247,6.E-17,-0.668964731622));
#6332 = ORIENTED_EDGE('',*,*,#6333,.T.);
#6333 = EDGE_CURVE('',#6326,#6326,#6334,.T.);
#6334 = CIRCLE('',#6335,4.);
#6335 = AXIS2_PLACEMENT_3D('',#6336,#6337,#6338);
#6336 = CARTESIAN_POINT('',(37.89143701185,-14.,18.717404167212));
#6337 = DIRECTION('',(0.743294146247,-6.E-17,0.668964731622));
#6338 = DIRECTION('',(0.668964731622,0.,-0.743294146247));
#6339 = ORIENTED_EDGE('',*,*,#6325,.T.);
#6340 = ORIENTED_EDGE('',*,*,#6260,.F.);
#6341 = ORIENTED_EDGE('',*,*,#6159,.T.);
#6342 = ORIENTED_EDGE('',*,*,#6232,.F.);
#6343 = CYLINDRICAL_SURFACE('',#6344,4.);
#6344 = AXIS2_PLACEMENT_3D('',#6345,#6346,#6347);
#6345 = CARTESIAN_POINT('',(37.89143701185,-14.,18.717404167212));
#6346 = DIRECTION('',(-0.743294146247,6.E-17,-0.668964731622));
#6347 = DIRECTION('',(0.668964731622,0.,-0.743294146247));
#6348 = ADVANCED_FACE('',(#6349),#6376,.T.);
#6349 = FACE_BOUND('',#6350,.F.);
#6350 = EDGE_LOOP('',(#6351,#6352,#6361,#6369));
#6351 = ORIENTED_EDGE('',*,*,#6184,.F.);
#6352 = ORIENTED_EDGE('',*,*,#6353,.T.);
#6353 = EDGE_CURVE('',#6177,#6354,#6356,.T.);
#6354 = VERTEX_POINT('',#6355);
#6355 = CARTESIAN_POINT('',(25.229882438741,-6.,18.006894194867));
#6356 = CIRCLE('',#6357,2.);
#6357 = AXIS2_PLACEMENT_3D('',#6358,#6359,#6360);
#6358 = CARTESIAN_POINT('',(26.567811901986,-6.,16.520305902373));
#6359 = DIRECTION('',(0.,1.,-2.2E-16));
#6360 = DIRECTION('',(0.,-2.2E-16,-1.));
#6361 = ORIENTED_EDGE('',*,*,#6362,.T.);
#6362 = EDGE_CURVE('',#6354,#6363,#6365,.T.);
#6363 = VERTEX_POINT('',#6364);
#6364 = CARTESIAN_POINT('',(25.229882438742,-21.5,18.006894194867));
#6365 = LINE('',#6366,#6367);
#6366 = CARTESIAN_POINT('',(25.229882438741,-6.,18.006894194867));
#6367 = VECTOR('',#6368,1.);
#6368 = DIRECTION('',(0.,-1.,2.2E-16));
#6369 = ORIENTED_EDGE('',*,*,#6370,.F.);
#6370 = EDGE_CURVE('',#6185,#6363,#6371,.T.);
#6371 = CIRCLE('',#6372,2.);
#6372 = AXIS2_PLACEMENT_3D('',#6373,#6374,#6375);
#6373 = CARTESIAN_POINT('',(26.567811901986,-21.5,16.520305902373));
#6374 = DIRECTION('',(0.,1.,0.));
#6375 = DIRECTION('',(-0.743294146247,0.,-0.668964731622));
#6376 = CYLINDRICAL_SURFACE('',#6377,2.);
#6377 = AXIS2_PLACEMENT_3D('',#6378,#6379,#6380);
#6378 = CARTESIAN_POINT('',(26.567811901986,-6.,16.520305902373));
#6379 = DIRECTION('',(0.,-1.,2.2E-16));
#6380 = DIRECTION('',(-0.743294146247,-1.471722409569E-16,
    -0.668964731622));
#6381 = ADVANCED_FACE('',(#6382),#6505,.T.);
#6382 = FACE_BOUND('',#6383,.T.);
#6383 = EDGE_LOOP('',(#6384,#6385,#6386,#6394,#6403,#6411,#6420,#6428,
    #6437,#6445,#6454,#6462,#6471,#6479,#6488,#6497,#6504));
#6384 = ORIENTED_EDGE('',*,*,#6176,.F.);
#6385 = ORIENTED_EDGE('',*,*,#6353,.T.);
#6386 = ORIENTED_EDGE('',*,*,#6387,.T.);
#6387 = EDGE_CURVE('',#6354,#6388,#6390,.T.);
#6388 = VERTEX_POINT('',#6389);
#6389 = CARTESIAN_POINT('',(32.429542547216,-6.,24.486588292494));
#6390 = LINE('',#6391,#6392);
#6391 = CARTESIAN_POINT('',(23.,-6.,16.));
#6392 = VECTOR('',#6393,1.);
#6393 = DIRECTION('',(0.743294146247,0.,0.668964731622));
#6394 = ORIENTED_EDGE('',*,*,#6395,.T.);
#6395 = EDGE_CURVE('',#6388,#6396,#6398,.T.);
#6396 = VERTEX_POINT('',#6397);
#6397 = CARTESIAN_POINT('',(33.767472010461,-6.,25.));
#6398 = CIRCLE('',#6399,2.);
#6399 = AXIS2_PLACEMENT_3D('',#6400,#6401,#6402);
#6400 = CARTESIAN_POINT('',(33.767472010461,-6.,23.));
#6401 = DIRECTION('',(0.,1.,-2.2E-16));
#6402 = DIRECTION('',(0.,-2.2E-16,-1.));
#6403 = ORIENTED_EDGE('',*,*,#6404,.F.);
#6404 = EDGE_CURVE('',#6405,#6396,#6407,.T.);
#6405 = VERTEX_POINT('',#6406);
#6406 = CARTESIAN_POINT('',(42.109275190585,-6.,25.));
#6407 = LINE('',#6408,#6409);
#6408 = CARTESIAN_POINT('',(66.,-6.,25.));
#6409 = VECTOR('',#6410,1.);
#6410 = DIRECTION('',(-1.,0.,0.));
#6411 = ORIENTED_EDGE('',*,*,#6412,.F.);
#6412 = EDGE_CURVE('',#6413,#6405,#6415,.T.);
#6413 = VERTEX_POINT('',#6414);
#6414 = CARTESIAN_POINT('',(43.59586348308,-6.,24.337929463245));
#6415 = CIRCLE('',#6416,2.);
#6416 = AXIS2_PLACEMENT_3D('',#6417,#6418,#6419);
#6417 = CARTESIAN_POINT('',(42.109275190585,-6.,23.));
#6418 = DIRECTION('',(0.,-1.,2.2E-16));
#6419 = DIRECTION('',(0.,-2.2E-16,-1.));
#6420 = ORIENTED_EDGE('',*,*,#6421,.T.);
#6421 = EDGE_CURVE('',#6413,#6422,#6424,.T.);
#6422 = VERTEX_POINT('',#6423);
#6423 = CARTESIAN_POINT('',(65.486588292494,-6.,1.490189722852E-02));
#6424 = LINE('',#6425,#6426);
#6425 = CARTESIAN_POINT('',(43.,-6.,25.));
#6426 = VECTOR('',#6427,1.);
#6427 = DIRECTION('',(0.668964731622,0.,-0.743294146247));
#6428 = ORIENTED_EDGE('',*,*,#6429,.F.);
#6429 = EDGE_CURVE('',#6430,#6422,#6432,.T.);
#6430 = VERTEX_POINT('',#6431);
#6431 = CARTESIAN_POINT('',(66.,-6.,-1.323027566016));
#6432 = CIRCLE('',#6433,2.);
#6433 = AXIS2_PLACEMENT_3D('',#6434,#6435,#6436);
#6434 = CARTESIAN_POINT('',(64.,-6.,-1.323027566016));
#6435 = DIRECTION('',(0.,-1.,2.2E-16));
#6436 = DIRECTION('',(0.,-2.2E-16,-1.));
#6437 = ORIENTED_EDGE('',*,*,#6438,.F.);
#6438 = EDGE_CURVE('',#6439,#6430,#6441,.T.);
#6439 = VERTEX_POINT('',#6440);
#6440 = CARTESIAN_POINT('',(66.,-6.,-6.199275190585));
#6441 = LINE('',#6442,#6443);
#6442 = CARTESIAN_POINT('',(66.,-6.,-25.));
#6443 = VECTOR('',#6444,1.);
#6444 = DIRECTION('',(0.,0.,1.));
#6445 = ORIENTED_EDGE('',*,*,#6446,.F.);
#6446 = EDGE_CURVE('',#6447,#6439,#6449,.T.);
#6447 = VERTEX_POINT('',#6448);
#6448 = CARTESIAN_POINT('',(65.337929463245,-6.,-7.68586348308));
#6449 = CIRCLE('',#6450,2.);
#6450 = AXIS2_PLACEMENT_3D('',#6451,#6452,#6453);
#6451 = CARTESIAN_POINT('',(64.,-6.,-6.199275190585));
#6452 = DIRECTION('',(0.,-1.,2.2E-16));
#6453 = DIRECTION('',(0.,-2.2E-16,-1.));
#6454 = ORIENTED_EDGE('',*,*,#6455,.T.);
#6455 = EDGE_CURVE('',#6447,#6456,#6458,.T.);
#6456 = VERTEX_POINT('',#6457);
#6457 = CARTESIAN_POINT('',(55.954191831007,-6.,-16.13122735209));
#6458 = LINE('',#6459,#6460);
#6459 = CARTESIAN_POINT('',(66.,-6.,-7.09));
#6460 = VECTOR('',#6461,1.);
#6461 = DIRECTION('',(-0.743294146247,-0.,-0.668964731622));
#6462 = ORIENTED_EDGE('',*,*,#6463,.F.);
#6463 = EDGE_CURVE('',#6464,#6456,#6466,.T.);
#6464 = VERTEX_POINT('',#6465);
#6465 = CARTESIAN_POINT('',(53.129674075267,-6.,-15.98256852284));
#6466 = CIRCLE('',#6467,2.);
#6467 = AXIS2_PLACEMENT_3D('',#6468,#6469,#6470);
#6468 = CARTESIAN_POINT('',(54.616262367762,-6.,-14.6446390596));
#6469 = DIRECTION('',(0.,-1.,2.2E-16));
#6470 = DIRECTION('',(0.,-2.2E-16,-1.));
#6471 = ORIENTED_EDGE('',*,*,#6472,.F.);
#6472 = EDGE_CURVE('',#6473,#6464,#6475,.T.);
#6473 = VERTEX_POINT('',#6474);
#6474 = CARTESIAN_POINT('',(47.974005433047,-6.,-10.25404780926));
#6475 = LINE('',#6476,#6477);
#6476 = CARTESIAN_POINT('',(23.743294146247,-6.,16.668964731622));
#6477 = VECTOR('',#6478,1.);
#6478 = DIRECTION('',(0.668964731622,0.,-0.743294146247));
#6479 = ORIENTED_EDGE('',*,*,#6480,.F.);
#6480 = EDGE_CURVE('',#6481,#6473,#6483,.T.);
#6481 = VERTEX_POINT('',#6482);
#6482 = CARTESIAN_POINT('',(48.005117767766,-6.,-7.544407831249));
#6483 = CIRCLE('',#6484,2.);
#6484 = AXIS2_PLACEMENT_3D('',#6485,#6486,#6487);
#6485 = CARTESIAN_POINT('',(49.460593725541,-6.,-8.916118346021));
#6486 = DIRECTION('',(0.,-1.,2.2E-16));
#6487 = DIRECTION('',(0.,2.2E-16,1.));
#6488 = ORIENTED_EDGE('',*,*,#6489,.T.);
#6489 = EDGE_CURVE('',#6481,#6490,#6492,.T.);
#6490 = VERTEX_POINT('',#6491);
#6491 = CARTESIAN_POINT('',(51.,-6.,0.));
#6492 = CIRCLE('',#6493,11.);
#6493 = AXIS2_PLACEMENT_3D('',#6494,#6495,#6496);
#6494 = CARTESIAN_POINT('',(40.,-6.,0.));
#6495 = DIRECTION('',(0.,-1.,0.));
#6496 = DIRECTION('',(1.,0.,0.));
#6497 = ORIENTED_EDGE('',*,*,#6498,.T.);
#6498 = EDGE_CURVE('',#6490,#6217,#6499,.T.);
#6499 = CIRCLE('',#6500,11.);
#6500 = AXIS2_PLACEMENT_3D('',#6501,#6502,#6503);
#6501 = CARTESIAN_POINT('',(40.,-6.,0.));
#6502 = DIRECTION('',(0.,-1.,0.));
#6503 = DIRECTION('',(1.,0.,0.));
#6504 = ORIENTED_EDGE('',*,*,#6224,.F.);
#6505 = PLANE('',#6506);
#6506 = AXIS2_PLACEMENT_3D('',#6507,#6508,#6509);
#6507 = CARTESIAN_POINT('',(17.,-6.,0.));
#6508 = DIRECTION('',(0.,1.,0.));
#6509 = DIRECTION('',(0.,0.,1.));
#6510 = ADVANCED_FACE('',(#6511),#6530,.T.);
#6511 = FACE_BOUND('',#6512,.T.);
#6512 = EDGE_LOOP('',(#6513,#6521,#6528,#6529));
#6513 = ORIENTED_EDGE('',*,*,#6514,.F.);
#6514 = EDGE_CURVE('',#6515,#6208,#6517,.T.);
#6515 = VERTEX_POINT('',#6516);
#6516 = CARTESIAN_POINT('',(33.034753401091,-22.,9.150701602412));
#6517 = LINE('',#6518,#6519);
#6518 = CARTESIAN_POINT('',(33.337590209739,-21.5,8.752845011003));
#6519 = VECTOR('',#6520,1.);
#6520 = DIRECTION('',(0.428275921976,0.707106781187,-0.56265418745));
#6521 = ORIENTED_EDGE('',*,*,#6522,.T.);
#6522 = EDGE_CURVE('',#6515,#6295,#6523,.T.);
#6523 = CIRCLE('',#6524,1.5);
#6524 = AXIS2_PLACEMENT_3D('',#6525,#6526,#6527);
#6525 = CARTESIAN_POINT('',(32.126242975146,-22.,10.34427137664));
#6526 = DIRECTION('',(0.,1.,0.));
#6527 = DIRECTION('',(0.605673617296,0.,-0.795713182818));
#6528 = ORIENTED_EDGE('',*,*,#6294,.T.);
#6529 = ORIENTED_EDGE('',*,*,#6207,.F.);
#6530 = CONICAL_SURFACE('',#6531,2.,0.785398163397);
#6531 = AXIS2_PLACEMENT_3D('',#6532,#6533,#6534);
#6532 = CARTESIAN_POINT('',(32.126242975146,-21.5,10.34427137664));
#6533 = DIRECTION('',(0.,1.,0.));
#6534 = DIRECTION('',(0.605673617296,0.,-0.795713182818));
#6535 = ADVANCED_FACE('',(#6536),#6565,.F.);
#6536 = FACE_BOUND('',#6537,.T.);
#6537 = EDGE_LOOP('',(#6538,#6546,#6555,#6562,#6563,#6564));
#6538 = ORIENTED_EDGE('',*,*,#6539,.F.);
#6539 = EDGE_CURVE('',#6540,#6481,#6542,.T.);
#6540 = VERTEX_POINT('',#6541);
#6541 = CARTESIAN_POINT('',(48.005117767766,-21.5,-7.544407831249));
#6542 = LINE('',#6543,#6544);
#6543 = CARTESIAN_POINT('',(48.005117767766,-22.,-7.544407831249));
#6544 = VECTOR('',#6545,1.);
#6545 = DIRECTION('',(0.,1.,-2.2E-16));
#6546 = ORIENTED_EDGE('',*,*,#6547,.T.);
#6547 = EDGE_CURVE('',#6540,#6548,#6550,.T.);
#6548 = VERTEX_POINT('',#6549);
#6549 = CARTESIAN_POINT('',(51.,-21.5,-1.E-15));
#6550 = CIRCLE('',#6551,11.);
#6551 = AXIS2_PLACEMENT_3D('',#6552,#6553,#6554);
#6552 = CARTESIAN_POINT('',(40.,-21.5,0.));
#6553 = DIRECTION('',(0.,-1.,-0.));
#6554 = DIRECTION('',(0.727737978888,0.,-0.685855257386));
#6555 = ORIENTED_EDGE('',*,*,#6556,.T.);
#6556 = EDGE_CURVE('',#6548,#6208,#6557,.T.);
#6557 = CIRCLE('',#6558,11.);
#6558 = AXIS2_PLACEMENT_3D('',#6559,#6560,#6561);
#6559 = CARTESIAN_POINT('',(40.,-21.5,0.));
#6560 = DIRECTION('',(-0.,-1.,0.));
#6561 = DIRECTION('',(1.,-0.,6.9E-16));
#6562 = ORIENTED_EDGE('',*,*,#6216,.T.);
#6563 = ORIENTED_EDGE('',*,*,#6498,.F.);
#6564 = ORIENTED_EDGE('',*,*,#6489,.F.);
#6565 = CYLINDRICAL_SURFACE('',#6566,11.);
#6566 = AXIS2_PLACEMENT_3D('',#6567,#6568,#6569);
#6567 = CARTESIAN_POINT('',(40.,0.,0.));
#6568 = DIRECTION('',(0.,1.,-2.2E-16));
#6569 = DIRECTION('',(1.,0.,0.));
#6570 = ADVANCED_FACE('',(#6571),#6702,.F.);
#6571 = FACE_BOUND('',#6572,.F.);
#6572 = EDGE_LOOP('',(#6573,#6583,#6592,#6600,#6609,#6617,#6626,#6634,
    #6643,#6652,#6659,#6660,#6661,#6670,#6678,#6687,#6695));
#6573 = ORIENTED_EDGE('',*,*,#6574,.T.);
#6574 = EDGE_CURVE('',#6575,#6577,#6579,.T.);
#6575 = VERTEX_POINT('',#6576);
#6576 = CARTESIAN_POINT('',(43.224216409956,-22.,24.003447097434));
#6577 = VERTEX_POINT('',#6578);
#6578 = CARTESIAN_POINT('',(65.114941219371,-22.,-0.319580468583));
#6579 = LINE('',#6580,#6581);
#6580 = CARTESIAN_POINT('',(43.224216409956,-22.,24.003447097434));
#6581 = VECTOR('',#6582,1.);
#6582 = DIRECTION('',(0.668964731622,0.,-0.743294146247));
#6583 = ORIENTED_EDGE('',*,*,#6584,.T.);
#6584 = EDGE_CURVE('',#6577,#6585,#6587,.T.);
#6585 = VERTEX_POINT('',#6586);
#6586 = CARTESIAN_POINT('',(65.5,-22.,-1.323027566016));
#6587 = CIRCLE('',#6588,1.5);
#6588 = AXIS2_PLACEMENT_3D('',#6589,#6590,#6591);
#6589 = CARTESIAN_POINT('',(64.,-22.,-1.323027566016));
#6590 = DIRECTION('',(0.,1.,0.));
#6591 = DIRECTION('',(0.743294146247,-0.,0.668964731622));
#6592 = ORIENTED_EDGE('',*,*,#6593,.T.);
#6593 = EDGE_CURVE('',#6585,#6594,#6596,.T.);
#6594 = VERTEX_POINT('',#6595);
#6595 = CARTESIAN_POINT('',(65.5,-22.,-6.199275190585));
#6596 = LINE('',#6597,#6598);
#6597 = CARTESIAN_POINT('',(65.5,-22.,-1.323027566016));
#6598 = VECTOR('',#6599,1.);
#6599 = DIRECTION('',(-0.,-2.2E-16,-1.));
#6600 = ORIENTED_EDGE('',*,*,#6601,.T.);
#6601 = EDGE_CURVE('',#6594,#6602,#6604,.T.);
#6602 = VERTEX_POINT('',#6603);
#6603 = CARTESIAN_POINT('',(65.003447097434,-22.,-7.314216409956));
#6604 = CIRCLE('',#6605,1.5);
#6605 = AXIS2_PLACEMENT_3D('',#6606,#6607,#6608);
#6606 = CARTESIAN_POINT('',(64.,-22.,-6.199275190585));
#6607 = DIRECTION('',(0.,1.,0.));
#6608 = DIRECTION('',(1.,-0.,1.78E-15));
#6609 = ORIENTED_EDGE('',*,*,#6610,.T.);
#6610 = EDGE_CURVE('',#6602,#6611,#6613,.T.);
#6611 = VERTEX_POINT('',#6612);
#6612 = CARTESIAN_POINT('',(55.619709465195,-22.,-15.75958027897));
#6613 = LINE('',#6614,#6615);
#6614 = CARTESIAN_POINT('',(65.003447097434,-22.,-7.314216409956));
#6615 = VECTOR('',#6616,1.);
#6616 = DIRECTION('',(-0.743294146247,0.,-0.668964731622));
#6617 = ORIENTED_EDGE('',*,*,#6618,.T.);
#6618 = EDGE_CURVE('',#6611,#6619,#6621,.T.);
#6619 = VERTEX_POINT('',#6620);
#6620 = CARTESIAN_POINT('',(53.501321148391,-22.,-15.64808615703));
#6621 = CIRCLE('',#6622,1.5);
#6622 = AXIS2_PLACEMENT_3D('',#6623,#6624,#6625);
#6623 = CARTESIAN_POINT('',(54.616262367762,-22.,-14.6446390596));
#6624 = DIRECTION('',(0.,1.,0.));
#6625 = DIRECTION('',(0.668964731622,0.,-0.743294146247));
#6626 = ORIENTED_EDGE('',*,*,#6627,.T.);
#6627 = EDGE_CURVE('',#6619,#6628,#6630,.T.);
#6628 = VERTEX_POINT('',#6629);
#6629 = CARTESIAN_POINT('',(48.34565250617,-22.,-9.919565443455));
#6630 = LINE('',#6631,#6632);
#6631 = CARTESIAN_POINT('',(53.501321148391,-22.,-15.64808615703));
#6632 = VECTOR('',#6633,1.);
#6633 = DIRECTION('',(-0.668964731622,-0.,0.743294146247));
#6634 = ORIENTED_EDGE('',*,*,#6635,.T.);
#6635 = EDGE_CURVE('',#6628,#6636,#6638,.T.);
#6636 = VERTEX_POINT('',#6637);
#6637 = CARTESIAN_POINT('',(48.368986757209,-22.,-7.887335459942));
#6638 = CIRCLE('',#6639,1.5);
#6639 = AXIS2_PLACEMENT_3D('',#6640,#6641,#6642);
#6640 = CARTESIAN_POINT('',(49.460593725541,-22.,-8.916118346021));
#6641 = DIRECTION('',(0.,1.,0.));
#6642 = DIRECTION('',(-0.743294146247,0.,-0.668964731622));
#6643 = ORIENTED_EDGE('',*,*,#6644,.T.);
#6644 = EDGE_CURVE('',#6636,#6645,#6647,.T.);
#6645 = VERTEX_POINT('',#6646);
#6646 = CARTESIAN_POINT('',(51.5,-22.,-1.E-15));
#6647 = CIRCLE('',#6648,11.5);
#6648 = AXIS2_PLACEMENT_3D('',#6649,#6650,#6651);
#6649 = CARTESIAN_POINT('',(40.,-22.,0.));
#6650 = DIRECTION('',(0.,-1.,-0.));
#6651 = DIRECTION('',(0.727737978888,0.,-0.685855257386));
#6652 = ORIENTED_EDGE('',*,*,#6653,.T.);
#6653 = EDGE_CURVE('',#6645,#6515,#6654,.T.);
#6654 = CIRCLE('',#6655,11.5);
#6655 = AXIS2_PLACEMENT_3D('',#6656,#6657,#6658);
#6656 = CARTESIAN_POINT('',(40.,-22.,0.));
#6657 = DIRECTION('',(-0.,-1.,0.));
#6658 = DIRECTION('',(1.,-0.,6.9E-16));
#6659 = ORIENTED_EDGE('',*,*,#6522,.T.);
#6660 = ORIENTED_EDGE('',*,*,#6302,.T.);
#6661 = ORIENTED_EDGE('',*,*,#6662,.T.);
#6662 = EDGE_CURVE('',#6303,#6663,#6665,.T.);
#6663 = VERTEX_POINT('',#6664);
#6664 = CARTESIAN_POINT('',(25.564364804553,-22.,17.635247121744));
#6665 = CIRCLE('',#6666,1.5);
#6666 = AXIS2_PLACEMENT_3D('',#6667,#6668,#6669);
#6667 = CARTESIAN_POINT('',(26.567811901986,-22.,16.520305902373));
#6668 = DIRECTION('',(0.,1.,0.));
#6669 = DIRECTION('',(-0.743294146247,0.,-0.668964731622));
#6670 = ORIENTED_EDGE('',*,*,#6671,.T.);
#6671 = EDGE_CURVE('',#6663,#6672,#6674,.T.);
#6672 = VERTEX_POINT('',#6673);
#6673 = CARTESIAN_POINT('',(32.764024913027,-22.,24.114941219371));
#6674 = LINE('',#6675,#6676);
#6675 = CARTESIAN_POINT('',(25.564364804553,-22.,17.635247121744));
#6676 = VECTOR('',#6677,1.);
#6677 = DIRECTION('',(0.743294146247,0.,0.668964731622));
#6678 = ORIENTED_EDGE('',*,*,#6679,.T.);
#6679 = EDGE_CURVE('',#6672,#6680,#6682,.T.);
#6680 = VERTEX_POINT('',#6681);
#6681 = CARTESIAN_POINT('',(33.767472010461,-22.,24.5));
#6682 = CIRCLE('',#6683,1.5);
#6683 = AXIS2_PLACEMENT_3D('',#6684,#6685,#6686);
#6684 = CARTESIAN_POINT('',(33.767472010461,-22.,23.));
#6685 = DIRECTION('',(0.,1.,0.));
#6686 = DIRECTION('',(-0.668964731622,0.,0.743294146247));
#6687 = ORIENTED_EDGE('',*,*,#6688,.T.);
#6688 = EDGE_CURVE('',#6680,#6689,#6691,.T.);
#6689 = VERTEX_POINT('',#6690);
#6690 = CARTESIAN_POINT('',(42.109275190585,-22.,24.5));
#6691 = LINE('',#6692,#6693);
#6692 = CARTESIAN_POINT('',(33.767472010461,-22.,24.5));
#6693 = VECTOR('',#6694,1.);
#6694 = DIRECTION('',(1.,-0.,-0.));
#6695 = ORIENTED_EDGE('',*,*,#6696,.T.);
#6696 = EDGE_CURVE('',#6689,#6575,#6697,.T.);
#6697 = CIRCLE('',#6698,1.5);
#6698 = AXIS2_PLACEMENT_3D('',#6699,#6700,#6701);
#6699 = CARTESIAN_POINT('',(42.109275190585,-22.,23.));
#6700 = DIRECTION('',(0.,1.,0.));
#6701 = DIRECTION('',(0.,-0.,1.));
#6702 = PLANE('',#6703);
#6703 = AXIS2_PLACEMENT_3D('',#6704,#6705,#6706);
#6704 = CARTESIAN_POINT('',(17.,-22.,5.E-15));
#6705 = DIRECTION('',(0.,1.,0.));
#6706 = DIRECTION('',(0.,0.,1.));
#6707 = ADVANCED_FACE('',(#6708),#6719,.T.);
#6708 = FACE_BOUND('',#6709,.T.);
#6709 = EDGE_LOOP('',(#6710,#6711,#6712,#6718));
#6710 = ORIENTED_EDGE('',*,*,#6310,.F.);
#6711 = ORIENTED_EDGE('',*,*,#6662,.T.);
#6712 = ORIENTED_EDGE('',*,*,#6713,.T.);
#6713 = EDGE_CURVE('',#6663,#6363,#6714,.T.);
#6714 = LINE('',#6715,#6716);
#6715 = CARTESIAN_POINT('',(25.229882438742,-21.5,18.006894194867));
#6716 = VECTOR('',#6717,1.);
#6717 = DIRECTION('',(-0.473029498105,0.707106781187,0.525588331228));
#6718 = ORIENTED_EDGE('',*,*,#6370,.F.);
#6719 = CONICAL_SURFACE('',#6720,2.,0.785398163397);
#6720 = AXIS2_PLACEMENT_3D('',#6721,#6722,#6723);
#6721 = CARTESIAN_POINT('',(26.567811901986,-21.5,16.520305902373));
#6722 = DIRECTION('',(0.,1.,0.));
#6723 = DIRECTION('',(-0.743294146247,0.,-0.668964731622));
#6724 = ADVANCED_FACE('',(#6725,#6736),#6739,.F.);
#6725 = FACE_BOUND('',#6726,.T.);
#6726 = EDGE_LOOP('',(#6727));
#6727 = ORIENTED_EDGE('',*,*,#6728,.T.);
#6728 = EDGE_CURVE('',#6729,#6729,#6731,.T.);
#6729 = VERTEX_POINT('',#6730);
#6730 = CARTESIAN_POINT('',(42.306604240559,-14.,13.81166280198));
#6731 = CIRCLE('',#6732,6.6);
#6732 = AXIS2_PLACEMENT_3D('',#6733,#6734,#6735);
#6733 = CARTESIAN_POINT('',(37.89143701185,-14.,18.717404167212));
#6734 = DIRECTION('',(0.743294146247,-6.E-17,0.668964731622));
#6735 = DIRECTION('',(0.668964731622,0.,-0.743294146247));
#6736 = FACE_BOUND('',#6737,.T.);
#6737 = EDGE_LOOP('',(#6738));
#6738 = ORIENTED_EDGE('',*,*,#6333,.F.);
#6739 = PLANE('',#6740);
#6740 = AXIS2_PLACEMENT_3D('',#6741,#6742,#6743);
#6741 = CARTESIAN_POINT('',(37.89143701185,-14.,18.717404167212));
#6742 = DIRECTION('',(-0.743294146247,6.E-17,-0.668964731622));
#6743 = DIRECTION('',(-0.668964731622,0.,0.743294146247));
#6744 = ADVANCED_FACE('',(#6745),#6763,.T.);
#6745 = FACE_BOUND('',#6746,.T.);
#6746 = EDGE_LOOP('',(#6747,#6748,#6756,#6762));
#6747 = ORIENTED_EDGE('',*,*,#6362,.T.);
#6748 = ORIENTED_EDGE('',*,*,#6749,.T.);
#6749 = EDGE_CURVE('',#6363,#6750,#6752,.T.);
#6750 = VERTEX_POINT('',#6751);
#6751 = CARTESIAN_POINT('',(32.429542547216,-21.5,24.486588292494));
#6752 = LINE('',#6753,#6754);
#6753 = CARTESIAN_POINT('',(25.229882438741,-21.5,18.006894194867));
#6754 = VECTOR('',#6755,1.);
#6755 = DIRECTION('',(0.743294146247,0.,0.668964731622));
#6756 = ORIENTED_EDGE('',*,*,#6757,.F.);
#6757 = EDGE_CURVE('',#6388,#6750,#6758,.T.);
#6758 = LINE('',#6759,#6760);
#6759 = CARTESIAN_POINT('',(32.429542547216,-6.,24.486588292494));
#6760 = VECTOR('',#6761,1.);
#6761 = DIRECTION('',(0.,-1.,2.2E-16));
#6762 = ORIENTED_EDGE('',*,*,#6387,.F.);
#6763 = PLANE('',#6764);
#6764 = AXIS2_PLACEMENT_3D('',#6765,#6766,#6767);
#6765 = CARTESIAN_POINT('',(23.,3.55E-15,16.));
#6766 = DIRECTION('',(-0.668964731622,1.7E-16,0.743294146247));
#6767 = DIRECTION('',(0.743294146247,1.5E-16,0.668964731622));
#6768 = ADVANCED_FACE('',(#6769),#6788,.T.);
#6769 = FACE_BOUND('',#6770,.F.);
#6770 = EDGE_LOOP('',(#6771,#6772,#6773,#6781));
#6771 = ORIENTED_EDGE('',*,*,#6757,.F.);
#6772 = ORIENTED_EDGE('',*,*,#6395,.T.);
#6773 = ORIENTED_EDGE('',*,*,#6774,.T.);
#6774 = EDGE_CURVE('',#6396,#6775,#6777,.T.);
#6775 = VERTEX_POINT('',#6776);
#6776 = CARTESIAN_POINT('',(33.767472010461,-21.5,25.));
#6777 = LINE('',#6778,#6779);
#6778 = CARTESIAN_POINT('',(33.767472010461,-6.,25.));
#6779 = VECTOR('',#6780,1.);
#6780 = DIRECTION('',(0.,-1.,2.2E-16));
#6781 = ORIENTED_EDGE('',*,*,#6782,.F.);
#6782 = EDGE_CURVE('',#6750,#6775,#6783,.T.);
#6783 = CIRCLE('',#6784,2.);
#6784 = AXIS2_PLACEMENT_3D('',#6785,#6786,#6787);
#6785 = CARTESIAN_POINT('',(33.767472010461,-21.5,23.));
#6786 = DIRECTION('',(0.,1.,0.));
#6787 = DIRECTION('',(-0.668964731622,0.,0.743294146247));
#6788 = CYLINDRICAL_SURFACE('',#6789,2.);
#6789 = AXIS2_PLACEMENT_3D('',#6790,#6791,#6792);
#6790 = CARTESIAN_POINT('',(33.767472010461,-6.,23.));
#6791 = DIRECTION('',(0.,-1.,2.2E-16));
#6792 = DIRECTION('',(-0.668964731622,1.635247121744E-16,0.743294146247)
  );
#6793 = ADVANCED_FACE('',(#6794),#6829,.F.);
#6794 = FACE_BOUND('',#6795,.F.);
#6795 = EDGE_LOOP('',(#6796,#6797,#6798,#6806,#6815,#6823));
#6796 = ORIENTED_EDGE('',*,*,#6774,.F.);
#6797 = ORIENTED_EDGE('',*,*,#6404,.F.);
#6798 = ORIENTED_EDGE('',*,*,#6799,.T.);
#6799 = EDGE_CURVE('',#6405,#6800,#6802,.T.);
#6800 = VERTEX_POINT('',#6801);
#6801 = CARTESIAN_POINT('',(42.109275190585,-7.664067589739,25.));
#6802 = LINE('',#6803,#6804);
#6803 = CARTESIAN_POINT('',(42.109275190585,-6.,25.));
#6804 = VECTOR('',#6805,1.);
#6805 = DIRECTION('',(0.,-1.,2.2E-16));
#6806 = ORIENTED_EDGE('',*,*,#6807,.F.);
#6807 = EDGE_CURVE('',#6808,#6800,#6810,.T.);
#6808 = VERTEX_POINT('',#6809);
#6809 = CARTESIAN_POINT('',(42.109275190585,-20.33593241026,25.));
#6810 = ELLIPSE('',#6811,9.865990967854,6.6);
#6811 = AXIS2_PLACEMENT_3D('',#6812,#6813,#6814);
#6812 = CARTESIAN_POINT('',(44.872099048282,-14.,25.));
#6813 = DIRECTION('',(0.,-2.2E-16,-1.));
#6814 = DIRECTION('',(-1.,2.7E-16,-5.94E-32));
#6815 = ORIENTED_EDGE('',*,*,#6816,.T.);
#6816 = EDGE_CURVE('',#6808,#6817,#6819,.T.);
#6817 = VERTEX_POINT('',#6818);
#6818 = CARTESIAN_POINT('',(42.109275190585,-21.5,25.));
#6819 = LINE('',#6820,#6821);
#6820 = CARTESIAN_POINT('',(42.109275190585,-6.,25.));
#6821 = VECTOR('',#6822,1.);
#6822 = DIRECTION('',(0.,-1.,2.2E-16));
#6823 = ORIENTED_EDGE('',*,*,#6824,.F.);
#6824 = EDGE_CURVE('',#6775,#6817,#6825,.T.);
#6825 = LINE('',#6826,#6827);
#6826 = CARTESIAN_POINT('',(33.767472010461,-21.5,25.));
#6827 = VECTOR('',#6828,1.);
#6828 = DIRECTION('',(1.,-0.,-0.));
#6829 = PLANE('',#6830);
#6830 = AXIS2_PLACEMENT_3D('',#6831,#6832,#6833);
#6831 = CARTESIAN_POINT('',(66.,5.55E-15,25.));
#6832 = DIRECTION('',(-0.,-2.2E-16,-1.));
#6833 = DIRECTION('',(-1.,0.,0.));
#6834 = ADVANCED_FACE('',(#6835),#6911,.T.);
#6835 = FACE_BOUND('',#6836,.F.);
#6836 = EDGE_LOOP('',(#6837,#6838,#6847,#6855,#6904,#6910));
#6837 = ORIENTED_EDGE('',*,*,#6539,.F.);
#6838 = ORIENTED_EDGE('',*,*,#6839,.F.);
#6839 = EDGE_CURVE('',#6840,#6540,#6842,.T.);
#6840 = VERTEX_POINT('',#6841);
#6841 = CARTESIAN_POINT('',(47.974005433047,-21.5,-10.25404780926));
#6842 = CIRCLE('',#6843,2.);
#6843 = AXIS2_PLACEMENT_3D('',#6844,#6845,#6846);
#6844 = CARTESIAN_POINT('',(49.460593725541,-21.5,-8.916118346021));
#6845 = DIRECTION('',(0.,1.,0.));
#6846 = DIRECTION('',(-0.743294146247,0.,-0.668964731622));
#6847 = ORIENTED_EDGE('',*,*,#6848,.T.);
#6848 = EDGE_CURVE('',#6840,#6849,#6851,.T.);
#6849 = VERTEX_POINT('',#6850);
#6850 = CARTESIAN_POINT('',(47.974005433047,-16.9321001212,
    -10.25404780926));
#6851 = LINE('',#6852,#6853);
#6852 = CARTESIAN_POINT('',(47.974005433047,-22.,-10.25404780926));
#6853 = VECTOR('',#6854,1.);
#6854 = DIRECTION('',(0.,1.,-2.2E-16));
#6855 = ORIENTED_EDGE('',*,*,#6856,.F.);
#6856 = EDGE_CURVE('',#6857,#6849,#6859,.T.);
#6857 = VERTEX_POINT('',#6858);
#6858 = CARTESIAN_POINT('',(47.974005433047,-11.06789987879,
    -10.25404780926));
#6859 = B_SPLINE_CURVE_WITH_KNOTS('',7,(#6860,#6861,#6862,#6863,#6864,
    #6865,#6866,#6867,#6868,#6869,#6870,#6871,#6872,#6873,#6874,#6875,
    #6876,#6877,#6878,#6879,#6880,#6881,#6882,#6883,#6884,#6885,#6886,
    #6887,#6888,#6889,#6890,#6891,#6892,#6893,#6894,#6895,#6896,#6897,
    #6898,#6899,#6900,#6901,#6902,#6903),.UNSPECIFIED.,.F.,.F.,(8,6,6,6,
    6,6,6,8),(0.,7.298785142007E-02,0.245772858086,0.375507758467,
    0.500114652001,0.625497580754,0.754839013961,1.),.UNSPECIFIED.);
#6860 = CARTESIAN_POINT('',(47.974005433047,-11.06789987879,
    -10.25404780926));
#6861 = CARTESIAN_POINT('',(47.937398489649,-11.11867829275,
    -10.21337342771));
#6862 = CARTESIAN_POINT('',(47.903022668676,-11.17038029784,
    -10.17256694612));
#6863 = CARTESIAN_POINT('',(47.870779967879,-11.22293450477,
    -10.13175884165));
#6864 = CARTESIAN_POINT('',(47.840573436769,-11.27627133179,
    -10.09106661125));
#6865 = CARTESIAN_POINT('',(47.81230735499,-11.3303235573,
    -10.05059617992));
#6866 = CARTESIAN_POINT('',(47.785887410697,-11.38502687234,
    -10.01044330897));
#6867 = CARTESIAN_POINT('',(47.702827505618,-11.57121753577,
    -9.876598371076));
#6868 = CARTESIAN_POINT('',(47.654217963896,-11.70551796969,
    -9.78470046402));
#6869 = CARTESIAN_POINT('',(47.614083763324,-11.84265653353,
    -9.6959902425));
#6870 = CARTESIAN_POINT('',(47.581254574127,-11.98222755567,
    -9.611196454024));
#6871 = CARTESIAN_POINT('',(47.554677724802,-12.12398919501,
    -9.530900216167));
#6872 = CARTESIAN_POINT('',(47.533400271289,-12.26786177989,
    -9.455626453847));
#6873 = CARTESIAN_POINT('',(47.503904413243,-12.52358752831,
    -9.333571031341));
#6874 = CARTESIAN_POINT('',(47.49375188027,-12.63449818582,
    -9.284358154703));
#6875 = CARTESIAN_POINT('',(47.485743437679,-12.7465630568,
    -9.238563204318));
#6876 = CARTESIAN_POINT('',(47.479539372281,-12.85970788639,
    -9.196471493491));
#6877 = CARTESIAN_POINT('',(47.47481356048,-12.97388069837,
    -9.158364594977));
#6878 = CARTESIAN_POINT('',(47.471263165465,-13.08905856204,
    -9.124518163827));
#6879 = CARTESIAN_POINT('',(47.46609568054,-13.3168560017,
    -9.067038718665));
#6880 = CARTESIAN_POINT('',(47.464405847815,-13.42947844638,
    -9.043034317899));
#6881 = CARTESIAN_POINT('',(47.463335729648,-13.54283078938,
    -9.02350964025));
#6882 = CARTESIAN_POINT('',(47.462681910545,-13.65670026108,
    -9.008699549518));
#6883 = CARTESIAN_POINT('',(47.46229571201,-13.77093044699,
    -8.998761331525));
#6884 = CARTESIAN_POINT('',(47.46210220843,-13.8853998317,
    -8.993782082965));
#6885 = CARTESIAN_POINT('',(47.46210220843,-14.11531388296,
    -8.993782082965));
#6886 = CARTESIAN_POINT('',(47.462298130094,-14.23049279079,
    -8.998823543459));
#6887 = CARTESIAN_POINT('',(47.46268913215,-14.34542740139,
    -9.008885407764));
#6888 = CARTESIAN_POINT('',(47.463352029123,-14.45999495039,
    -9.023878403564));
#6889 = CARTESIAN_POINT('',(47.464439199084,-14.57403688619,
    -9.043641607922));
#6890 = CARTESIAN_POINT('',(47.466158917871,-14.68733688756,
    -9.067934870822));
#6891 = CARTESIAN_POINT('',(47.471398750478,-14.91540587096,
    -9.125818860822));
#6892 = CARTESIAN_POINT('',(47.474976115261,-15.03019986367,
    -9.159702090284));
#6893 = CARTESIAN_POINT('',(47.479729646311,-15.14399301854,
    -9.197812059628));
#6894 = CARTESIAN_POINT('',(47.48595991959,-15.25676268674,
    -9.239875533356));
#6895 = CARTESIAN_POINT('',(47.493990360826,-15.36845775959,
    -9.285613700057));
#6896 = CARTESIAN_POINT('',(47.504157854741,-15.47900531577,
    -9.334744320078));
#6897 = CARTESIAN_POINT('',(47.540798120251,-15.79551517321,
    -9.485999368163));
#6898 = CARTESIAN_POINT('',(47.573754234441,-15.99858129162,
    -9.596329126279));
#6899 = CARTESIAN_POINT('',(47.618183810882,-16.19752094365,
    -9.716388967121));
#6900 = CARTESIAN_POINT('',(47.676920948755,-16.39179530253,
    -9.844634897391));
#6901 = CARTESIAN_POINT('',(47.753197801517,-16.58028910041,
    -9.979126026827));
#6902 = CARTESIAN_POINT('',(47.850794148591,-16.76119064268,
    -10.11714638209));
#6903 = CARTESIAN_POINT('',(47.974005433047,-16.9321001212,
    -10.25404780926));
#6904 = ORIENTED_EDGE('',*,*,#6905,.T.);
#6905 = EDGE_CURVE('',#6857,#6473,#6906,.T.);
#6906 = LINE('',#6907,#6908);
#6907 = CARTESIAN_POINT('',(47.974005433047,-22.,-10.25404780926));
#6908 = VECTOR('',#6909,1.);
#6909 = DIRECTION('',(0.,1.,-2.2E-16));
#6910 = ORIENTED_EDGE('',*,*,#6480,.F.);
#6911 = CYLINDRICAL_SURFACE('',#6912,2.);
#6912 = AXIS2_PLACEMENT_3D('',#6913,#6914,#6915);
#6913 = CARTESIAN_POINT('',(49.460593725541,-22.,-8.916118346021));
#6914 = DIRECTION('',(0.,1.,-2.2E-16));
#6915 = DIRECTION('',(-0.727737978888,1.50888156625E-16,0.685855257386)
  );
#6916 = ADVANCED_FACE('',(#6917),#6944,.T.);
#6917 = FACE_BOUND('',#6918,.T.);
#6918 = EDGE_LOOP('',(#6919,#6927,#6928,#6929));
#6919 = ORIENTED_EDGE('',*,*,#6920,.F.);
#6920 = EDGE_CURVE('',#6413,#6921,#6923,.T.);
#6921 = VERTEX_POINT('',#6922);
#6922 = CARTESIAN_POINT('',(43.59586348308,-7.409915476188,
    24.337929463245));
#6923 = LINE('',#6924,#6925);
#6924 = CARTESIAN_POINT('',(43.59586348308,-6.,24.337929463245));
#6925 = VECTOR('',#6926,1.);
#6926 = DIRECTION('',(0.,-1.,2.2E-16));
#6927 = ORIENTED_EDGE('',*,*,#6412,.T.);
#6928 = ORIENTED_EDGE('',*,*,#6799,.T.);
#6929 = ORIENTED_EDGE('',*,*,#6930,.F.);
#6930 = EDGE_CURVE('',#6921,#6800,#6931,.T.);
#6931 = B_SPLINE_CURVE_WITH_KNOTS('',6,(#6932,#6933,#6934,#6935,#6936,
    #6937,#6938,#6939,#6940,#6941,#6942,#6943),.UNSPECIFIED.,.F.,.F.,(7,
    5,7),(0.,0.487627278979,1.),.UNSPECIFIED.);
#6932 = CARTESIAN_POINT('',(43.59586348308,-7.409915476188,
    24.337929463245));
#6933 = CARTESIAN_POINT('',(43.496254366172,-7.418086669032,
    24.448606259808));
#6934 = CARTESIAN_POINT('',(43.387467452076,-7.430248919338,
    24.549594921117));
#6935 = CARTESIAN_POINT('',(43.271157656447,-7.446202933778,
    24.639588524367));
#6936 = CARTESIAN_POINT('',(43.149354924633,-7.465393259627,
    24.717714614428));
#6937 = CARTESIAN_POINT('',(43.024364137334,-7.486950762331,
    24.783624562663));
#6938 = CARTESIAN_POINT('',(42.766669038853,-7.534016919826,
    24.894329491867));
#6939 = CARTESIAN_POINT('',(42.633312090601,-7.559777010522,
    24.93813374743));
#6940 = CARTESIAN_POINT('',(42.499954416323,-7.586366846052,
    24.969819510348));
#6941 = CARTESIAN_POINT('',(42.367632912713,-7.613027589052,
    24.990184169672));
#6942 = CARTESIAN_POINT('',(42.237179968739,-7.639108090108,25.));
#6943 = CARTESIAN_POINT('',(42.109275190585,-7.664067589739,25.));
#6944 = CYLINDRICAL_SURFACE('',#6945,2.);
#6945 = AXIS2_PLACEMENT_3D('',#6946,#6947,#6948);
#6946 = CARTESIAN_POINT('',(42.109275190585,-6.,23.));
#6947 = DIRECTION('',(0.,-1.,2.2E-16));
#6948 = DIRECTION('',(0.743294146247,1.471722409569E-16,0.668964731622)
  );
#6949 = ADVANCED_FACE('',(#6950),#6985,.F.);
#6950 = FACE_BOUND('',#6951,.F.);
#6951 = EDGE_LOOP('',(#6952,#6960,#6961,#6962,#6971,#6978,#6979));
#6952 = ORIENTED_EDGE('',*,*,#6953,.F.);
#6953 = EDGE_CURVE('',#6464,#6954,#6956,.T.);
#6954 = VERTEX_POINT('',#6955);
#6955 = CARTESIAN_POINT('',(53.129674075267,-21.5,-15.98256852284));
#6956 = LINE('',#6957,#6958);
#6957 = CARTESIAN_POINT('',(53.129674075267,-6.,-15.98256852284));
#6958 = VECTOR('',#6959,1.);
#6959 = DIRECTION('',(0.,-1.,2.2E-16));
#6960 = ORIENTED_EDGE('',*,*,#6472,.F.);
#6961 = ORIENTED_EDGE('',*,*,#6905,.F.);
#6962 = ORIENTED_EDGE('',*,*,#6963,.T.);
#6963 = EDGE_CURVE('',#6857,#6964,#6966,.T.);
#6964 = VERTEX_POINT('',#6965);
#6965 = CARTESIAN_POINT('',(52.469988056408,-14.,-15.24958405744));
#6966 = CIRCLE('',#6967,4.);
#6967 = AXIS2_PLACEMENT_3D('',#6968,#6969,#6970);
#6968 = CARTESIAN_POINT('',(49.794129129918,-14.,-12.27640747245));
#6969 = DIRECTION('',(-0.743294146247,6.E-17,-0.668964731622));
#6970 = DIRECTION('',(0.668964731622,0.,-0.743294146247));
#6971 = ORIENTED_EDGE('',*,*,#6972,.T.);
#6972 = EDGE_CURVE('',#6964,#6849,#6973,.T.);
#6973 = CIRCLE('',#6974,4.);
#6974 = AXIS2_PLACEMENT_3D('',#6975,#6976,#6977);
#6975 = CARTESIAN_POINT('',(49.794129129918,-14.,-12.27640747245));
#6976 = DIRECTION('',(-0.743294146247,6.E-17,-0.668964731622));
#6977 = DIRECTION('',(0.668964731622,0.,-0.743294146247));
#6978 = ORIENTED_EDGE('',*,*,#6848,.F.);
#6979 = ORIENTED_EDGE('',*,*,#6980,.F.);
#6980 = EDGE_CURVE('',#6954,#6840,#6981,.T.);
#6981 = LINE('',#6982,#6983);
#6982 = CARTESIAN_POINT('',(53.129674075267,-21.5,-15.98256852284));
#6983 = VECTOR('',#6984,1.);
#6984 = DIRECTION('',(-0.668964731622,-0.,0.743294146247));
#6985 = PLANE('',#6986);
#6986 = AXIS2_PLACEMENT_3D('',#6987,#6988,#6989);
#6987 = CARTESIAN_POINT('',(23.743294146247,3.7E-15,16.668964731622));
#6988 = DIRECTION('',(0.743294146247,1.5E-16,0.668964731622));
#6989 = DIRECTION('',(0.668964731622,-1.7E-16,-0.743294146247));
#6990 = ADVANCED_FACE('',(#6991),#7052,.T.);
#6991 = FACE_BOUND('',#6992,.T.);
#6992 = EDGE_LOOP('',(#6993,#7003,#7012,#7018,#7019,#7020,#7029,#7038,
    #7046));
#6993 = ORIENTED_EDGE('',*,*,#6994,.F.);
#6994 = EDGE_CURVE('',#6995,#6997,#6999,.T.);
#6995 = VERTEX_POINT('',#6996);
#6996 = CARTESIAN_POINT('',(65.486588292494,-20.45801263354,
    1.490189722862E-02));
#6997 = VERTEX_POINT('',#6998);
#6998 = CARTESIAN_POINT('',(65.486588292494,-21.5,1.490189722852E-02));
#6999 = LINE('',#7000,#7001);
#7000 = CARTESIAN_POINT('',(65.486588292494,-6.,1.490189722852E-02));
#7001 = VECTOR('',#7002,1.);
#7002 = DIRECTION('',(0.,-1.,2.2E-16));
#7003 = ORIENTED_EDGE('',*,*,#7004,.F.);
#7004 = EDGE_CURVE('',#7005,#6995,#7007,.T.);
#7005 = VERTEX_POINT('',#7006);
#7006 = CARTESIAN_POINT('',(65.486588292494,-7.541987366456,
    1.490189722862E-02));
#7007 = CIRCLE('',#7008,6.6);
#7008 = AXIS2_PLACEMENT_3D('',#7009,#7010,#7011);
#7009 = CARTESIAN_POINT('',(64.575696862124,-14.,1.027003486529));
#7010 = DIRECTION('',(0.743294146247,-6.E-17,0.668964731622));
#7011 = DIRECTION('',(0.668964731622,0.,-0.743294146247));
#7012 = ORIENTED_EDGE('',*,*,#7013,.F.);
#7013 = EDGE_CURVE('',#6422,#7005,#7014,.T.);
#7014 = LINE('',#7015,#7016);
#7015 = CARTESIAN_POINT('',(65.486588292494,-6.,1.490189722852E-02));
#7016 = VECTOR('',#7017,1.);
#7017 = DIRECTION('',(0.,-1.,2.2E-16));
#7018 = ORIENTED_EDGE('',*,*,#6421,.F.);
#7019 = ORIENTED_EDGE('',*,*,#6920,.T.);
#7020 = ORIENTED_EDGE('',*,*,#7021,.F.);
#7021 = EDGE_CURVE('',#7022,#6921,#7024,.T.);
#7022 = VERTEX_POINT('',#7023);
#7023 = CARTESIAN_POINT('',(48.252957410536,-14.,19.16338065496));
#7024 = CIRCLE('',#7025,6.6);
#7025 = AXIS2_PLACEMENT_3D('',#7026,#7027,#7028);
#7026 = CARTESIAN_POINT('',(43.837790181828,-14.,24.069122020191));
#7027 = DIRECTION('',(0.743294146247,-6.E-17,0.668964731622));
#7028 = DIRECTION('',(0.668964731622,0.,-0.743294146247));
#7029 = ORIENTED_EDGE('',*,*,#7030,.F.);
#7030 = EDGE_CURVE('',#7031,#7022,#7033,.T.);
#7031 = VERTEX_POINT('',#7032);
#7032 = CARTESIAN_POINT('',(43.59586348308,-20.59008452381,
    24.337929463245));
#7033 = CIRCLE('',#7034,6.6);
#7034 = AXIS2_PLACEMENT_3D('',#7035,#7036,#7037);
#7035 = CARTESIAN_POINT('',(43.837790181828,-14.,24.069122020191));
#7036 = DIRECTION('',(0.743294146247,-6.E-17,0.668964731622));
#7037 = DIRECTION('',(0.668964731622,0.,-0.743294146247));
#7038 = ORIENTED_EDGE('',*,*,#7039,.T.);
#7039 = EDGE_CURVE('',#7031,#7040,#7042,.T.);
#7040 = VERTEX_POINT('',#7041);
#7041 = CARTESIAN_POINT('',(43.59586348308,-21.5,24.337929463245));
#7042 = LINE('',#7043,#7044);
#7043 = CARTESIAN_POINT('',(43.59586348308,-6.,24.337929463245));
#7044 = VECTOR('',#7045,1.);
#7045 = DIRECTION('',(0.,-1.,2.2E-16));
#7046 = ORIENTED_EDGE('',*,*,#7047,.T.);
#7047 = EDGE_CURVE('',#7040,#6997,#7048,.T.);
#7048 = LINE('',#7049,#7050);
#7049 = CARTESIAN_POINT('',(43.59586348308,-21.5,24.337929463245));
#7050 = VECTOR('',#7051,1.);
#7051 = DIRECTION('',(0.668964731622,0.,-0.743294146247));
#7052 = PLANE('',#7053);
#7053 = AXIS2_PLACEMENT_3D('',#7054,#7055,#7056);
#7054 = CARTESIAN_POINT('',(43.,5.55E-15,25.));
#7055 = DIRECTION('',(0.743294146247,1.5E-16,0.668964731622));
#7056 = DIRECTION('',(0.668964731622,-1.7E-16,-0.743294146247));
#7057 = ADVANCED_FACE('',(#7058),#7077,.T.);
#7058 = FACE_BOUND('',#7059,.T.);
#7059 = EDGE_LOOP('',(#7060,#7061,#7062,#7070));
#7060 = ORIENTED_EDGE('',*,*,#6953,.F.);
#7061 = ORIENTED_EDGE('',*,*,#6463,.T.);
#7062 = ORIENTED_EDGE('',*,*,#7063,.T.);
#7063 = EDGE_CURVE('',#6456,#7064,#7066,.T.);
#7064 = VERTEX_POINT('',#7065);
#7065 = CARTESIAN_POINT('',(55.954191831007,-21.5,-16.13122735209));
#7066 = LINE('',#7067,#7068);
#7067 = CARTESIAN_POINT('',(55.954191831007,-6.,-16.13122735209));
#7068 = VECTOR('',#7069,1.);
#7069 = DIRECTION('',(0.,-1.,2.2E-16));
#7070 = ORIENTED_EDGE('',*,*,#7071,.T.);
#7071 = EDGE_CURVE('',#7064,#6954,#7072,.T.);
#7072 = CIRCLE('',#7073,2.);
#7073 = AXIS2_PLACEMENT_3D('',#7074,#7075,#7076);
#7074 = CARTESIAN_POINT('',(54.616262367762,-21.5,-14.6446390596));
#7075 = DIRECTION('',(0.,1.,0.));
#7076 = DIRECTION('',(0.668964731622,0.,-0.743294146247));
#7077 = CYLINDRICAL_SURFACE('',#7078,2.);
#7078 = AXIS2_PLACEMENT_3D('',#7079,#7080,#7081);
#7079 = CARTESIAN_POINT('',(54.616262367762,-6.,-14.6446390596));
#7080 = DIRECTION('',(0.,-1.,2.2E-16));
#7081 = DIRECTION('',(-0.743294146247,-1.471722409569E-16,
    -0.668964731622));
#7082 = ADVANCED_FACE('',(#7083),#7110,.T.);
#7083 = FACE_BOUND('',#7084,.T.);
#7084 = EDGE_LOOP('',(#7085,#7093,#7094,#7095));
#7085 = ORIENTED_EDGE('',*,*,#7086,.F.);
#7086 = EDGE_CURVE('',#6430,#7087,#7089,.T.);
#7087 = VERTEX_POINT('',#7088);
#7088 = CARTESIAN_POINT('',(66.,-7.977350565996,-1.323027566016));
#7089 = LINE('',#7090,#7091);
#7090 = CARTESIAN_POINT('',(66.,-6.,-1.323027566016));
#7091 = VECTOR('',#7092,1.);
#7092 = DIRECTION('',(0.,-1.,2.2E-16));
#7093 = ORIENTED_EDGE('',*,*,#6429,.T.);
#7094 = ORIENTED_EDGE('',*,*,#7013,.T.);
#7095 = ORIENTED_EDGE('',*,*,#7096,.F.);
#7096 = EDGE_CURVE('',#7087,#7005,#7097,.T.);
#7097 = B_SPLINE_CURVE_WITH_KNOTS('',6,(#7098,#7099,#7100,#7101,#7102,
    #7103,#7104,#7105,#7106,#7107,#7108,#7109),.UNSPECIFIED.,.F.,.F.,(7,
    5,7),(0.,0.54490761556,1.),.UNSPECIFIED.);
#7098 = CARTESIAN_POINT('',(66.,-7.977350565996,-1.323027566016));
#7099 = CARTESIAN_POINT('',(66.,-7.936994309594,-1.201900084841));
#7100 = CARTESIAN_POINT('',(65.991196747331,-7.89524126292,
    -1.078679867967));
#7101 = CARTESIAN_POINT('',(65.973020647211,-7.852649740423,
    -0.953933373689));
#7102 = CARTESIAN_POINT('',(65.944866708891,-7.809848295134,
    -0.828337582096));
#7103 = CARTESIAN_POINT('',(65.906108264994,-7.767510421681,
    -0.702727379326));
#7104 = CARTESIAN_POINT('',(65.814354043316,-7.691935845002,
    -0.474093324792));
#7105 = CARTESIAN_POINT('',(65.764685942461,-7.658289635878,
    -0.370579941473));
#7106 = CARTESIAN_POINT('',(65.706924675117,-7.625994698642,
    -0.268808348786));
#7107 = CARTESIAN_POINT('',(65.641120570377,-7.595592162934,
    -0.169931080342));
#7108 = CARTESIAN_POINT('',(65.567529455135,-7.567498556634,
    -7.503272792724E-02));
#7109 = CARTESIAN_POINT('',(65.486588292494,-7.541987366456,
    1.490189722852E-02));
#7110 = CYLINDRICAL_SURFACE('',#7111,2.);
#7111 = AXIS2_PLACEMENT_3D('',#7112,#7113,#7114);
#7112 = CARTESIAN_POINT('',(64.,-6.,-1.323027566016));
#7113 = DIRECTION('',(0.,-1.,2.2E-16));
#7114 = DIRECTION('',(1.,0.,0.));
#7115 = ADVANCED_FACE('',(#7116),#7134,.T.);
#7116 = FACE_BOUND('',#7117,.T.);
#7117 = EDGE_LOOP('',(#7118,#7126,#7132,#7133));
#7118 = ORIENTED_EDGE('',*,*,#7119,.T.);
#7119 = EDGE_CURVE('',#6447,#7120,#7122,.T.);
#7120 = VERTEX_POINT('',#7121);
#7121 = CARTESIAN_POINT('',(65.337929463245,-21.5,-7.68586348308));
#7122 = LINE('',#7123,#7124);
#7123 = CARTESIAN_POINT('',(65.337929463245,-6.,-7.68586348308));
#7124 = VECTOR('',#7125,1.);
#7125 = DIRECTION('',(0.,-1.,2.2E-16));
#7126 = ORIENTED_EDGE('',*,*,#7127,.T.);
#7127 = EDGE_CURVE('',#7120,#7064,#7128,.T.);
#7128 = LINE('',#7129,#7130);
#7129 = CARTESIAN_POINT('',(65.337929463245,-21.5,-7.68586348308));
#7130 = VECTOR('',#7131,1.);
#7131 = DIRECTION('',(-0.743294146247,0.,-0.668964731622));
#7132 = ORIENTED_EDGE('',*,*,#7063,.F.);
#7133 = ORIENTED_EDGE('',*,*,#6455,.F.);
#7134 = PLANE('',#7135);
#7135 = AXIS2_PLACEMENT_3D('',#7136,#7137,#7138);
#7136 = CARTESIAN_POINT('',(66.,-1.57E-15,-7.09));
#7137 = DIRECTION('',(0.668964731622,-1.7E-16,-0.743294146247));
#7138 = DIRECTION('',(-0.743294146247,-1.5E-16,-0.668964731622));
#7139 = ADVANCED_FACE('',(#7140),#7159,.F.);
#7140 = FACE_BOUND('',#7141,.F.);
#7141 = EDGE_LOOP('',(#7142,#7143,#7151,#7158));
#7142 = ORIENTED_EDGE('',*,*,#6438,.F.);
#7143 = ORIENTED_EDGE('',*,*,#7144,.T.);
#7144 = EDGE_CURVE('',#6439,#7145,#7147,.T.);
#7145 = VERTEX_POINT('',#7146);
#7146 = CARTESIAN_POINT('',(66.,-12.11154159269,-6.199275190585));
#7147 = LINE('',#7148,#7149);
#7148 = CARTESIAN_POINT('',(66.,-6.,-6.199275190585));
#7149 = VECTOR('',#7150,1.);
#7150 = DIRECTION('',(0.,-1.,2.2E-16));
#7151 = ORIENTED_EDGE('',*,*,#7152,.F.);
#7152 = EDGE_CURVE('',#7087,#7145,#7153,.T.);
#7153 = ELLIPSE('',#7154,8.879391871069,6.6);
#7154 = AXIS2_PLACEMENT_3D('',#7155,#7156,#7157);
#7155 = CARTESIAN_POINT('',(66.,-14.,2.308876310618));
#7156 = DIRECTION('',(-1.,0.,0.));
#7157 = DIRECTION('',(0.,8.E-17,-1.));
#7158 = ORIENTED_EDGE('',*,*,#7086,.F.);
#7159 = PLANE('',#7160);
#7160 = AXIS2_PLACEMENT_3D('',#7161,#7162,#7163);
#7161 = CARTESIAN_POINT('',(66.,-5.55E-15,-25.));
#7162 = DIRECTION('',(-1.,0.,0.));
#7163 = DIRECTION('',(0.,2.2E-16,1.));
#7164 = ADVANCED_FACE('',(#7165),#7211,.T.);
#7165 = FACE_BOUND('',#7166,.T.);
#7166 = EDGE_LOOP('',(#7167,#7168,#7169,#7170,#7183,#7196,#7204));
#7167 = ORIENTED_EDGE('',*,*,#7119,.F.);
#7168 = ORIENTED_EDGE('',*,*,#6446,.T.);
#7169 = ORIENTED_EDGE('',*,*,#7144,.T.);
#7170 = ORIENTED_EDGE('',*,*,#7171,.F.);
#7171 = EDGE_CURVE('',#7172,#7145,#7174,.T.);
#7172 = VERTEX_POINT('',#7173);
#7173 = CARTESIAN_POINT('',(65.957660904163,-14.,-6.608620746704));
#7174 = B_SPLINE_CURVE_WITH_KNOTS('',7,(#7175,#7176,#7177,#7178,#7179,
    #7180,#7181,#7182),.UNSPECIFIED.,.F.,.F.,(8,8),(0.,1.),
  .PIECEWISE_BEZIER_KNOTS.);
#7175 = CARTESIAN_POINT('',(65.957660904162,-14.,-6.608620746705));
#7176 = CARTESIAN_POINT('',(65.957660904162,-13.71981654263,
    -6.608620746705));
#7177 = CARTESIAN_POINT('',(65.962469159668,-13.44545263279,
    -6.585624702104));
#7178 = CARTESIAN_POINT('',(65.971728860399,-13.17388749566,
    -6.541345087838));
#7179 = CARTESIAN_POINT('',(65.983270941166,-12.90330831821,
    -6.477647330461));
#7180 = CARTESIAN_POINT('',(65.993774747039,-12.63404099702,
    -6.396917467809));
#7181 = CARTESIAN_POINT('',(66.,-12.36867327697,-6.302576631388));
#7182 = CARTESIAN_POINT('',(66.,-12.11154159269,-6.199275190585));
#7183 = ORIENTED_EDGE('',*,*,#7184,.F.);
#7184 = EDGE_CURVE('',#7185,#7172,#7187,.T.);
#7185 = VERTEX_POINT('',#7186);
#7186 = CARTESIAN_POINT('',(66.,-15.8884584073,-6.199275190585));
#7187 = B_SPLINE_CURVE_WITH_KNOTS('',7,(#7188,#7189,#7190,#7191,#7192,
    #7193,#7194,#7195),.UNSPECIFIED.,.F.,.F.,(8,8),(0.,1.),
  .PIECEWISE_BEZIER_KNOTS.);
#7188 = CARTESIAN_POINT('',(66.,-15.8884584073,-6.199275190585));
#7189 = CARTESIAN_POINT('',(66.,-15.63133028277,-6.302575201277));
#7190 = CARTESIAN_POINT('',(65.993774920865,-15.36596232611,
    -6.396916472721));
#7191 = CARTESIAN_POINT('',(65.983271020387,-15.09669255955,
    -6.477647426033));
#7192 = CARTESIAN_POINT('',(65.971728708831,-14.82611071759,
    -6.541345763754));
#7193 = CARTESIAN_POINT('',(65.96246906569,-14.55454411157,-6.5856251621
    ));
#7194 = CARTESIAN_POINT('',(65.957660904162,-14.28018064297,
    -6.608620746705));
#7195 = CARTESIAN_POINT('',(65.957660904162,-14.,-6.608620746705));
#7196 = ORIENTED_EDGE('',*,*,#7197,.T.);
#7197 = EDGE_CURVE('',#7185,#7198,#7200,.T.);
#7198 = VERTEX_POINT('',#7199);
#7199 = CARTESIAN_POINT('',(66.,-21.5,-6.199275190585));
#7200 = LINE('',#7201,#7202);
#7201 = CARTESIAN_POINT('',(66.,-6.,-6.199275190585));
#7202 = VECTOR('',#7203,1.);
#7203 = DIRECTION('',(0.,-1.,2.2E-16));
#7204 = ORIENTED_EDGE('',*,*,#7205,.T.);
#7205 = EDGE_CURVE('',#7198,#7120,#7206,.T.);
#7206 = CIRCLE('',#7207,2.);
#7207 = AXIS2_PLACEMENT_3D('',#7208,#7209,#7210);
#7208 = CARTESIAN_POINT('',(64.,-21.5,-6.199275190585));
#7209 = DIRECTION('',(0.,1.,0.));
#7210 = DIRECTION('',(1.,-0.,1.78E-15));
#7211 = CYLINDRICAL_SURFACE('',#7212,2.);
#7212 = AXIS2_PLACEMENT_3D('',#7213,#7214,#7215);
#7213 = CARTESIAN_POINT('',(64.,-6.,-6.199275190585));
#7214 = DIRECTION('',(0.,-1.,2.2E-16));
#7215 = DIRECTION('',(0.668964731622,-1.635247121744E-16,-0.743294146247
    ));
#7216 = ADVANCED_FACE('',(#7217),#7228,.F.);
#7217 = FACE_BOUND('',#7218,.T.);
#7218 = EDGE_LOOP('',(#7219,#7225,#7226,#7227));
#7219 = ORIENTED_EDGE('',*,*,#7220,.F.);
#7220 = EDGE_CURVE('',#6645,#6548,#7221,.T.);
#7221 = LINE('',#7222,#7223);
#7222 = CARTESIAN_POINT('',(51.,-21.5,-8.9E-16));
#7223 = VECTOR('',#7224,1.);
#7224 = DIRECTION('',(-0.707106781187,0.707106781187,6.E-17));
#7225 = ORIENTED_EDGE('',*,*,#6653,.T.);
#7226 = ORIENTED_EDGE('',*,*,#6514,.T.);
#7227 = ORIENTED_EDGE('',*,*,#6556,.F.);
#7228 = CONICAL_SURFACE('',#7229,11.,0.785398163397);
#7229 = AXIS2_PLACEMENT_3D('',#7230,#7231,#7232);
#7230 = CARTESIAN_POINT('',(40.,-21.5,0.));
#7231 = DIRECTION('',(-0.,-1.,-0.));
#7232 = DIRECTION('',(1.,-0.,6.9E-16));
#7233 = ADVANCED_FACE('',(#7234),#7245,.F.);
#7234 = FACE_BOUND('',#7235,.T.);
#7235 = EDGE_LOOP('',(#7236,#7242,#7243,#7244));
#7236 = ORIENTED_EDGE('',*,*,#7237,.F.);
#7237 = EDGE_CURVE('',#6636,#6540,#7238,.T.);
#7238 = LINE('',#7239,#7240);
#7239 = CARTESIAN_POINT('',(48.005117767766,-21.5,-7.544407831249));
#7240 = VECTOR('',#7241,1.);
#7241 = DIRECTION('',(-0.514588459799,0.707106781187,0.48497290341));
#7242 = ORIENTED_EDGE('',*,*,#6644,.T.);
#7243 = ORIENTED_EDGE('',*,*,#7220,.T.);
#7244 = ORIENTED_EDGE('',*,*,#6547,.F.);
#7245 = CONICAL_SURFACE('',#7246,11.,0.785398163397);
#7246 = AXIS2_PLACEMENT_3D('',#7247,#7248,#7249);
#7247 = CARTESIAN_POINT('',(40.,-21.5,0.));
#7248 = DIRECTION('',(-0.,-1.,-0.));
#7249 = DIRECTION('',(0.727737978888,0.,-0.685855257386));
#7250 = ADVANCED_FACE('',(#7251),#7267,.F.);
#7251 = FACE_BOUND('',#7252,.T.);
#7252 = EDGE_LOOP('',(#7253,#7259,#7260,#7266));
#7253 = ORIENTED_EDGE('',*,*,#7254,.F.);
#7254 = EDGE_CURVE('',#6575,#7040,#7255,.T.);
#7255 = LINE('',#7256,#7257);
#7256 = CARTESIAN_POINT('',(43.410039946518,-21.75,24.170688280339));
#7257 = VECTOR('',#7258,1.);
#7258 = DIRECTION('',(0.525588331228,0.707106781187,0.473029498105));
#7259 = ORIENTED_EDGE('',*,*,#6574,.T.);
#7260 = ORIENTED_EDGE('',*,*,#7261,.T.);
#7261 = EDGE_CURVE('',#6577,#6997,#7262,.T.);
#7262 = LINE('',#7263,#7264);
#7263 = CARTESIAN_POINT('',(65.300764755933,-21.75,-0.152339285677));
#7264 = VECTOR('',#7265,1.);
#7265 = DIRECTION('',(0.525588331228,0.707106781187,0.473029498105));
#7266 = ORIENTED_EDGE('',*,*,#7047,.F.);
#7267 = PLANE('',#7268);
#7268 = AXIS2_PLACEMENT_3D('',#7269,#7270,#7271);
#7269 = CARTESIAN_POINT('',(43.410039946518,-21.75,24.170688280339));
#7270 = DIRECTION('',(-0.525588331228,0.707106781187,-0.473029498105));
#7271 = DIRECTION('',(-0.668964731622,-1.110223024625E-16,0.743294146247
    ));
#7272 = ADVANCED_FACE('',(#7273),#7290,.T.);
#7273 = FACE_BOUND('',#7274,.T.);
#7274 = EDGE_LOOP('',(#7275,#7281,#7282,#7283));
#7275 = ORIENTED_EDGE('',*,*,#7276,.F.);
#7276 = EDGE_CURVE('',#6689,#6817,#7277,.T.);
#7277 = LINE('',#7278,#7279);
#7278 = CARTESIAN_POINT('',(42.109275190585,-21.75,24.75));
#7279 = VECTOR('',#7280,1.);
#7280 = DIRECTION('',(0.,0.707106781187,0.707106781187));
#7281 = ORIENTED_EDGE('',*,*,#6696,.T.);
#7282 = ORIENTED_EDGE('',*,*,#7254,.T.);
#7283 = ORIENTED_EDGE('',*,*,#7284,.F.);
#7284 = EDGE_CURVE('',#6817,#7040,#7285,.T.);
#7285 = CIRCLE('',#7286,2.);
#7286 = AXIS2_PLACEMENT_3D('',#7287,#7288,#7289);
#7287 = CARTESIAN_POINT('',(42.109275190585,-21.5,23.));
#7288 = DIRECTION('',(0.,1.,0.));
#7289 = DIRECTION('',(0.,-0.,1.));
#7290 = CONICAL_SURFACE('',#7291,2.,0.785398163397);
#7291 = AXIS2_PLACEMENT_3D('',#7292,#7293,#7294);
#7292 = CARTESIAN_POINT('',(42.109275190585,-21.5,23.));
#7293 = DIRECTION('',(0.,1.,0.));
#7294 = DIRECTION('',(0.,-0.,1.));
#7295 = ADVANCED_FACE('',(#7296),#7315,.T.);
#7296 = FACE_BOUND('',#7297,.T.);
#7297 = EDGE_LOOP('',(#7298,#7299,#7300,#7308));
#7298 = ORIENTED_EDGE('',*,*,#7261,.F.);
#7299 = ORIENTED_EDGE('',*,*,#6584,.T.);
#7300 = ORIENTED_EDGE('',*,*,#7301,.T.);
#7301 = EDGE_CURVE('',#6585,#7302,#7304,.T.);
#7302 = VERTEX_POINT('',#7303);
#7303 = CARTESIAN_POINT('',(66.,-21.5,-1.323027566016));
#7304 = LINE('',#7305,#7306);
#7305 = CARTESIAN_POINT('',(66.,-21.5,-1.323027566016));
#7306 = VECTOR('',#7307,1.);
#7307 = DIRECTION('',(0.707106781187,0.707106781187,1.28E-15));
#7308 = ORIENTED_EDGE('',*,*,#7309,.F.);
#7309 = EDGE_CURVE('',#6997,#7302,#7310,.T.);
#7310 = CIRCLE('',#7311,2.);
#7311 = AXIS2_PLACEMENT_3D('',#7312,#7313,#7314);
#7312 = CARTESIAN_POINT('',(64.,-21.5,-1.323027566016));
#7313 = DIRECTION('',(0.,1.,0.));
#7314 = DIRECTION('',(0.743294146247,-0.,0.668964731622));
#7315 = CONICAL_SURFACE('',#7316,2.,0.785398163397);
#7316 = AXIS2_PLACEMENT_3D('',#7317,#7318,#7319);
#7317 = CARTESIAN_POINT('',(64.,-21.5,-1.323027566016));
#7318 = DIRECTION('',(0.,1.,0.));
#7319 = DIRECTION('',(0.743294146247,-0.,0.668964731622));
#7320 = ADVANCED_FACE('',(#7321),#7332,.T.);
#7321 = FACE_BOUND('',#7322,.T.);
#7322 = EDGE_LOOP('',(#7323,#7329,#7330,#7331));
#7323 = ORIENTED_EDGE('',*,*,#7324,.F.);
#7324 = EDGE_CURVE('',#6680,#6775,#7325,.T.);
#7325 = LINE('',#7326,#7327);
#7326 = CARTESIAN_POINT('',(33.767472010461,-21.5,25.));
#7327 = VECTOR('',#7328,1.);
#7328 = DIRECTION('',(1.33E-15,0.707106781187,0.707106781187));
#7329 = ORIENTED_EDGE('',*,*,#6688,.T.);
#7330 = ORIENTED_EDGE('',*,*,#7276,.T.);
#7331 = ORIENTED_EDGE('',*,*,#6824,.F.);
#7332 = PLANE('',#7333);
#7333 = AXIS2_PLACEMENT_3D('',#7334,#7335,#7336);
#7334 = CARTESIAN_POINT('',(33.767472010461,-21.75,24.75));
#7335 = DIRECTION('',(0.,-0.707106781187,0.707106781187));
#7336 = DIRECTION('',(1.,0.,0.));
#7337 = ADVANCED_FACE('',(#7338),#7354,.T.);
#7338 = FACE_BOUND('',#7339,.T.);
#7339 = EDGE_LOOP('',(#7340,#7341,#7342,#7348));
#7340 = ORIENTED_EDGE('',*,*,#7301,.F.);
#7341 = ORIENTED_EDGE('',*,*,#6593,.T.);
#7342 = ORIENTED_EDGE('',*,*,#7343,.T.);
#7343 = EDGE_CURVE('',#6594,#7198,#7344,.T.);
#7344 = LINE('',#7345,#7346);
#7345 = CARTESIAN_POINT('',(65.75,-21.75,-6.199275190585));
#7346 = VECTOR('',#7347,1.);
#7347 = DIRECTION('',(0.707106781187,0.707106781187,-1.6E-16));
#7348 = ORIENTED_EDGE('',*,*,#7349,.F.);
#7349 = EDGE_CURVE('',#7302,#7198,#7350,.T.);
#7350 = LINE('',#7351,#7352);
#7351 = CARTESIAN_POINT('',(66.,-21.5,-1.323027566016));
#7352 = VECTOR('',#7353,1.);
#7353 = DIRECTION('',(-0.,-2.2E-16,-1.));
#7354 = PLANE('',#7355);
#7355 = AXIS2_PLACEMENT_3D('',#7356,#7357,#7358);
#7356 = CARTESIAN_POINT('',(65.75,-21.75,-1.323027566016));
#7357 = DIRECTION('',(0.707106781187,-0.707106781187,0.));
#7358 = DIRECTION('',(-1.1E-16,-1.1E-16,-1.));
#7359 = ADVANCED_FACE('',(#7360),#7371,.T.);
#7360 = FACE_BOUND('',#7361,.T.);
#7361 = EDGE_LOOP('',(#7362,#7368,#7369,#7370));
#7362 = ORIENTED_EDGE('',*,*,#7363,.F.);
#7363 = EDGE_CURVE('',#6672,#6750,#7364,.T.);
#7364 = LINE('',#7365,#7366);
#7365 = CARTESIAN_POINT('',(32.596783730122,-21.75,24.300764755933));
#7366 = VECTOR('',#7367,1.);
#7367 = DIRECTION('',(-0.473029498105,0.707106781187,0.525588331228));
#7368 = ORIENTED_EDGE('',*,*,#6679,.T.);
#7369 = ORIENTED_EDGE('',*,*,#7324,.T.);
#7370 = ORIENTED_EDGE('',*,*,#6782,.F.);
#7371 = CONICAL_SURFACE('',#7372,2.,0.785398163397);
#7372 = AXIS2_PLACEMENT_3D('',#7373,#7374,#7375);
#7373 = CARTESIAN_POINT('',(33.767472010461,-21.5,23.));
#7374 = DIRECTION('',(0.,1.,0.));
#7375 = DIRECTION('',(-0.668964731622,0.,0.743294146247));
#7376 = ADVANCED_FACE('',(#7377),#7388,.T.);
#7377 = FACE_BOUND('',#7378,.T.);
#7378 = EDGE_LOOP('',(#7379,#7380,#7381,#7387));
#7379 = ORIENTED_EDGE('',*,*,#7343,.F.);
#7380 = ORIENTED_EDGE('',*,*,#6601,.T.);
#7381 = ORIENTED_EDGE('',*,*,#7382,.T.);
#7382 = EDGE_CURVE('',#6602,#7120,#7383,.T.);
#7383 = LINE('',#7384,#7385);
#7384 = CARTESIAN_POINT('',(65.337929463245,-21.5,-7.68586348308));
#7385 = VECTOR('',#7386,1.);
#7386 = DIRECTION('',(0.473029498105,0.707106781187,-0.525588331228));
#7387 = ORIENTED_EDGE('',*,*,#7205,.F.);
#7388 = CONICAL_SURFACE('',#7389,2.,0.785398163397);
#7389 = AXIS2_PLACEMENT_3D('',#7390,#7391,#7392);
#7390 = CARTESIAN_POINT('',(64.,-21.5,-6.199275190585));
#7391 = DIRECTION('',(0.,1.,0.));
#7392 = DIRECTION('',(1.,-0.,1.78E-15));
#7393 = ADVANCED_FACE('',(#7394),#7400,.F.);
#7394 = FACE_BOUND('',#7395,.T.);
#7395 = EDGE_LOOP('',(#7396,#7397,#7398,#7399));
#7396 = ORIENTED_EDGE('',*,*,#6713,.F.);
#7397 = ORIENTED_EDGE('',*,*,#6671,.T.);
#7398 = ORIENTED_EDGE('',*,*,#7363,.T.);
#7399 = ORIENTED_EDGE('',*,*,#6749,.F.);
#7400 = PLANE('',#7401);
#7401 = AXIS2_PLACEMENT_3D('',#7402,#7403,#7404);
#7402 = CARTESIAN_POINT('',(25.397123621647,-21.75,17.821070658306));
#7403 = DIRECTION('',(0.473029498105,0.707106781187,-0.525588331228));
#7404 = DIRECTION('',(-0.743294146247,1.665334536938E-16,-0.668964731622
    ));
#7405 = ADVANCED_FACE('',(#7406),#7417,.F.);
#7406 = FACE_BOUND('',#7407,.T.);
#7407 = EDGE_LOOP('',(#7408,#7409,#7410,#7416));
#7408 = ORIENTED_EDGE('',*,*,#7382,.F.);
#7409 = ORIENTED_EDGE('',*,*,#6610,.T.);
#7410 = ORIENTED_EDGE('',*,*,#7411,.T.);
#7411 = EDGE_CURVE('',#6611,#7064,#7412,.T.);
#7412 = LINE('',#7413,#7414);
#7413 = CARTESIAN_POINT('',(55.786950648101,-21.75,-15.94540381553));
#7414 = VECTOR('',#7415,1.);
#7415 = DIRECTION('',(0.473029498105,0.707106781187,-0.525588331228));
#7416 = ORIENTED_EDGE('',*,*,#7127,.F.);
#7417 = PLANE('',#7418);
#7418 = AXIS2_PLACEMENT_3D('',#7419,#7420,#7421);
#7419 = CARTESIAN_POINT('',(65.170688280339,-21.75,-7.500039946518));
#7420 = DIRECTION('',(-0.473029498105,0.707106781187,0.525588331228));
#7421 = DIRECTION('',(0.743294146247,8.326672684689E-17,0.668964731622)
  );
#7422 = ADVANCED_FACE('',(#7423),#7434,.T.);
#7423 = FACE_BOUND('',#7424,.T.);
#7424 = EDGE_LOOP('',(#7425,#7426,#7427,#7433));
#7425 = ORIENTED_EDGE('',*,*,#7411,.F.);
#7426 = ORIENTED_EDGE('',*,*,#6618,.T.);
#7427 = ORIENTED_EDGE('',*,*,#7428,.T.);
#7428 = EDGE_CURVE('',#6619,#6954,#7429,.T.);
#7429 = LINE('',#7430,#7431);
#7430 = CARTESIAN_POINT('',(53.129674075267,-21.5,-15.98256852284));
#7431 = VECTOR('',#7432,1.);
#7432 = DIRECTION('',(-0.525588331228,0.707106781187,-0.473029498105));
#7433 = ORIENTED_EDGE('',*,*,#7071,.F.);
#7434 = CONICAL_SURFACE('',#7435,2.,0.785398163397);
#7435 = AXIS2_PLACEMENT_3D('',#7436,#7437,#7438);
#7436 = CARTESIAN_POINT('',(54.616262367762,-21.5,-14.6446390596));
#7437 = DIRECTION('',(0.,1.,0.));
#7438 = DIRECTION('',(0.668964731622,0.,-0.743294146247));
#7439 = ADVANCED_FACE('',(#7440),#7451,.T.);
#7440 = FACE_BOUND('',#7441,.T.);
#7441 = EDGE_LOOP('',(#7442,#7443,#7444,#7450));
#7442 = ORIENTED_EDGE('',*,*,#7428,.F.);
#7443 = ORIENTED_EDGE('',*,*,#6627,.T.);
#7444 = ORIENTED_EDGE('',*,*,#7445,.T.);
#7445 = EDGE_CURVE('',#6628,#6840,#7446,.T.);
#7446 = LINE('',#7447,#7448);
#7447 = CARTESIAN_POINT('',(48.159828969609,-21.75,-10.08680662636));
#7448 = VECTOR('',#7449,1.);
#7449 = DIRECTION('',(-0.525588331228,0.707106781187,-0.473029498105));
#7450 = ORIENTED_EDGE('',*,*,#6980,.F.);
#7451 = PLANE('',#7452);
#7452 = AXIS2_PLACEMENT_3D('',#7453,#7454,#7455);
#7453 = CARTESIAN_POINT('',(53.315497611829,-21.75,-15.81532733993));
#7454 = DIRECTION('',(-0.525588331228,-0.707106781187,-0.473029498105));
#7455 = DIRECTION('',(-0.668964731622,1.110223024625E-16,0.743294146247)
  );
#7456 = ADVANCED_FACE('',(#7457),#7463,.T.);
#7457 = FACE_BOUND('',#7458,.T.);
#7458 = EDGE_LOOP('',(#7459,#7460,#7461,#7462));
#7459 = ORIENTED_EDGE('',*,*,#7445,.F.);
#7460 = ORIENTED_EDGE('',*,*,#6635,.T.);
#7461 = ORIENTED_EDGE('',*,*,#7237,.T.);
#7462 = ORIENTED_EDGE('',*,*,#6839,.F.);
#7463 = CONICAL_SURFACE('',#7464,2.,0.785398163397);
#7464 = AXIS2_PLACEMENT_3D('',#7465,#7466,#7467);
#7465 = CARTESIAN_POINT('',(49.460593725541,-21.5,-8.916118346021));
#7466 = DIRECTION('',(0.,1.,0.));
#7467 = DIRECTION('',(-0.743294146247,0.,-0.668964731622));
#7468 = ADVANCED_FACE('',(#7469),#7498,.F.);
#7469 = FACE_BOUND('',#7470,.T.);
#7470 = EDGE_LOOP('',(#7471,#7477,#7478,#7479,#7480,#7495,#7496,#7497));
#7471 = ORIENTED_EDGE('',*,*,#7472,.F.);
#7472 = EDGE_CURVE('',#7022,#6729,#7473,.T.);
#7473 = LINE('',#7474,#7475);
#7474 = CARTESIAN_POINT('',(48.252957410536,-14.,19.16338065496));
#7475 = VECTOR('',#7476,1.);
#7476 = DIRECTION('',(-0.743294146247,6.E-17,-0.668964731622));
#7477 = ORIENTED_EDGE('',*,*,#7021,.T.);
#7478 = ORIENTED_EDGE('',*,*,#6930,.T.);
#7479 = ORIENTED_EDGE('',*,*,#6807,.F.);
#7480 = ORIENTED_EDGE('',*,*,#7481,.T.);
#7481 = EDGE_CURVE('',#6808,#7031,#7482,.T.);
#7482 = B_SPLINE_CURVE_WITH_KNOTS('',6,(#7483,#7484,#7485,#7486,#7487,
    #7488,#7489,#7490,#7491,#7492,#7493,#7494),.UNSPECIFIED.,.F.,.F.,(7,
    5,7),(0.,0.512665273117,1.),.UNSPECIFIED.);
#7483 = CARTESIAN_POINT('',(42.109275190585,-20.33593241026,25.));
#7484 = CARTESIAN_POINT('',(42.237246131871,-20.36090482104,25.));
#7485 = CARTESIAN_POINT('',(42.367772219613,-20.38700024226,
    24.99017400989));
#7486 = CARTESIAN_POINT('',(42.500170424225,-20.41367668612,
    24.969786651866));
#7487 = CARTESIAN_POINT('',(42.633604767421,-20.44028136511,
    24.938064291711));
#7488 = CARTESIAN_POINT('',(42.767034724317,-20.4660536885,
    24.894209076197));
#7489 = CARTESIAN_POINT('',(43.02471095406,-20.51310893923,
    24.783440585241));
#7490 = CARTESIAN_POINT('',(43.149628017213,-20.53464983432,
    24.717540313451));
#7491 = CARTESIAN_POINT('',(43.271361798304,-20.55382546739,
    24.639432983099));
#7492 = CARTESIAN_POINT('',(43.387603502277,-20.56976661915,
    24.549470651765));
#7493 = CARTESIAN_POINT('',(43.496321755244,-20.58191885906,
    24.448531383062));
#7494 = CARTESIAN_POINT('',(43.59586348308,-20.59008452381,
    24.337929463245));
#7495 = ORIENTED_EDGE('',*,*,#7030,.T.);
#7496 = ORIENTED_EDGE('',*,*,#7472,.T.);
#7497 = ORIENTED_EDGE('',*,*,#6728,.F.);
#7498 = CYLINDRICAL_SURFACE('',#7499,6.6);
#7499 = AXIS2_PLACEMENT_3D('',#7500,#7501,#7502);
#7500 = CARTESIAN_POINT('',(43.837790181828,-14.,24.069122020191));
#7501 = DIRECTION('',(-0.743294146247,6.E-17,-0.668964731622));
#7502 = DIRECTION('',(0.668964731622,0.,-0.743294146247));
#7503 = ADVANCED_FACE('',(#7504),#7510,.T.);
#7504 = FACE_BOUND('',#7505,.T.);
#7505 = EDGE_LOOP('',(#7506,#7507,#7508,#7509));
#7506 = ORIENTED_EDGE('',*,*,#7039,.F.);
#7507 = ORIENTED_EDGE('',*,*,#7481,.F.);
#7508 = ORIENTED_EDGE('',*,*,#6816,.T.);
#7509 = ORIENTED_EDGE('',*,*,#7284,.T.);
#7510 = CYLINDRICAL_SURFACE('',#7511,2.);
#7511 = AXIS2_PLACEMENT_3D('',#7512,#7513,#7514);
#7512 = CARTESIAN_POINT('',(42.109275190585,-6.,23.));
#7513 = DIRECTION('',(0.,-1.,2.2E-16));
#7514 = DIRECTION('',(0.743294146247,1.471722409569E-16,0.668964731622)
  );
#7515 = ADVANCED_FACE('',(#7516),#7537,.F.);
#7516 = FACE_BOUND('',#7517,.T.);
#7517 = EDGE_LOOP('',(#7518,#7526,#7533,#7534,#7535,#7536));
#7518 = ORIENTED_EDGE('',*,*,#7519,.F.);
#7519 = EDGE_CURVE('',#7520,#6964,#7522,.T.);
#7520 = VERTEX_POINT('',#7521);
#7521 = CARTESIAN_POINT('',(61.305202618636,-14.,-7.297890951439));
#7522 = LINE('',#7523,#7524);
#7523 = CARTESIAN_POINT('',(61.305202618636,-14.,-7.297890951439));
#7524 = VECTOR('',#7525,1.);
#7525 = DIRECTION('',(-0.743294146247,6.E-17,-0.668964731622));
#7526 = ORIENTED_EDGE('',*,*,#7527,.T.);
#7527 = EDGE_CURVE('',#7520,#7520,#7528,.T.);
#7528 = CIRCLE('',#7529,4.);
#7529 = AXIS2_PLACEMENT_3D('',#7530,#7531,#7532);
#7530 = CARTESIAN_POINT('',(58.629343692146,-14.,-4.32471436645));
#7531 = DIRECTION('',(0.743294146247,-6.E-17,0.668964731622));
#7532 = DIRECTION('',(0.668964731622,0.,-0.743294146247));
#7533 = ORIENTED_EDGE('',*,*,#7519,.T.);
#7534 = ORIENTED_EDGE('',*,*,#6972,.T.);
#7535 = ORIENTED_EDGE('',*,*,#6856,.F.);
#7536 = ORIENTED_EDGE('',*,*,#6963,.T.);
#7537 = CYLINDRICAL_SURFACE('',#7538,4.);
#7538 = AXIS2_PLACEMENT_3D('',#7539,#7540,#7541);
#7539 = CARTESIAN_POINT('',(58.629343692146,-14.,-4.32471436645));
#7540 = DIRECTION('',(-0.743294146247,6.E-17,-0.668964731622));
#7541 = DIRECTION('',(0.668964731622,0.,-0.743294146247));
#7542 = ADVANCED_FACE('',(#7543),#7570,.T.);
#7543 = FACE_BOUND('',#7544,.T.);
#7544 = EDGE_LOOP('',(#7545,#7553,#7568,#7569));
#7545 = ORIENTED_EDGE('',*,*,#7546,.F.);
#7546 = EDGE_CURVE('',#7547,#7302,#7549,.T.);
#7547 = VERTEX_POINT('',#7548);
#7548 = CARTESIAN_POINT('',(66.,-20.022649434,-1.323027566016));
#7549 = LINE('',#7550,#7551);
#7550 = CARTESIAN_POINT('',(66.,-6.,-1.323027566016));
#7551 = VECTOR('',#7552,1.);
#7552 = DIRECTION('',(0.,-1.,2.2E-16));
#7553 = ORIENTED_EDGE('',*,*,#7554,.F.);
#7554 = EDGE_CURVE('',#6995,#7547,#7555,.T.);
#7555 = B_SPLINE_CURVE_WITH_KNOTS('',6,(#7556,#7557,#7558,#7559,#7560,
    #7561,#7562,#7563,#7564,#7565,#7566,#7567),.UNSPECIFIED.,.F.,.F.,(7,
    5,7),(0.,0.457870088429,1.),.UNSPECIFIED.);
#7556 = CARTESIAN_POINT('',(65.486588292494,-20.45801263354,
    1.490189722852E-02));
#7557 = CARTESIAN_POINT('',(65.56802560618,-20.43234506553,
    -7.558400686697E-02));
#7558 = CARTESIAN_POINT('',(65.642019269645,-20.40406433996,
    -0.171091100719));
#7559 = CARTESIAN_POINT('',(65.708127160817,-20.3734488141,
    -0.270617638521));
#7560 = CARTESIAN_POINT('',(65.766091834759,-20.34092293452,
    -0.373060746701));
#7561 = CARTESIAN_POINT('',(65.815865459975,-20.30703817697,
    -0.477248996277));
#7562 = CARTESIAN_POINT('',(65.907095630855,-20.23140823866,
    -0.705935292633));
#7563 = CARTESIAN_POINT('',(65.945440627905,-20.18927689298,
    -0.830904511395));
#7564 = CARTESIAN_POINT('',(65.973298261233,-20.14669762818,
    -0.955844918613));
#7565 = CARTESIAN_POINT('',(65.991286170989,-20.10433272697,
    -1.079937221708));
#7566 = CARTESIAN_POINT('',(66.,-20.06280020469,-1.20251684092));
#7567 = CARTESIAN_POINT('',(66.,-20.022649434,-1.323027566016));
#7568 = ORIENTED_EDGE('',*,*,#6994,.T.);
#7569 = ORIENTED_EDGE('',*,*,#7309,.T.);
#7570 = CYLINDRICAL_SURFACE('',#7571,2.);
#7571 = AXIS2_PLACEMENT_3D('',#7572,#7573,#7574);
#7572 = CARTESIAN_POINT('',(64.,-6.,-1.323027566016));
#7573 = DIRECTION('',(0.,-1.,2.2E-16));
#7574 = DIRECTION('',(1.,0.,0.));
#7575 = ADVANCED_FACE('',(#7576),#7607,.F.);
#7576 = FACE_BOUND('',#7577,.T.);
#7577 = EDGE_LOOP('',(#7578,#7579,#7580,#7581,#7588,#7589,#7597,#7604,
    #7605,#7606));
#7578 = ORIENTED_EDGE('',*,*,#7096,.T.);
#7579 = ORIENTED_EDGE('',*,*,#7004,.T.);
#7580 = ORIENTED_EDGE('',*,*,#7554,.T.);
#7581 = ORIENTED_EDGE('',*,*,#7582,.F.);
#7582 = EDGE_CURVE('',#7185,#7547,#7583,.T.);
#7583 = ELLIPSE('',#7584,8.879391871069,6.6);
#7584 = AXIS2_PLACEMENT_3D('',#7585,#7586,#7587);
#7585 = CARTESIAN_POINT('',(66.,-14.,2.308876310618));
#7586 = DIRECTION('',(-1.,0.,0.));
#7587 = DIRECTION('',(0.,8.E-17,-1.));
#7588 = ORIENTED_EDGE('',*,*,#7184,.T.);
#7589 = ORIENTED_EDGE('',*,*,#7590,.T.);
#7590 = EDGE_CURVE('',#7172,#7591,#7593,.T.);
#7591 = VERTEX_POINT('',#7592);
#7592 = CARTESIAN_POINT('',(63.044510920855,-14.,-9.230455731682));
#7593 = LINE('',#7594,#7595);
#7594 = CARTESIAN_POINT('',(68.990864090832,-14.,-3.878737878702));
#7595 = VECTOR('',#7596,1.);
#7596 = DIRECTION('',(-0.743294146247,6.E-17,-0.668964731622));
#7597 = ORIENTED_EDGE('',*,*,#7598,.F.);
#7598 = EDGE_CURVE('',#7591,#7591,#7599,.T.);
#7599 = CIRCLE('',#7600,6.6);
#7600 = AXIS2_PLACEMENT_3D('',#7601,#7602,#7603);
#7601 = CARTESIAN_POINT('',(58.629343692146,-14.,-4.32471436645));
#7602 = DIRECTION('',(0.743294146247,-6.E-17,0.668964731622));
#7603 = DIRECTION('',(0.668964731622,0.,-0.743294146247));
#7604 = ORIENTED_EDGE('',*,*,#7590,.F.);
#7605 = ORIENTED_EDGE('',*,*,#7171,.T.);
#7606 = ORIENTED_EDGE('',*,*,#7152,.F.);
#7607 = CYLINDRICAL_SURFACE('',#7608,6.6);
#7608 = AXIS2_PLACEMENT_3D('',#7609,#7610,#7611);
#7609 = CARTESIAN_POINT('',(64.575696862124,-14.,1.027003486529));
#7610 = DIRECTION('',(-0.743294146247,6.E-17,-0.668964731622));
#7611 = DIRECTION('',(0.668964731622,0.,-0.743294146247));
#7612 = ADVANCED_FACE('',(#7613),#7619,.F.);
#7613 = FACE_BOUND('',#7614,.F.);
#7614 = EDGE_LOOP('',(#7615,#7616,#7617,#7618));
#7615 = ORIENTED_EDGE('',*,*,#7546,.F.);
#7616 = ORIENTED_EDGE('',*,*,#7582,.F.);
#7617 = ORIENTED_EDGE('',*,*,#7197,.T.);
#7618 = ORIENTED_EDGE('',*,*,#7349,.F.);
#7619 = PLANE('',#7620);
#7620 = AXIS2_PLACEMENT_3D('',#7621,#7622,#7623);
#7621 = CARTESIAN_POINT('',(66.,-5.55E-15,-25.));
#7622 = DIRECTION('',(-1.,0.,0.));
#7623 = DIRECTION('',(0.,2.2E-16,1.));
#7624 = ADVANCED_FACE('',(#7625,#7628),#7631,.F.);
#7625 = FACE_BOUND('',#7626,.T.);
#7626 = EDGE_LOOP('',(#7627));
#7627 = ORIENTED_EDGE('',*,*,#7598,.T.);
#7628 = FACE_BOUND('',#7629,.T.);
#7629 = EDGE_LOOP('',(#7630));
#7630 = ORIENTED_EDGE('',*,*,#7527,.F.);
#7631 = PLANE('',#7632);
#7632 = AXIS2_PLACEMENT_3D('',#7633,#7634,#7635);
#7633 = CARTESIAN_POINT('',(58.629343692146,-14.,-4.32471436645));
#7634 = DIRECTION('',(-0.743294146247,6.E-17,-0.668964731622));
#7635 = DIRECTION('',(-0.668964731622,0.,0.743294146247));
#7636 = MANIFOLD_SOLID_BREP('',#7637);
#7637 = CLOSED_SHELL('',(#7638,#7695,#7783,#7814,#7841,#7874,#7905,#7930
    ,#7981,#8006,#8143,#8160,#8180,#8205,#8236,#8365,#8382,#8472,#8489,
    #8511,#8523,#8554,#8579,#8604,#8628,#8652,#8675,#8700,#8712,#8736,
    #8761,#8783,#8795,#8872,#8889,#8914,#8945,#8970,#8995,#9017,#9041,
    #9053,#9078,#9102,#9127,#9149,#9161,#9195,#9222,#9269,#9286,#9319,
    #9338,#9363,#9412,#9429,#9441,#9453,#9486,#9504,#9524));
#7638 = ADVANCED_FACE('',(#7639),#7690,.F.);
#7639 = FACE_BOUND('',#7640,.T.);
#7640 = EDGE_LOOP('',(#7641,#7651,#7659,#7667,#7675,#7683));
#7641 = ORIENTED_EDGE('',*,*,#7642,.T.);
#7642 = EDGE_CURVE('',#7643,#7645,#7647,.T.);
#7643 = VERTEX_POINT('',#7644);
#7644 = CARTESIAN_POINT('',(30.639654682652,10.775505843527,
    9.006341913395));
#7645 = VERTEX_POINT('',#7646);
#7646 = CARTESIAN_POINT('',(30.639654682652,6.5,9.006341913395));
#7647 = LINE('',#7648,#7649);
#7648 = CARTESIAN_POINT('',(30.639654682652,22.,9.006341913395));
#7649 = VECTOR('',#7650,1.);
#7650 = DIRECTION('',(-0.,-1.,-6.7E-16));
#7651 = ORIENTED_EDGE('',*,*,#7652,.T.);
#7652 = EDGE_CURVE('',#7645,#7653,#7655,.T.);
#7653 = VERTEX_POINT('',#7654);
#7654 = CARTESIAN_POINT('',(25.081223609492,6.5,15.182376439128));
#7655 = LINE('',#7656,#7657);
#7656 = CARTESIAN_POINT('',(30.639654682652,6.5,9.006341913395));
#7657 = VECTOR('',#7658,1.);
#7658 = DIRECTION('',(-0.668964731622,-5.E-16,0.743294146247));
#7659 = ORIENTED_EDGE('',*,*,#7660,.T.);
#7660 = EDGE_CURVE('',#7653,#7661,#7663,.T.);
#7661 = VERTEX_POINT('',#7662);
#7662 = CARTESIAN_POINT('',(25.081223609492,21.5,15.182376439128));
#7663 = LINE('',#7664,#7665);
#7664 = CARTESIAN_POINT('',(25.081223609492,6.,15.182376439128));
#7665 = VECTOR('',#7666,1.);
#7666 = DIRECTION('',(0.,1.,6.7E-16));
#7667 = ORIENTED_EDGE('',*,*,#7668,.F.);
#7668 = EDGE_CURVE('',#7669,#7661,#7671,.T.);
#7669 = VERTEX_POINT('',#7670);
#7670 = CARTESIAN_POINT('',(30.639654682652,21.5,9.006341913395));
#7671 = LINE('',#7672,#7673);
#7672 = CARTESIAN_POINT('',(30.639654682652,21.5,9.006341913395));
#7673 = VECTOR('',#7674,1.);
#7674 = DIRECTION('',(-0.668964731622,-3.3E-16,0.743294146247));
#7675 = ORIENTED_EDGE('',*,*,#7676,.T.);
#7676 = EDGE_CURVE('',#7669,#7677,#7679,.T.);
#7677 = VERTEX_POINT('',#7678);
#7678 = CARTESIAN_POINT('',(30.639654682652,17.224494156473,
    9.006341913395));
#7679 = LINE('',#7680,#7681);
#7680 = CARTESIAN_POINT('',(30.639654682652,22.,9.006341913395));
#7681 = VECTOR('',#7682,1.);
#7682 = DIRECTION('',(-0.,-1.,-6.7E-16));
#7683 = ORIENTED_EDGE('',*,*,#7684,.T.);
#7684 = EDGE_CURVE('',#7677,#7643,#7685,.T.);
#7685 = CIRCLE('',#7686,4.);
#7686 = AXIS2_PLACEMENT_3D('',#7687,#7688,#7689);
#7687 = CARTESIAN_POINT('',(29.056222449622,14.,10.765711061206));
#7688 = DIRECTION('',(0.743294146247,-2.4E-16,0.668964731622));
#7689 = DIRECTION('',(0.668964731622,3.3E-16,-0.743294146247));
#7690 = PLANE('',#7691);
#7691 = AXIS2_PLACEMENT_3D('',#7692,#7693,#7694);
#7692 = CARTESIAN_POINT('',(23.743294146247,-1.11E-14,16.668964731622));
#7693 = DIRECTION('',(0.743294146247,-4.5E-16,0.668964731622));
#7694 = DIRECTION('',(-0.668964731622,-5.E-16,0.743294146247));
#7695 = ADVANCED_FACE('',(#7696),#7778,.T.);
#7696 = FACE_BOUND('',#7697,.T.);
#7697 = EDGE_LOOP('',(#7698,#7699,#7708,#7716,#7723,#7724,#7752));
#7698 = ORIENTED_EDGE('',*,*,#7676,.F.);
#7699 = ORIENTED_EDGE('',*,*,#7700,.F.);
#7700 = EDGE_CURVE('',#7701,#7669,#7703,.T.);
#7701 = VERTEX_POINT('',#7702);
#7702 = CARTESIAN_POINT('',(33.337590209739,21.5,8.752845011003));
#7703 = CIRCLE('',#7704,2.);
#7704 = AXIS2_PLACEMENT_3D('',#7705,#7706,#7707);
#7705 = CARTESIAN_POINT('',(32.126242975146,21.5,10.34427137664));
#7706 = DIRECTION('',(0.,1.,4.4E-16));
#7707 = DIRECTION('',(0.605673617296,3.501138004401E-16,-0.795713182818)
  );
#7708 = ORIENTED_EDGE('',*,*,#7709,.T.);
#7709 = EDGE_CURVE('',#7701,#7710,#7712,.T.);
#7710 = VERTEX_POINT('',#7711);
#7711 = CARTESIAN_POINT('',(33.337590209739,6.5,8.752845011003));
#7712 = LINE('',#7713,#7714);
#7713 = CARTESIAN_POINT('',(33.337590209739,22.,8.752845011003));
#7714 = VECTOR('',#7715,1.);
#7715 = DIRECTION('',(-0.,-1.,-6.7E-16));
#7716 = ORIENTED_EDGE('',*,*,#7717,.T.);
#7717 = EDGE_CURVE('',#7710,#7645,#7718,.T.);
#7718 = CIRCLE('',#7719,2.);
#7719 = AXIS2_PLACEMENT_3D('',#7720,#7721,#7722);
#7720 = CARTESIAN_POINT('',(32.126242975146,6.5,10.34427137664));
#7721 = DIRECTION('',(-2.465190328816E-32,1.,4.4E-16));
#7722 = DIRECTION('',(0.605673617296,3.501138004401E-16,-0.795713182818)
  );
#7723 = ORIENTED_EDGE('',*,*,#7642,.F.);
#7724 = ORIENTED_EDGE('',*,*,#7725,.F.);
#7725 = EDGE_CURVE('',#7726,#7643,#7728,.T.);
#7726 = VERTEX_POINT('',#7727);
#7727 = CARTESIAN_POINT('',(32.360406156138,14.,8.358026778241));
#7728 = B_SPLINE_CURVE_WITH_KNOTS('',8,(#7729,#7730,#7731,#7732,#7733,
    #7734,#7735,#7736,#7737,#7738,#7739,#7740,#7741,#7742,#7743,#7744,
    #7745,#7746,#7747,#7748,#7749,#7750,#7751),.UNSPECIFIED.,.F.,.F.,(9,
    7,7,9),(0.,0.468612458599,0.842932303009,1.),.UNSPECIFIED.);
#7729 = CARTESIAN_POINT('',(32.360406156138,14.,8.358026778241));
#7730 = CARTESIAN_POINT('',(32.360406156138,13.777128316887,
    8.358026778241));
#7731 = CARTESIAN_POINT('',(32.335993380997,13.561142450083,
    8.355148460377));
#7732 = CARTESIAN_POINT('',(32.289809224461,13.349361411989,
    8.349705301537));
#7733 = CARTESIAN_POINT('',(32.224419684176,13.140072890861,
    8.343694022568));
#7734 = CARTESIAN_POINT('',(32.142603535075,12.933190592905,
    8.339959896822));
#7735 = CARTESIAN_POINT('',(32.04750533813,12.729901389193,
    8.341208736553));
#7736 = CARTESIAN_POINT('',(31.942549672682,12.532035587617,
    8.349559262303));
#7737 = CARTESIAN_POINT('',(31.742686641342,12.189920868823,
    8.379344770577));
#7738 = CARTESIAN_POINT('',(31.648721659782,12.040694295948,
    8.398000392725));
#7739 = CARTESIAN_POINT('',(31.550141723188,11.893691827135,
    8.423075909638));
#7740 = CARTESIAN_POINT('',(31.447440094461,11.748788706919,
    8.455611039821));
#7741 = CARTESIAN_POINT('',(31.341173911718,11.606128014868,
    8.496746135111));
#7742 = CARTESIAN_POINT('',(31.232060439609,11.466097138514,
    8.547745851897));
#7743 = CARTESIAN_POINT('',(31.121069980481,11.329323312813,
    8.610003248176));
#7744 = CARTESIAN_POINT('',(30.962802963215,11.140981527563,
    8.716516188675));
#7745 = CARTESIAN_POINT('',(30.915888468283,11.085978433058,
    8.750279419644));
#7746 = CARTESIAN_POINT('',(30.868969013996,11.031739272007,
    8.786424337909));
#7747 = CARTESIAN_POINT('',(30.822184393681,10.978363159539,
    8.825051594382));
#7748 = CARTESIAN_POINT('',(30.775686773681,10.925950653377,
    8.866260505687));
#7749 = CARTESIAN_POINT('',(30.729642193752,10.874602985012,
    8.910148653821));
#7750 = CARTESIAN_POINT('',(30.684232067473,10.82442129088,
    8.956811485816));
#7751 = CARTESIAN_POINT('',(30.639654682652,10.775505843527,
    9.006341913395));
#7752 = ORIENTED_EDGE('',*,*,#7753,.F.);
#7753 = EDGE_CURVE('',#7677,#7726,#7754,.T.);
#7754 = B_SPLINE_CURVE_WITH_KNOTS('',8,(#7755,#7756,#7757,#7758,#7759,
    #7760,#7761,#7762,#7763,#7764,#7765,#7766,#7767,#7768,#7769,#7770,
    #7771,#7772,#7773,#7774,#7775,#7776,#7777),.UNSPECIFIED.,.F.,.F.,(9,
    7,7,9),(0.,0.154439959239,0.529042055334,1.),.UNSPECIFIED.);
#7755 = CARTESIAN_POINT('',(30.639654682652,17.224494156473,
    9.006341913395));
#7756 = CARTESIAN_POINT('',(30.683483206902,17.176400445299,
    8.957643553117));
#7757 = CARTESIAN_POINT('',(30.728117596562,17.127081730759,
    8.911716295017));
#7758 = CARTESIAN_POINT('',(30.773369127369,17.076633559033,
    8.868472357347));
#7759 = CARTESIAN_POINT('',(30.819064766623,17.02515239009,
    8.827821507262));
#7760 = CARTESIAN_POINT('',(30.865045798664,16.972734893306,
    8.78967143013));
#7761 = CARTESIAN_POINT('',(30.911166450362,16.919477243081,
    8.753928098839));
#7762 = CARTESIAN_POINT('',(30.957292516595,16.865474414457,
    8.720496143108));
#7763 = CARTESIAN_POINT('',(31.114893477852,16.678251109879,
    8.613560956902));
#7764 = CARTESIAN_POINT('',(31.226046162153,16.541541848792,
    8.550700509099));
#7765 = CARTESIAN_POINT('',(31.335360305847,16.401545698892,
    8.499173735805));
#7766 = CARTESIAN_POINT('',(31.441853546265,16.258899828024,
    8.457579804459));
#7767 = CARTESIAN_POINT('',(31.544800892098,16.114000635197,
    8.424646235368));
#7768 = CARTESIAN_POINT('',(31.64364212731,15.966997902948,
    8.399225486705));
#7769 = CARTESIAN_POINT('',(31.737885725622,15.817770253778,
    8.380272634157));
#7770 = CARTESIAN_POINT('',(31.938901846229,15.474841541017,
    8.349847691009));
#7771 = CARTESIAN_POINT('',(32.044688021875,15.276116766165,
    8.341247069209));
#7772 = CARTESIAN_POINT('',(32.140575981018,15.071919927279,
    8.339869963866));
#7773 = CARTESIAN_POINT('',(32.223110427783,14.864089017195,
    8.343574878211));
#7774 = CARTESIAN_POINT('',(32.28910618247,14.653826537842,
    8.349622444099));
#7775 = CARTESIAN_POINT('',(32.33574164589,14.441049631599,8.3551187789)
  );
#7776 = CARTESIAN_POINT('',(32.360406156138,14.224017865164,
    8.358026778241));
#7777 = CARTESIAN_POINT('',(32.360406156138,14.,8.358026778241));
#7778 = CYLINDRICAL_SURFACE('',#7779,2.);
#7779 = AXIS2_PLACEMENT_3D('',#7780,#7781,#7782);
#7780 = CARTESIAN_POINT('',(32.126242975146,22.,10.34427137664));
#7781 = DIRECTION('',(-0.,-1.,-6.7E-16));
#7782 = DIRECTION('',(-0.743294146247,4.48206370187E-16,-0.668964731622)
  );
#7783 = ADVANCED_FACE('',(#7784),#7809,.F.);
#7784 = FACE_BOUND('',#7785,.T.);
#7785 = EDGE_LOOP('',(#7786,#7794,#7802,#7808));
#7786 = ORIENTED_EDGE('',*,*,#7787,.F.);
#7787 = EDGE_CURVE('',#7788,#7645,#7790,.T.);
#7788 = VERTEX_POINT('',#7789);
#7789 = CARTESIAN_POINT('',(31.011301755776,6.,9.340824279206));
#7790 = LINE('',#7791,#7792);
#7791 = CARTESIAN_POINT('',(30.639654682652,6.5,9.006341913395));
#7792 = VECTOR('',#7793,1.);
#7793 = DIRECTION('',(-0.525588331228,0.707106781187,-0.473029498105));
#7794 = ORIENTED_EDGE('',*,*,#7795,.T.);
#7795 = EDGE_CURVE('',#7788,#7796,#7798,.T.);
#7796 = VERTEX_POINT('',#7797);
#7797 = CARTESIAN_POINT('',(25.452870682616,6.,15.516858804939));
#7798 = LINE('',#7799,#7800);
#7799 = CARTESIAN_POINT('',(31.011301755776,6.,9.340824279206));
#7800 = VECTOR('',#7801,1.);
#7801 = DIRECTION('',(-0.668964731622,-5.E-16,0.743294146247));
#7802 = ORIENTED_EDGE('',*,*,#7803,.T.);
#7803 = EDGE_CURVE('',#7796,#7653,#7804,.T.);
#7804 = LINE('',#7805,#7806);
#7805 = CARTESIAN_POINT('',(25.267047146054,6.25,15.349617622034));
#7806 = VECTOR('',#7807,1.);
#7807 = DIRECTION('',(-0.525588331228,0.707106781187,-0.473029498105));
#7808 = ORIENTED_EDGE('',*,*,#7652,.F.);
#7809 = PLANE('',#7810);
#7810 = AXIS2_PLACEMENT_3D('',#7811,#7812,#7813);
#7811 = CARTESIAN_POINT('',(30.825478219214,6.25,9.1735830963));
#7812 = DIRECTION('',(0.525588331228,0.707106781187,0.473029498105));
#7813 = DIRECTION('',(0.668964731622,3.885780586188E-16,-0.743294146247)
  );
#7814 = ADVANCED_FACE('',(#7815),#7836,.F.);
#7815 = FACE_BOUND('',#7816,.F.);
#7816 = EDGE_LOOP('',(#7817,#7825,#7832,#7833,#7834,#7835));
#7817 = ORIENTED_EDGE('',*,*,#7818,.F.);
#7818 = EDGE_CURVE('',#7819,#7726,#7821,.T.);
#7819 = VERTEX_POINT('',#7820);
#7820 = CARTESIAN_POINT('',(40.56729593834,14.,15.744227582223));
#7821 = LINE('',#7822,#7823);
#7822 = CARTESIAN_POINT('',(40.56729593834,14.,15.744227582223));
#7823 = VECTOR('',#7824,1.);
#7824 = DIRECTION('',(-0.743294146247,2.4E-16,-0.668964731622));
#7825 = ORIENTED_EDGE('',*,*,#7826,.T.);
#7826 = EDGE_CURVE('',#7819,#7819,#7827,.T.);
#7827 = CIRCLE('',#7828,4.);
#7828 = AXIS2_PLACEMENT_3D('',#7829,#7830,#7831);
#7829 = CARTESIAN_POINT('',(37.89143701185,14.,18.717404167212));
#7830 = DIRECTION('',(-0.743294146247,2.4E-16,-0.668964731622));
#7831 = DIRECTION('',(0.668964731622,3.3E-16,-0.743294146247));
#7832 = ORIENTED_EDGE('',*,*,#7818,.T.);
#7833 = ORIENTED_EDGE('',*,*,#7753,.F.);
#7834 = ORIENTED_EDGE('',*,*,#7684,.T.);
#7835 = ORIENTED_EDGE('',*,*,#7725,.F.);
#7836 = CYLINDRICAL_SURFACE('',#7837,4.);
#7837 = AXIS2_PLACEMENT_3D('',#7838,#7839,#7840);
#7838 = CARTESIAN_POINT('',(37.89143701185,14.,18.717404167212));
#7839 = DIRECTION('',(-0.743294146247,2.4E-16,-0.668964731622));
#7840 = DIRECTION('',(0.668964731622,3.3E-16,-0.743294146247));
#7841 = ADVANCED_FACE('',(#7842),#7869,.T.);
#7842 = FACE_BOUND('',#7843,.T.);
#7843 = EDGE_LOOP('',(#7844,#7845,#7854,#7862));
#7844 = ORIENTED_EDGE('',*,*,#7660,.F.);
#7845 = ORIENTED_EDGE('',*,*,#7846,.T.);
#7846 = EDGE_CURVE('',#7653,#7847,#7849,.T.);
#7847 = VERTEX_POINT('',#7848);
#7848 = CARTESIAN_POINT('',(25.229882438741,6.5,18.006894194867));
#7849 = CIRCLE('',#7850,2.);
#7850 = AXIS2_PLACEMENT_3D('',#7851,#7852,#7853);
#7851 = CARTESIAN_POINT('',(26.567811901986,6.5,16.520305902373));
#7852 = DIRECTION('',(-2.465190328816E-32,1.,4.4E-16));
#7853 = DIRECTION('',(-0.743294146247,2.943444819139E-16,-0.668964731622
    ));
#7854 = ORIENTED_EDGE('',*,*,#7855,.T.);
#7855 = EDGE_CURVE('',#7847,#7856,#7858,.T.);
#7856 = VERTEX_POINT('',#7857);
#7857 = CARTESIAN_POINT('',(25.229882438742,21.5,18.006894194867));
#7858 = LINE('',#7859,#7860);
#7859 = CARTESIAN_POINT('',(25.229882438741,6.,18.006894194867));
#7860 = VECTOR('',#7861,1.);
#7861 = DIRECTION('',(0.,1.,6.7E-16));
#7862 = ORIENTED_EDGE('',*,*,#7863,.F.);
#7863 = EDGE_CURVE('',#7661,#7856,#7864,.T.);
#7864 = CIRCLE('',#7865,2.);
#7865 = AXIS2_PLACEMENT_3D('',#7866,#7867,#7868);
#7866 = CARTESIAN_POINT('',(26.567811901986,21.5,16.520305902373));
#7867 = DIRECTION('',(-2.465190328816E-32,1.,4.4E-16));
#7868 = DIRECTION('',(-0.743294146247,2.943444819139E-16,-0.668964731622
    ));
#7869 = CYLINDRICAL_SURFACE('',#7870,2.);
#7870 = AXIS2_PLACEMENT_3D('',#7871,#7872,#7873);
#7871 = CARTESIAN_POINT('',(26.567811901986,6.,16.520305902373));
#7872 = DIRECTION('',(0.,1.,6.7E-16));
#7873 = DIRECTION('',(-0.743294146247,4.48206370187E-16,-0.668964731622)
  );
#7874 = ADVANCED_FACE('',(#7875),#7900,.T.);
#7875 = FACE_BOUND('',#7876,.F.);
#7876 = EDGE_LOOP('',(#7877,#7885,#7893,#7899));
#7877 = ORIENTED_EDGE('',*,*,#7878,.F.);
#7878 = EDGE_CURVE('',#7879,#7669,#7881,.T.);
#7879 = VERTEX_POINT('',#7880);
#7880 = CARTESIAN_POINT('',(31.011301755776,22.,9.340824279206));
#7881 = LINE('',#7882,#7883);
#7882 = CARTESIAN_POINT('',(30.639654682652,21.5,9.006341913395));
#7883 = VECTOR('',#7884,1.);
#7884 = DIRECTION('',(-0.525588331228,-0.707106781187,-0.473029498105));
#7885 = ORIENTED_EDGE('',*,*,#7886,.T.);
#7886 = EDGE_CURVE('',#7879,#7887,#7889,.T.);
#7887 = VERTEX_POINT('',#7888);
#7888 = CARTESIAN_POINT('',(25.452870682616,22.,15.516858804939));
#7889 = LINE('',#7890,#7891);
#7890 = CARTESIAN_POINT('',(31.011301755776,22.,9.340824279206));
#7891 = VECTOR('',#7892,1.);
#7892 = DIRECTION('',(-0.668964731622,-3.3E-16,0.743294146247));
#7893 = ORIENTED_EDGE('',*,*,#7894,.T.);
#7894 = EDGE_CURVE('',#7887,#7661,#7895,.T.);
#7895 = LINE('',#7896,#7897);
#7896 = CARTESIAN_POINT('',(25.267047146054,21.75,15.349617622034));
#7897 = VECTOR('',#7898,1.);
#7898 = DIRECTION('',(-0.525588331228,-0.707106781187,-0.473029498105));
#7899 = ORIENTED_EDGE('',*,*,#7668,.F.);
#7900 = PLANE('',#7901);
#7901 = AXIS2_PLACEMENT_3D('',#7902,#7903,#7904);
#7902 = CARTESIAN_POINT('',(30.825478219214,21.75,9.1735830963));
#7903 = DIRECTION('',(-0.525588331228,0.707106781187,-0.473029498105));
#7904 = DIRECTION('',(0.668964731622,3.608224830032E-16,-0.743294146247)
  );
#7905 = ADVANCED_FACE('',(#7906),#7925,.T.);
#7906 = FACE_BOUND('',#7907,.F.);
#7907 = EDGE_LOOP('',(#7908,#7916,#7923,#7924));
#7908 = ORIENTED_EDGE('',*,*,#7909,.F.);
#7909 = EDGE_CURVE('',#7910,#7701,#7912,.T.);
#7910 = VERTEX_POINT('',#7911);
#7911 = CARTESIAN_POINT('',(33.034753401091,22.,9.150701602412));
#7912 = LINE('',#7913,#7914);
#7913 = CARTESIAN_POINT('',(33.337590209739,21.5,8.752845011003));
#7914 = VECTOR('',#7915,1.);
#7915 = DIRECTION('',(0.428275921976,-0.707106781187,-0.56265418745));
#7916 = ORIENTED_EDGE('',*,*,#7917,.T.);
#7917 = EDGE_CURVE('',#7910,#7879,#7918,.T.);
#7918 = CIRCLE('',#7919,1.5);
#7919 = AXIS2_PLACEMENT_3D('',#7920,#7921,#7922);
#7920 = CARTESIAN_POINT('',(32.126242975146,22.,10.34427137664));
#7921 = DIRECTION('',(0.,1.,4.4E-16));
#7922 = DIRECTION('',(0.605673617296,3.501138004401E-16,-0.795713182818)
  );
#7923 = ORIENTED_EDGE('',*,*,#7878,.T.);
#7924 = ORIENTED_EDGE('',*,*,#7700,.F.);
#7925 = CONICAL_SURFACE('',#7926,2.,0.785398163397);
#7926 = AXIS2_PLACEMENT_3D('',#7927,#7928,#7929);
#7927 = CARTESIAN_POINT('',(32.126242975146,21.5,10.34427137664));
#7928 = DIRECTION('',(0.,-1.,-4.4E-16));
#7929 = DIRECTION('',(0.605673617296,3.501138004401E-16,-0.795713182818)
  );
#7930 = ADVANCED_FACE('',(#7931),#7976,.F.);
#7931 = FACE_BOUND('',#7932,.F.);
#7932 = EDGE_LOOP('',(#7933,#7943,#7952,#7959,#7960,#7969));
#7933 = ORIENTED_EDGE('',*,*,#7934,.F.);
#7934 = EDGE_CURVE('',#7935,#7937,#7939,.T.);
#7935 = VERTEX_POINT('',#7936);
#7936 = CARTESIAN_POINT('',(48.005117767766,21.5,-7.544407831249));
#7937 = VERTEX_POINT('',#7938);
#7938 = CARTESIAN_POINT('',(48.005117767766,6.5,-7.544407831249));
#7939 = LINE('',#7940,#7941);
#7940 = CARTESIAN_POINT('',(48.005117767766,22.,-7.544407831249));
#7941 = VECTOR('',#7942,1.);
#7942 = DIRECTION('',(-0.,-1.,-6.7E-16));
#7943 = ORIENTED_EDGE('',*,*,#7944,.T.);
#7944 = EDGE_CURVE('',#7935,#7945,#7947,.T.);
#7945 = VERTEX_POINT('',#7946);
#7946 = CARTESIAN_POINT('',(51.,21.5,7.E-15));
#7947 = CIRCLE('',#7948,11.);
#7948 = AXIS2_PLACEMENT_3D('',#7949,#7950,#7951);
#7949 = CARTESIAN_POINT('',(40.,21.5,9.55E-15));
#7950 = DIRECTION('',(0.,-1.,-4.4E-16));
#7951 = DIRECTION('',(0.727737978888,3.017763132499E-16,-0.685855257386)
  );
#7952 = ORIENTED_EDGE('',*,*,#7953,.T.);
#7953 = EDGE_CURVE('',#7945,#7701,#7954,.T.);
#7954 = CIRCLE('',#7955,11.);
#7955 = AXIS2_PLACEMENT_3D('',#7956,#7957,#7958);
#7956 = CARTESIAN_POINT('',(40.,21.5,9.55E-15));
#7957 = DIRECTION('',(0.,-1.,-4.4E-16));
#7958 = DIRECTION('',(1.,-3.036E-31,6.9E-16));
#7959 = ORIENTED_EDGE('',*,*,#7709,.T.);
#7960 = ORIENTED_EDGE('',*,*,#7961,.F.);
#7961 = EDGE_CURVE('',#7962,#7710,#7964,.T.);
#7962 = VERTEX_POINT('',#7963);
#7963 = CARTESIAN_POINT('',(51.,6.5,-2.E-15));
#7964 = CIRCLE('',#7965,11.);
#7965 = AXIS2_PLACEMENT_3D('',#7966,#7967,#7968);
#7966 = CARTESIAN_POINT('',(40.,6.5,2.89E-15));
#7967 = DIRECTION('',(0.,-1.,-4.4E-16));
#7968 = DIRECTION('',(1.,0.,0.));
#7969 = ORIENTED_EDGE('',*,*,#7970,.F.);
#7970 = EDGE_CURVE('',#7937,#7962,#7971,.T.);
#7971 = CIRCLE('',#7972,11.);
#7972 = AXIS2_PLACEMENT_3D('',#7973,#7974,#7975);
#7973 = CARTESIAN_POINT('',(40.,6.5,2.89E-15));
#7974 = DIRECTION('',(0.,-1.,-4.4E-16));
#7975 = DIRECTION('',(0.727737978888,3.017763132499E-16,-0.685855257386)
  );
#7976 = CYLINDRICAL_SURFACE('',#7977,11.);
#7977 = AXIS2_PLACEMENT_3D('',#7978,#7979,#7980);
#7978 = CARTESIAN_POINT('',(40.,0.,0.));
#7979 = DIRECTION('',(-0.,-1.,-6.7E-16));
#7980 = DIRECTION('',(1.,0.,0.));
#7981 = ADVANCED_FACE('',(#7982),#8001,.T.);
#7982 = FACE_BOUND('',#7983,.T.);
#7983 = EDGE_LOOP('',(#7984,#7992,#7999,#8000));
#7984 = ORIENTED_EDGE('',*,*,#7985,.F.);
#7985 = EDGE_CURVE('',#7986,#7710,#7988,.T.);
#7986 = VERTEX_POINT('',#7987);
#7987 = CARTESIAN_POINT('',(33.034753401091,6.,9.150701602412));
#7988 = LINE('',#7989,#7990);
#7989 = CARTESIAN_POINT('',(33.337590209739,6.5,8.752845011003));
#7990 = VECTOR('',#7991,1.);
#7991 = DIRECTION('',(0.428275921976,0.707106781187,-0.56265418745));
#7992 = ORIENTED_EDGE('',*,*,#7993,.T.);
#7993 = EDGE_CURVE('',#7986,#7788,#7994,.T.);
#7994 = CIRCLE('',#7995,1.5);
#7995 = AXIS2_PLACEMENT_3D('',#7996,#7997,#7998);
#7996 = CARTESIAN_POINT('',(32.126242975146,6.,10.34427137664));
#7997 = DIRECTION('',(-2.465190328816E-32,1.,4.4E-16));
#7998 = DIRECTION('',(0.605673617296,3.501138004401E-16,-0.795713182818)
  );
#7999 = ORIENTED_EDGE('',*,*,#7787,.T.);
#8000 = ORIENTED_EDGE('',*,*,#7717,.F.);
#8001 = CONICAL_SURFACE('',#8002,2.,0.785398163397);
#8002 = AXIS2_PLACEMENT_3D('',#8003,#8004,#8005);
#8003 = CARTESIAN_POINT('',(32.126242975146,6.5,10.34427137664));
#8004 = DIRECTION('',(-0.,1.,4.4E-16));
#8005 = DIRECTION('',(0.605673617296,3.501138004401E-16,-0.795713182818)
  );
#8006 = ADVANCED_FACE('',(#8007),#8138,.T.);
#8007 = FACE_BOUND('',#8008,.F.);
#8008 = EDGE_LOOP('',(#8009,#8019,#8028,#8036,#8045,#8053,#8062,#8070,
    #8079,#8088,#8095,#8096,#8097,#8106,#8114,#8123,#8131));
#8009 = ORIENTED_EDGE('',*,*,#8010,.T.);
#8010 = EDGE_CURVE('',#8011,#8013,#8015,.T.);
#8011 = VERTEX_POINT('',#8012);
#8012 = CARTESIAN_POINT('',(43.224216409956,6.,24.003447097434));
#8013 = VERTEX_POINT('',#8014);
#8014 = CARTESIAN_POINT('',(65.114941219371,6.,-0.319580468583));
#8015 = LINE('',#8016,#8017);
#8016 = CARTESIAN_POINT('',(43.224216409956,6.,24.003447097434));
#8017 = VECTOR('',#8018,1.);
#8018 = DIRECTION('',(0.668964731622,5.E-16,-0.743294146247));
#8019 = ORIENTED_EDGE('',*,*,#8020,.T.);
#8020 = EDGE_CURVE('',#8013,#8021,#8023,.T.);
#8021 = VERTEX_POINT('',#8022);
#8022 = CARTESIAN_POINT('',(65.5,6.,-1.323027566016));
#8023 = CIRCLE('',#8024,1.5);
#8024 = AXIS2_PLACEMENT_3D('',#8025,#8026,#8027);
#8025 = CARTESIAN_POINT('',(64.,6.,-1.323027566016));
#8026 = DIRECTION('',(-2.465190328816E-32,1.,4.4E-16));
#8027 = DIRECTION('',(0.743294146247,-2.943444819139E-16,0.668964731622)
  );
#8028 = ORIENTED_EDGE('',*,*,#8029,.T.);
#8029 = EDGE_CURVE('',#8021,#8030,#8032,.T.);
#8030 = VERTEX_POINT('',#8031);
#8031 = CARTESIAN_POINT('',(65.5,6.,-6.199275190585));
#8032 = LINE('',#8033,#8034);
#8033 = CARTESIAN_POINT('',(65.5,6.,-1.323027566016));
#8034 = VECTOR('',#8035,1.);
#8035 = DIRECTION('',(-0.,6.7E-16,-1.));
#8036 = ORIENTED_EDGE('',*,*,#8037,.T.);
#8037 = EDGE_CURVE('',#8030,#8038,#8040,.T.);
#8038 = VERTEX_POINT('',#8039);
#8039 = CARTESIAN_POINT('',(65.003447097434,6.,-7.314216409956));
#8040 = CIRCLE('',#8041,1.5);
#8041 = AXIS2_PLACEMENT_3D('',#8042,#8043,#8044);
#8042 = CARTESIAN_POINT('',(64.,6.,-6.199275190585));
#8043 = DIRECTION('',(0.,1.,4.4E-16));
#8044 = DIRECTION('',(1.,1.936E-31,-4.4E-16));
#8045 = ORIENTED_EDGE('',*,*,#8046,.T.);
#8046 = EDGE_CURVE('',#8038,#8047,#8049,.T.);
#8047 = VERTEX_POINT('',#8048);
#8048 = CARTESIAN_POINT('',(55.619709465195,6.,-15.75958027897));
#8049 = LINE('',#8050,#8051);
#8050 = CARTESIAN_POINT('',(65.003447097434,6.,-7.314216409956));
#8051 = VECTOR('',#8052,1.);
#8052 = DIRECTION('',(-0.743294146247,4.5E-16,-0.668964731622));
#8053 = ORIENTED_EDGE('',*,*,#8054,.T.);
#8054 = EDGE_CURVE('',#8047,#8055,#8057,.T.);
#8055 = VERTEX_POINT('',#8056);
#8056 = CARTESIAN_POINT('',(53.501321148391,6.,-15.64808615703));
#8057 = CIRCLE('',#8058,1.5);
#8058 = AXIS2_PLACEMENT_3D('',#8059,#8060,#8061);
#8059 = CARTESIAN_POINT('',(54.616262367762,6.,-14.6446390596));
#8060 = DIRECTION('',(0.,1.,4.4E-16));
#8061 = DIRECTION('',(0.668964731622,3.270494243488E-16,-0.743294146247)
  );
#8062 = ORIENTED_EDGE('',*,*,#8063,.T.);
#8063 = EDGE_CURVE('',#8055,#8064,#8066,.T.);
#8064 = VERTEX_POINT('',#8065);
#8065 = CARTESIAN_POINT('',(48.34565250617,6.,-9.919565443455));
#8066 = LINE('',#8067,#8068);
#8067 = CARTESIAN_POINT('',(53.501321148391,6.,-15.64808615703));
#8068 = VECTOR('',#8069,1.);
#8069 = DIRECTION('',(-0.668964731622,-5.E-16,0.743294146247));
#8070 = ORIENTED_EDGE('',*,*,#8071,.T.);
#8071 = EDGE_CURVE('',#8064,#8072,#8074,.T.);
#8072 = VERTEX_POINT('',#8073);
#8073 = CARTESIAN_POINT('',(48.368986757209,6.,-7.887335459942));
#8074 = CIRCLE('',#8075,1.5);
#8075 = AXIS2_PLACEMENT_3D('',#8076,#8077,#8078);
#8076 = CARTESIAN_POINT('',(49.460593725541,6.,-8.916118346021));
#8077 = DIRECTION('',(0.,1.,4.4E-16));
#8078 = DIRECTION('',(-0.743294146247,2.943444819139E-16,-0.668964731622
    ));
#8079 = ORIENTED_EDGE('',*,*,#8080,.T.);
#8080 = EDGE_CURVE('',#8072,#8081,#8083,.T.);
#8081 = VERTEX_POINT('',#8082);
#8082 = CARTESIAN_POINT('',(51.5,6.,-4.E-15));
#8083 = CIRCLE('',#8084,11.5);
#8084 = AXIS2_PLACEMENT_3D('',#8085,#8086,#8087);
#8085 = CARTESIAN_POINT('',(40.,6.,2.66E-15));
#8086 = DIRECTION('',(0.,-1.,-4.4E-16));
#8087 = DIRECTION('',(0.727737978888,3.017763132499E-16,-0.685855257386)
  );
#8088 = ORIENTED_EDGE('',*,*,#8089,.T.);
#8089 = EDGE_CURVE('',#8081,#7986,#8090,.T.);
#8090 = CIRCLE('',#8091,11.5);
#8091 = AXIS2_PLACEMENT_3D('',#8092,#8093,#8094);
#8092 = CARTESIAN_POINT('',(40.,6.,2.66E-15));
#8093 = DIRECTION('',(0.,-1.,-4.4E-16));
#8094 = DIRECTION('',(1.,0.,0.));
#8095 = ORIENTED_EDGE('',*,*,#7993,.T.);
#8096 = ORIENTED_EDGE('',*,*,#7795,.T.);
#8097 = ORIENTED_EDGE('',*,*,#8098,.T.);
#8098 = EDGE_CURVE('',#7796,#8099,#8101,.T.);
#8099 = VERTEX_POINT('',#8100);
#8100 = CARTESIAN_POINT('',(25.564364804553,6.,17.635247121744));
#8101 = CIRCLE('',#8102,1.5);
#8102 = AXIS2_PLACEMENT_3D('',#8103,#8104,#8105);
#8103 = CARTESIAN_POINT('',(26.567811901986,6.,16.520305902373));
#8104 = DIRECTION('',(-2.465190328816E-32,1.,4.4E-16));
#8105 = DIRECTION('',(-0.743294146247,2.943444819139E-16,-0.668964731622
    ));
#8106 = ORIENTED_EDGE('',*,*,#8107,.T.);
#8107 = EDGE_CURVE('',#8099,#8108,#8110,.T.);
#8108 = VERTEX_POINT('',#8109);
#8109 = CARTESIAN_POINT('',(32.764024913027,6.,24.114941219371));
#8110 = LINE('',#8111,#8112);
#8111 = CARTESIAN_POINT('',(25.564364804553,6.,17.635247121744));
#8112 = VECTOR('',#8113,1.);
#8113 = DIRECTION('',(0.743294146247,-4.5E-16,0.668964731622));
#8114 = ORIENTED_EDGE('',*,*,#8115,.T.);
#8115 = EDGE_CURVE('',#8108,#8116,#8118,.T.);
#8116 = VERTEX_POINT('',#8117);
#8117 = CARTESIAN_POINT('',(33.767472010461,6.,24.5));
#8118 = CIRCLE('',#8119,1.5);
#8119 = AXIS2_PLACEMENT_3D('',#8120,#8121,#8122);
#8120 = CARTESIAN_POINT('',(33.767472010461,6.,23.));
#8121 = DIRECTION('',(-2.465190328816E-32,1.,4.4E-16));
#8122 = DIRECTION('',(-0.668964731622,-3.270494243488E-16,0.743294146247
    ));
#8123 = ORIENTED_EDGE('',*,*,#8124,.T.);
#8124 = EDGE_CURVE('',#8116,#8125,#8127,.T.);
#8125 = VERTEX_POINT('',#8126);
#8126 = CARTESIAN_POINT('',(42.109275190585,6.,24.5));
#8127 = LINE('',#8128,#8129);
#8128 = CARTESIAN_POINT('',(33.767472010461,6.,24.5));
#8129 = VECTOR('',#8130,1.);
#8130 = DIRECTION('',(1.,-0.,-0.));
#8131 = ORIENTED_EDGE('',*,*,#8132,.T.);
#8132 = EDGE_CURVE('',#8125,#8011,#8133,.T.);
#8133 = CIRCLE('',#8134,1.5);
#8134 = AXIS2_PLACEMENT_3D('',#8135,#8136,#8137);
#8135 = CARTESIAN_POINT('',(42.109275190585,6.,23.));
#8136 = DIRECTION('',(-0.,1.,4.4E-16));
#8137 = DIRECTION('',(0.,-4.4E-16,1.));
#8138 = PLANE('',#8139);
#8139 = AXIS2_PLACEMENT_3D('',#8140,#8141,#8142);
#8140 = CARTESIAN_POINT('',(17.,6.,2.66E-15));
#8141 = DIRECTION('',(-0.,-1.,-4.4E-16));
#8142 = DIRECTION('',(0.,4.4E-16,-1.));
#8143 = ADVANCED_FACE('',(#8144),#8155,.T.);
#8144 = FACE_BOUND('',#8145,.T.);
#8145 = EDGE_LOOP('',(#8146,#8147,#8148,#8154));
#8146 = ORIENTED_EDGE('',*,*,#7803,.F.);
#8147 = ORIENTED_EDGE('',*,*,#8098,.T.);
#8148 = ORIENTED_EDGE('',*,*,#8149,.T.);
#8149 = EDGE_CURVE('',#8099,#7847,#8150,.T.);
#8150 = LINE('',#8151,#8152);
#8151 = CARTESIAN_POINT('',(25.229882438741,6.5,18.006894194867));
#8152 = VECTOR('',#8153,1.);
#8153 = DIRECTION('',(-0.473029498105,0.707106781187,0.525588331228));
#8154 = ORIENTED_EDGE('',*,*,#7846,.F.);
#8155 = CONICAL_SURFACE('',#8156,2.,0.785398163397);
#8156 = AXIS2_PLACEMENT_3D('',#8157,#8158,#8159);
#8157 = CARTESIAN_POINT('',(26.567811901986,6.5,16.520305902373));
#8158 = DIRECTION('',(-0.,1.,4.4E-16));
#8159 = DIRECTION('',(-0.743294146247,2.943444819139E-16,-0.668964731622
    ));
#8160 = ADVANCED_FACE('',(#8161,#8172),#8175,.F.);
#8161 = FACE_BOUND('',#8162,.F.);
#8162 = EDGE_LOOP('',(#8163));
#8163 = ORIENTED_EDGE('',*,*,#8164,.T.);
#8164 = EDGE_CURVE('',#8165,#8165,#8167,.T.);
#8165 = VERTEX_POINT('',#8166);
#8166 = CARTESIAN_POINT('',(42.306604240559,14.,13.811662801981));
#8167 = CIRCLE('',#8168,6.6);
#8168 = AXIS2_PLACEMENT_3D('',#8169,#8170,#8171);
#8169 = CARTESIAN_POINT('',(37.89143701185,14.,18.717404167212));
#8170 = DIRECTION('',(-0.743294146247,2.4E-16,-0.668964731622));
#8171 = DIRECTION('',(0.668964731622,3.3E-16,-0.743294146247));
#8172 = FACE_BOUND('',#8173,.F.);
#8173 = EDGE_LOOP('',(#8174));
#8174 = ORIENTED_EDGE('',*,*,#7826,.F.);
#8175 = PLANE('',#8176);
#8176 = AXIS2_PLACEMENT_3D('',#8177,#8178,#8179);
#8177 = CARTESIAN_POINT('',(37.89143701185,14.,18.717404167212));
#8178 = DIRECTION('',(-0.743294146247,2.4E-16,-0.668964731622));
#8179 = DIRECTION('',(0.668964731622,3.3E-16,-0.743294146247));
#8180 = ADVANCED_FACE('',(#8181),#8200,.T.);
#8181 = FACE_BOUND('',#8182,.F.);
#8182 = EDGE_LOOP('',(#8183,#8184,#8193,#8199));
#8183 = ORIENTED_EDGE('',*,*,#7894,.F.);
#8184 = ORIENTED_EDGE('',*,*,#8185,.T.);
#8185 = EDGE_CURVE('',#7887,#8186,#8188,.T.);
#8186 = VERTEX_POINT('',#8187);
#8187 = CARTESIAN_POINT('',(25.564364804553,22.,17.635247121744));
#8188 = CIRCLE('',#8189,1.5);
#8189 = AXIS2_PLACEMENT_3D('',#8190,#8191,#8192);
#8190 = CARTESIAN_POINT('',(26.567811901986,22.,16.520305902373));
#8191 = DIRECTION('',(-2.465190328816E-32,1.,4.4E-16));
#8192 = DIRECTION('',(-0.743294146247,2.943444819139E-16,-0.668964731622
    ));
#8193 = ORIENTED_EDGE('',*,*,#8194,.T.);
#8194 = EDGE_CURVE('',#8186,#7856,#8195,.T.);
#8195 = LINE('',#8196,#8197);
#8196 = CARTESIAN_POINT('',(25.229882438742,21.5,18.006894194867));
#8197 = VECTOR('',#8198,1.);
#8198 = DIRECTION('',(-0.473029498105,-0.707106781187,0.525588331228));
#8199 = ORIENTED_EDGE('',*,*,#7863,.F.);
#8200 = CONICAL_SURFACE('',#8201,2.,0.785398163397);
#8201 = AXIS2_PLACEMENT_3D('',#8202,#8203,#8204);
#8202 = CARTESIAN_POINT('',(26.567811901986,21.5,16.520305902373));
#8203 = DIRECTION('',(0.,-1.,-4.4E-16));
#8204 = DIRECTION('',(-0.743294146247,2.943444819139E-16,-0.668964731622
    ));
#8205 = ADVANCED_FACE('',(#8206),#8231,.T.);
#8206 = FACE_BOUND('',#8207,.F.);
#8207 = EDGE_LOOP('',(#8208,#8209,#8217,#8225));
#8208 = ORIENTED_EDGE('',*,*,#7855,.T.);
#8209 = ORIENTED_EDGE('',*,*,#8210,.T.);
#8210 = EDGE_CURVE('',#7856,#8211,#8213,.T.);
#8211 = VERTEX_POINT('',#8212);
#8212 = CARTESIAN_POINT('',(32.429542547216,21.5,24.486588292494));
#8213 = LINE('',#8214,#8215);
#8214 = CARTESIAN_POINT('',(25.229882438741,21.5,18.006894194867));
#8215 = VECTOR('',#8216,1.);
#8216 = DIRECTION('',(0.743294146247,-3.E-16,0.668964731622));
#8217 = ORIENTED_EDGE('',*,*,#8218,.F.);
#8218 = EDGE_CURVE('',#8219,#8211,#8221,.T.);
#8219 = VERTEX_POINT('',#8220);
#8220 = CARTESIAN_POINT('',(32.429542547216,6.5,24.486588292494));
#8221 = LINE('',#8222,#8223);
#8222 = CARTESIAN_POINT('',(32.429542547216,6.,24.486588292494));
#8223 = VECTOR('',#8224,1.);
#8224 = DIRECTION('',(0.,1.,6.7E-16));
#8225 = ORIENTED_EDGE('',*,*,#8226,.F.);
#8226 = EDGE_CURVE('',#7847,#8219,#8227,.T.);
#8227 = LINE('',#8228,#8229);
#8228 = CARTESIAN_POINT('',(25.229882438741,6.5,18.006894194867));
#8229 = VECTOR('',#8230,1.);
#8230 = DIRECTION('',(0.743294146247,-4.5E-16,0.668964731622));
#8231 = PLANE('',#8232);
#8232 = AXIS2_PLACEMENT_3D('',#8233,#8234,#8235);
#8233 = CARTESIAN_POINT('',(23.,-1.066E-14,16.));
#8234 = DIRECTION('',(-0.668964731622,-5.E-16,0.743294146247));
#8235 = DIRECTION('',(-0.743294146247,4.5E-16,-0.668964731622));
#8236 = ADVANCED_FACE('',(#8237),#8360,.F.);
#8237 = FACE_BOUND('',#8238,.T.);
#8238 = EDGE_LOOP('',(#8239,#8249,#8258,#8266,#8275,#8283,#8292,#8300,
    #8309,#8318,#8325,#8326,#8327,#8328,#8336,#8345,#8353));
#8239 = ORIENTED_EDGE('',*,*,#8240,.T.);
#8240 = EDGE_CURVE('',#8241,#8243,#8245,.T.);
#8241 = VERTEX_POINT('',#8242);
#8242 = CARTESIAN_POINT('',(43.224216409956,22.,24.003447097434));
#8243 = VERTEX_POINT('',#8244);
#8244 = CARTESIAN_POINT('',(65.114941219371,22.,-0.319580468583));
#8245 = LINE('',#8246,#8247);
#8246 = CARTESIAN_POINT('',(43.224216409956,22.,24.003447097434));
#8247 = VECTOR('',#8248,1.);
#8248 = DIRECTION('',(0.668964731622,3.3E-16,-0.743294146247));
#8249 = ORIENTED_EDGE('',*,*,#8250,.T.);
#8250 = EDGE_CURVE('',#8243,#8251,#8253,.T.);
#8251 = VERTEX_POINT('',#8252);
#8252 = CARTESIAN_POINT('',(65.5,22.,-1.323027566016));
#8253 = CIRCLE('',#8254,1.5);
#8254 = AXIS2_PLACEMENT_3D('',#8255,#8256,#8257);
#8255 = CARTESIAN_POINT('',(64.,22.,-1.323027566016));
#8256 = DIRECTION('',(-2.465190328816E-32,1.,4.4E-16));
#8257 = DIRECTION('',(0.743294146247,-2.943444819139E-16,0.668964731622)
  );
#8258 = ORIENTED_EDGE('',*,*,#8259,.T.);
#8259 = EDGE_CURVE('',#8251,#8260,#8262,.T.);
#8260 = VERTEX_POINT('',#8261);
#8261 = CARTESIAN_POINT('',(65.5,22.,-6.199275190585));
#8262 = LINE('',#8263,#8264);
#8263 = CARTESIAN_POINT('',(65.5,22.,-1.323027566016));
#8264 = VECTOR('',#8265,1.);
#8265 = DIRECTION('',(-0.,6.7E-16,-1.));
#8266 = ORIENTED_EDGE('',*,*,#8267,.T.);
#8267 = EDGE_CURVE('',#8260,#8268,#8270,.T.);
#8268 = VERTEX_POINT('',#8269);
#8269 = CARTESIAN_POINT('',(65.003447097434,22.,-7.314216409956));
#8270 = CIRCLE('',#8271,1.5);
#8271 = AXIS2_PLACEMENT_3D('',#8272,#8273,#8274);
#8272 = CARTESIAN_POINT('',(64.,22.,-6.199275190585));
#8273 = DIRECTION('',(0.,1.,4.4E-16));
#8274 = DIRECTION('',(1.,-9.768E-31,2.22E-15));
#8275 = ORIENTED_EDGE('',*,*,#8276,.T.);
#8276 = EDGE_CURVE('',#8268,#8277,#8279,.T.);
#8277 = VERTEX_POINT('',#8278);
#8278 = CARTESIAN_POINT('',(55.619709465195,22.,-15.75958027897));
#8279 = LINE('',#8280,#8281);
#8280 = CARTESIAN_POINT('',(65.003447097434,22.,-7.314216409956));
#8281 = VECTOR('',#8282,1.);
#8282 = DIRECTION('',(-0.743294146247,3.E-16,-0.668964731622));
#8283 = ORIENTED_EDGE('',*,*,#8284,.T.);
#8284 = EDGE_CURVE('',#8277,#8285,#8287,.T.);
#8285 = VERTEX_POINT('',#8286);
#8286 = CARTESIAN_POINT('',(53.501321148391,22.,-15.64808615703));
#8287 = CIRCLE('',#8288,1.5);
#8288 = AXIS2_PLACEMENT_3D('',#8289,#8290,#8291);
#8289 = CARTESIAN_POINT('',(54.616262367762,22.,-14.6446390596));
#8290 = DIRECTION('',(-2.465190328816E-32,1.,4.4E-16));
#8291 = DIRECTION('',(0.668964731622,3.270494243488E-16,-0.743294146247)
  );
#8292 = ORIENTED_EDGE('',*,*,#8293,.T.);
#8293 = EDGE_CURVE('',#8285,#8294,#8296,.T.);
#8294 = VERTEX_POINT('',#8295);
#8295 = CARTESIAN_POINT('',(48.34565250617,22.,-9.919565443455));
#8296 = LINE('',#8297,#8298);
#8297 = CARTESIAN_POINT('',(53.501321148391,22.,-15.64808615703));
#8298 = VECTOR('',#8299,1.);
#8299 = DIRECTION('',(-0.668964731622,-3.3E-16,0.743294146247));
#8300 = ORIENTED_EDGE('',*,*,#8301,.T.);
#8301 = EDGE_CURVE('',#8294,#8302,#8304,.T.);
#8302 = VERTEX_POINT('',#8303);
#8303 = CARTESIAN_POINT('',(48.368986757209,22.,-7.887335459942));
#8304 = CIRCLE('',#8305,1.5);
#8305 = AXIS2_PLACEMENT_3D('',#8306,#8307,#8308);
#8306 = CARTESIAN_POINT('',(49.460593725541,22.,-8.916118346021));
#8307 = DIRECTION('',(0.,1.,4.4E-16));
#8308 = DIRECTION('',(-0.743294146247,2.943444819139E-16,-0.668964731622
    ));
#8309 = ORIENTED_EDGE('',*,*,#8310,.T.);
#8310 = EDGE_CURVE('',#8302,#8311,#8313,.T.);
#8311 = VERTEX_POINT('',#8312);
#8312 = CARTESIAN_POINT('',(51.5,22.,7.E-15));
#8313 = CIRCLE('',#8314,11.5);
#8314 = AXIS2_PLACEMENT_3D('',#8315,#8316,#8317);
#8315 = CARTESIAN_POINT('',(40.,22.,9.77E-15));
#8316 = DIRECTION('',(0.,-1.,-4.4E-16));
#8317 = DIRECTION('',(0.727737978888,3.017763132499E-16,-0.685855257386)
  );
#8318 = ORIENTED_EDGE('',*,*,#8319,.T.);
#8319 = EDGE_CURVE('',#8311,#7910,#8320,.T.);
#8320 = CIRCLE('',#8321,11.5);
#8321 = AXIS2_PLACEMENT_3D('',#8322,#8323,#8324);
#8322 = CARTESIAN_POINT('',(40.,22.,9.77E-15));
#8323 = DIRECTION('',(0.,-1.,-4.4E-16));
#8324 = DIRECTION('',(1.,-3.036E-31,6.9E-16));
#8325 = ORIENTED_EDGE('',*,*,#7917,.T.);
#8326 = ORIENTED_EDGE('',*,*,#7886,.T.);
#8327 = ORIENTED_EDGE('',*,*,#8185,.T.);
#8328 = ORIENTED_EDGE('',*,*,#8329,.T.);
#8329 = EDGE_CURVE('',#8186,#8330,#8332,.T.);
#8330 = VERTEX_POINT('',#8331);
#8331 = CARTESIAN_POINT('',(32.764024913027,22.,24.114941219371));
#8332 = LINE('',#8333,#8334);
#8333 = CARTESIAN_POINT('',(25.564364804553,22.,17.635247121744));
#8334 = VECTOR('',#8335,1.);
#8335 = DIRECTION('',(0.743294146247,-3.E-16,0.668964731622));
#8336 = ORIENTED_EDGE('',*,*,#8337,.T.);
#8337 = EDGE_CURVE('',#8330,#8338,#8340,.T.);
#8338 = VERTEX_POINT('',#8339);
#8339 = CARTESIAN_POINT('',(33.767472010461,22.,24.5));
#8340 = CIRCLE('',#8341,1.5);
#8341 = AXIS2_PLACEMENT_3D('',#8342,#8343,#8344);
#8342 = CARTESIAN_POINT('',(33.767472010461,22.,23.));
#8343 = DIRECTION('',(0.,1.,4.4E-16));
#8344 = DIRECTION('',(-0.668964731622,-3.270494243488E-16,0.743294146247
    ));
#8345 = ORIENTED_EDGE('',*,*,#8346,.T.);
#8346 = EDGE_CURVE('',#8338,#8347,#8349,.T.);
#8347 = VERTEX_POINT('',#8348);
#8348 = CARTESIAN_POINT('',(42.109275190585,22.,24.5));
#8349 = LINE('',#8350,#8351);
#8350 = CARTESIAN_POINT('',(33.767472010461,22.,24.5));
#8351 = VECTOR('',#8352,1.);
#8352 = DIRECTION('',(1.,-0.,-0.));
#8353 = ORIENTED_EDGE('',*,*,#8354,.T.);
#8354 = EDGE_CURVE('',#8347,#8241,#8355,.T.);
#8355 = CIRCLE('',#8356,1.5);
#8356 = AXIS2_PLACEMENT_3D('',#8357,#8358,#8359);
#8357 = CARTESIAN_POINT('',(42.109275190585,22.,23.));
#8358 = DIRECTION('',(-0.,1.,4.4E-16));
#8359 = DIRECTION('',(0.,-4.4E-16,1.));
#8360 = PLANE('',#8361);
#8361 = AXIS2_PLACEMENT_3D('',#8362,#8363,#8364);
#8362 = CARTESIAN_POINT('',(17.,22.,1.477E-14));
#8363 = DIRECTION('',(-0.,-1.,-4.4E-16));
#8364 = DIRECTION('',(0.,4.4E-16,-1.));
#8365 = ADVANCED_FACE('',(#8366),#8377,.F.);
#8366 = FACE_BOUND('',#8367,.F.);
#8367 = EDGE_LOOP('',(#8368,#8374,#8375,#8376));
#8368 = ORIENTED_EDGE('',*,*,#8369,.F.);
#8369 = EDGE_CURVE('',#8311,#7945,#8370,.T.);
#8370 = LINE('',#8371,#8372);
#8371 = CARTESIAN_POINT('',(51.,21.5,6.88E-15));
#8372 = VECTOR('',#8373,1.);
#8373 = DIRECTION('',(-0.707106781187,-0.707106781187,-9.E-17));
#8374 = ORIENTED_EDGE('',*,*,#8319,.T.);
#8375 = ORIENTED_EDGE('',*,*,#7909,.T.);
#8376 = ORIENTED_EDGE('',*,*,#7953,.F.);
#8377 = CONICAL_SURFACE('',#8378,11.,0.785398163397);
#8378 = AXIS2_PLACEMENT_3D('',#8379,#8380,#8381);
#8379 = CARTESIAN_POINT('',(40.,21.5,9.55E-15));
#8380 = DIRECTION('',(-0.,1.,4.4E-16));
#8381 = DIRECTION('',(1.,-3.036E-31,6.9E-16));
#8382 = ADVANCED_FACE('',(#8383),#8467,.T.);
#8383 = FACE_BOUND('',#8384,.T.);
#8384 = EDGE_LOOP('',(#8385,#8386,#8395,#8403,#8452,#8460));
#8385 = ORIENTED_EDGE('',*,*,#7934,.F.);
#8386 = ORIENTED_EDGE('',*,*,#8387,.F.);
#8387 = EDGE_CURVE('',#8388,#7935,#8390,.T.);
#8388 = VERTEX_POINT('',#8389);
#8389 = CARTESIAN_POINT('',(47.974005433047,21.5,-10.25404780926));
#8390 = CIRCLE('',#8391,2.);
#8391 = AXIS2_PLACEMENT_3D('',#8392,#8393,#8394);
#8392 = CARTESIAN_POINT('',(49.460593725541,21.5,-8.916118346021));
#8393 = DIRECTION('',(0.,1.,4.4E-16));
#8394 = DIRECTION('',(-0.743294146247,2.943444819139E-16,-0.668964731622
    ));
#8395 = ORIENTED_EDGE('',*,*,#8396,.T.);
#8396 = EDGE_CURVE('',#8388,#8397,#8399,.T.);
#8397 = VERTEX_POINT('',#8398);
#8398 = CARTESIAN_POINT('',(47.974005433047,16.932100121208,
    -10.25404780926));
#8399 = LINE('',#8400,#8401);
#8400 = CARTESIAN_POINT('',(47.974005433047,22.,-10.25404780926));
#8401 = VECTOR('',#8402,1.);
#8402 = DIRECTION('',(-0.,-1.,-6.7E-16));
#8403 = ORIENTED_EDGE('',*,*,#8404,.F.);
#8404 = EDGE_CURVE('',#8405,#8397,#8407,.T.);
#8405 = VERTEX_POINT('',#8406);
#8406 = CARTESIAN_POINT('',(47.974005433047,11.067899878792,
    -10.25404780926));
#8407 = B_SPLINE_CURVE_WITH_KNOTS('',7,(#8408,#8409,#8410,#8411,#8412,
    #8413,#8414,#8415,#8416,#8417,#8418,#8419,#8420,#8421,#8422,#8423,
    #8424,#8425,#8426,#8427,#8428,#8429,#8430,#8431,#8432,#8433,#8434,
    #8435,#8436,#8437,#8438,#8439,#8440,#8441,#8442,#8443,#8444,#8445,
    #8446,#8447,#8448,#8449,#8450,#8451),.UNSPECIFIED.,.F.,.F.,(8,6,6,6,
    6,6,6,8),(0.,7.298785142007E-02,0.245772858086,0.375507758467,
    0.500114652001,0.625497580754,0.754839013961,1.),.UNSPECIFIED.);
#8408 = CARTESIAN_POINT('',(47.974005433047,11.067899878792,
    -10.25404780926));
#8409 = CARTESIAN_POINT('',(47.937398489649,11.118678292751,
    -10.21337342771));
#8410 = CARTESIAN_POINT('',(47.903022668676,11.170380297844,
    -10.17256694612));
#8411 = CARTESIAN_POINT('',(47.870779967879,11.22293450477,
    -10.13175884165));
#8412 = CARTESIAN_POINT('',(47.840573436769,11.276271331795,
    -10.09106661125));
#8413 = CARTESIAN_POINT('',(47.81230735499,11.330323557305,
    -10.05059617992));
#8414 = CARTESIAN_POINT('',(47.785887410697,11.385026872348,
    -10.01044330897));
#8415 = CARTESIAN_POINT('',(47.702827505618,11.571217535779,
    -9.876598371076));
#8416 = CARTESIAN_POINT('',(47.654217963896,11.705517969695,
    -9.78470046402));
#8417 = CARTESIAN_POINT('',(47.614083763324,11.842656533536,
    -9.6959902425));
#8418 = CARTESIAN_POINT('',(47.581254574127,11.982227555672,
    -9.611196454024));
#8419 = CARTESIAN_POINT('',(47.554677724802,12.123989195015,
    -9.530900216167));
#8420 = CARTESIAN_POINT('',(47.533400271289,12.267861779895,
    -9.455626453847));
#8421 = CARTESIAN_POINT('',(47.503904413243,12.523587528311,
    -9.333571031341));
#8422 = CARTESIAN_POINT('',(47.49375188027,12.634498185829,
    -9.284358154703));
#8423 = CARTESIAN_POINT('',(47.485743437679,12.746563056805,
    -9.238563204318));
#8424 = CARTESIAN_POINT('',(47.479539372281,12.859707886393,
    -9.196471493491));
#8425 = CARTESIAN_POINT('',(47.47481356048,12.973880698371,
    -9.158364594977));
#8426 = CARTESIAN_POINT('',(47.471263165465,13.089058562046,
    -9.124518163827));
#8427 = CARTESIAN_POINT('',(47.46609568054,13.316856001704,
    -9.067038718665));
#8428 = CARTESIAN_POINT('',(47.464405847815,13.429478446383,
    -9.043034317899));
#8429 = CARTESIAN_POINT('',(47.463335729648,13.542830789386,
    -9.02350964025));
#8430 = CARTESIAN_POINT('',(47.462681910545,13.656700261088,
    -9.008699549518));
#8431 = CARTESIAN_POINT('',(47.46229571201,13.770930446998,
    -8.998761331525));
#8432 = CARTESIAN_POINT('',(47.46210220843,13.885399831701,
    -8.993782082965));
#8433 = CARTESIAN_POINT('',(47.46210220843,14.11531388296,
    -8.993782082965));
#8434 = CARTESIAN_POINT('',(47.462298130094,14.230492790793,
    -8.998823543459));
#8435 = CARTESIAN_POINT('',(47.46268913215,14.345427401394,
    -9.008885407764));
#8436 = CARTESIAN_POINT('',(47.463352029123,14.459994950397,
    -9.023878403564));
#8437 = CARTESIAN_POINT('',(47.464439199084,14.574036886193,
    -9.043641607922));
#8438 = CARTESIAN_POINT('',(47.466158917871,14.687336887565,
    -9.067934870822));
#8439 = CARTESIAN_POINT('',(47.471398750478,14.91540587096,
    -9.125818860822));
#8440 = CARTESIAN_POINT('',(47.474976115261,15.030199863671,
    -9.159702090284));
#8441 = CARTESIAN_POINT('',(47.479729646311,15.143993018545,
    -9.197812059628));
#8442 = CARTESIAN_POINT('',(47.48595991959,15.256762686744,
    -9.239875533356));
#8443 = CARTESIAN_POINT('',(47.493990360826,15.36845775959,
    -9.285613700057));
#8444 = CARTESIAN_POINT('',(47.504157854741,15.479005315771,
    -9.334744320078));
#8445 = CARTESIAN_POINT('',(47.540798120251,15.795515173219,
    -9.485999368163));
#8446 = CARTESIAN_POINT('',(47.573754234441,15.998581291621,
    -9.596329126279));
#8447 = CARTESIAN_POINT('',(47.618183810882,16.197520943659,
    -9.716388967121));
#8448 = CARTESIAN_POINT('',(47.676920948755,16.391795302536,
    -9.844634897391));
#8449 = CARTESIAN_POINT('',(47.753197801517,16.580289100414,
    -9.979126026827));
#8450 = CARTESIAN_POINT('',(47.850794148591,16.76119064268,
    -10.11714638209));
#8451 = CARTESIAN_POINT('',(47.974005433047,16.932100121208,
    -10.25404780926));
#8452 = ORIENTED_EDGE('',*,*,#8453,.T.);
#8453 = EDGE_CURVE('',#8405,#8454,#8456,.T.);
#8454 = VERTEX_POINT('',#8455);
#8455 = CARTESIAN_POINT('',(47.974005433047,6.5,-10.25404780926));
#8456 = LINE('',#8457,#8458);
#8457 = CARTESIAN_POINT('',(47.974005433047,22.,-10.25404780926));
#8458 = VECTOR('',#8459,1.);
#8459 = DIRECTION('',(-0.,-1.,-6.7E-16));
#8460 = ORIENTED_EDGE('',*,*,#8461,.T.);
#8461 = EDGE_CURVE('',#8454,#7937,#8462,.T.);
#8462 = CIRCLE('',#8463,2.);
#8463 = AXIS2_PLACEMENT_3D('',#8464,#8465,#8466);
#8464 = CARTESIAN_POINT('',(49.460593725541,6.5,-8.916118346021));
#8465 = DIRECTION('',(0.,1.,4.4E-16));
#8466 = DIRECTION('',(-0.743294146247,2.943444819139E-16,-0.668964731622
    ));
#8467 = CYLINDRICAL_SURFACE('',#8468,2.);
#8468 = AXIS2_PLACEMENT_3D('',#8469,#8470,#8471);
#8469 = CARTESIAN_POINT('',(49.460593725541,22.,-8.916118346021));
#8470 = DIRECTION('',(-0.,-1.,-6.7E-16));
#8471 = DIRECTION('',(-0.727737978888,-4.595230224488E-16,0.685855257386
    ));
#8472 = ADVANCED_FACE('',(#8473),#8484,.F.);
#8473 = FACE_BOUND('',#8474,.F.);
#8474 = EDGE_LOOP('',(#8475,#8481,#8482,#8483));
#8475 = ORIENTED_EDGE('',*,*,#8476,.F.);
#8476 = EDGE_CURVE('',#8302,#7935,#8477,.T.);
#8477 = LINE('',#8478,#8479);
#8478 = CARTESIAN_POINT('',(48.005117767766,21.5,-7.544407831249));
#8479 = VECTOR('',#8480,1.);
#8480 = DIRECTION('',(-0.514588459799,-0.707106781187,0.48497290341));
#8481 = ORIENTED_EDGE('',*,*,#8310,.T.);
#8482 = ORIENTED_EDGE('',*,*,#8369,.T.);
#8483 = ORIENTED_EDGE('',*,*,#7944,.F.);
#8484 = CONICAL_SURFACE('',#8485,11.,0.785398163397);
#8485 = AXIS2_PLACEMENT_3D('',#8486,#8487,#8488);
#8486 = CARTESIAN_POINT('',(40.,21.5,9.55E-15));
#8487 = DIRECTION('',(-0.,1.,4.4E-16));
#8488 = DIRECTION('',(0.727737978888,3.017763132499E-16,-0.685855257386)
  );
#8489 = ADVANCED_FACE('',(#8490),#8506,.F.);
#8490 = FACE_BOUND('',#8491,.T.);
#8491 = EDGE_LOOP('',(#8492,#8498,#8499,#8505));
#8492 = ORIENTED_EDGE('',*,*,#8493,.F.);
#8493 = EDGE_CURVE('',#8072,#7937,#8494,.T.);
#8494 = LINE('',#8495,#8496);
#8495 = CARTESIAN_POINT('',(48.005117767766,6.5,-7.544407831249));
#8496 = VECTOR('',#8497,1.);
#8497 = DIRECTION('',(-0.514588459799,0.707106781187,0.48497290341));
#8498 = ORIENTED_EDGE('',*,*,#8080,.T.);
#8499 = ORIENTED_EDGE('',*,*,#8500,.T.);
#8500 = EDGE_CURVE('',#8081,#7962,#8501,.T.);
#8501 = LINE('',#8502,#8503);
#8502 = CARTESIAN_POINT('',(51.,6.5,-2.44E-15));
#8503 = VECTOR('',#8504,1.);
#8504 = DIRECTION('',(-0.707106781187,0.707106781187,6.5E-16));
#8505 = ORIENTED_EDGE('',*,*,#7970,.F.);
#8506 = CONICAL_SURFACE('',#8507,11.,0.785398163397);
#8507 = AXIS2_PLACEMENT_3D('',#8508,#8509,#8510);
#8508 = CARTESIAN_POINT('',(40.,6.5,2.89E-15));
#8509 = DIRECTION('',(0.,-1.,-4.4E-16));
#8510 = DIRECTION('',(0.727737978888,3.017763132499E-16,-0.685855257386)
  );
#8511 = ADVANCED_FACE('',(#8512),#8518,.F.);
#8512 = FACE_BOUND('',#8513,.T.);
#8513 = EDGE_LOOP('',(#8514,#8515,#8516,#8517));
#8514 = ORIENTED_EDGE('',*,*,#8500,.F.);
#8515 = ORIENTED_EDGE('',*,*,#8089,.T.);
#8516 = ORIENTED_EDGE('',*,*,#7985,.T.);
#8517 = ORIENTED_EDGE('',*,*,#7961,.F.);
#8518 = CONICAL_SURFACE('',#8519,11.,0.785398163397);
#8519 = AXIS2_PLACEMENT_3D('',#8520,#8521,#8522);
#8520 = CARTESIAN_POINT('',(40.,6.5,2.89E-15));
#8521 = DIRECTION('',(0.,-1.,-4.4E-16));
#8522 = DIRECTION('',(1.,0.,0.));
#8523 = ADVANCED_FACE('',(#8524),#8549,.T.);
#8524 = FACE_BOUND('',#8525,.T.);
#8525 = EDGE_LOOP('',(#8526,#8534,#8535,#8543));
#8526 = ORIENTED_EDGE('',*,*,#8527,.F.);
#8527 = EDGE_CURVE('',#8011,#8528,#8530,.T.);
#8528 = VERTEX_POINT('',#8529);
#8529 = CARTESIAN_POINT('',(43.59586348308,6.5,24.337929463245));
#8530 = LINE('',#8531,#8532);
#8531 = CARTESIAN_POINT('',(43.410039946518,6.25,24.170688280339));
#8532 = VECTOR('',#8533,1.);
#8533 = DIRECTION('',(0.525588331228,0.707106781187,0.473029498105));
#8534 = ORIENTED_EDGE('',*,*,#8010,.T.);
#8535 = ORIENTED_EDGE('',*,*,#8536,.T.);
#8536 = EDGE_CURVE('',#8013,#8537,#8539,.T.);
#8537 = VERTEX_POINT('',#8538);
#8538 = CARTESIAN_POINT('',(65.486588292494,6.5,1.490189722852E-02));
#8539 = LINE('',#8540,#8541);
#8540 = CARTESIAN_POINT('',(65.300764755933,6.25,-0.152339285677));
#8541 = VECTOR('',#8542,1.);
#8542 = DIRECTION('',(0.525588331228,0.707106781187,0.473029498105));
#8543 = ORIENTED_EDGE('',*,*,#8544,.F.);
#8544 = EDGE_CURVE('',#8528,#8537,#8545,.T.);
#8545 = LINE('',#8546,#8547);
#8546 = CARTESIAN_POINT('',(43.59586348308,6.5,24.337929463245));
#8547 = VECTOR('',#8548,1.);
#8548 = DIRECTION('',(0.668964731622,5.E-16,-0.743294146247));
#8549 = PLANE('',#8550);
#8550 = AXIS2_PLACEMENT_3D('',#8551,#8552,#8553);
#8551 = CARTESIAN_POINT('',(43.410039946518,6.25,24.170688280339));
#8552 = DIRECTION('',(0.525588331228,-0.707106781187,0.473029498105));
#8553 = DIRECTION('',(0.668964731622,3.053113317719E-16,-0.743294146247)
  );
#8554 = ADVANCED_FACE('',(#8555),#8574,.T.);
#8555 = FACE_BOUND('',#8556,.T.);
#8556 = EDGE_LOOP('',(#8557,#8565,#8566,#8567));
#8557 = ORIENTED_EDGE('',*,*,#8558,.F.);
#8558 = EDGE_CURVE('',#8125,#8559,#8561,.T.);
#8559 = VERTEX_POINT('',#8560);
#8560 = CARTESIAN_POINT('',(42.109275190585,6.5,25.));
#8561 = LINE('',#8562,#8563);
#8562 = CARTESIAN_POINT('',(42.109275190585,6.25,24.75));
#8563 = VECTOR('',#8564,1.);
#8564 = DIRECTION('',(-0.,0.707106781187,0.707106781187));
#8565 = ORIENTED_EDGE('',*,*,#8132,.T.);
#8566 = ORIENTED_EDGE('',*,*,#8527,.T.);
#8567 = ORIENTED_EDGE('',*,*,#8568,.F.);
#8568 = EDGE_CURVE('',#8559,#8528,#8569,.T.);
#8569 = CIRCLE('',#8570,2.);
#8570 = AXIS2_PLACEMENT_3D('',#8571,#8572,#8573);
#8571 = CARTESIAN_POINT('',(42.109275190585,6.5,23.));
#8572 = DIRECTION('',(-0.,1.,4.4E-16));
#8573 = DIRECTION('',(0.,-4.4E-16,1.));
#8574 = CONICAL_SURFACE('',#8575,2.,0.785398163397);
#8575 = AXIS2_PLACEMENT_3D('',#8576,#8577,#8578);
#8576 = CARTESIAN_POINT('',(42.109275190585,6.5,23.));
#8577 = DIRECTION('',(-0.,1.,4.4E-16));
#8578 = DIRECTION('',(0.,-4.4E-16,1.));
#8579 = ADVANCED_FACE('',(#8580),#8599,.T.);
#8580 = FACE_BOUND('',#8581,.T.);
#8581 = EDGE_LOOP('',(#8582,#8583,#8584,#8592));
#8582 = ORIENTED_EDGE('',*,*,#8536,.F.);
#8583 = ORIENTED_EDGE('',*,*,#8020,.T.);
#8584 = ORIENTED_EDGE('',*,*,#8585,.T.);
#8585 = EDGE_CURVE('',#8021,#8586,#8588,.T.);
#8586 = VERTEX_POINT('',#8587);
#8587 = CARTESIAN_POINT('',(66.,6.5,-1.323027566016));
#8588 = LINE('',#8589,#8590);
#8589 = CARTESIAN_POINT('',(66.,6.5,-1.323027566016));
#8590 = VECTOR('',#8591,1.);
#8591 = DIRECTION('',(0.707106781187,0.707106781187,3.1E-16));
#8592 = ORIENTED_EDGE('',*,*,#8593,.F.);
#8593 = EDGE_CURVE('',#8537,#8586,#8594,.T.);
#8594 = CIRCLE('',#8595,2.);
#8595 = AXIS2_PLACEMENT_3D('',#8596,#8597,#8598);
#8596 = CARTESIAN_POINT('',(64.,6.5,-1.323027566016));
#8597 = DIRECTION('',(-2.465190328816E-32,1.,4.4E-16));
#8598 = DIRECTION('',(0.743294146247,-2.943444819139E-16,0.668964731622)
  );
#8599 = CONICAL_SURFACE('',#8600,2.,0.785398163397);
#8600 = AXIS2_PLACEMENT_3D('',#8601,#8602,#8603);
#8601 = CARTESIAN_POINT('',(64.,6.5,-1.323027566016));
#8602 = DIRECTION('',(-0.,1.,4.4E-16));
#8603 = DIRECTION('',(0.743294146247,-2.943444819139E-16,0.668964731622)
  );
#8604 = ADVANCED_FACE('',(#8605),#8623,.F.);
#8605 = FACE_BOUND('',#8606,.T.);
#8606 = EDGE_LOOP('',(#8607,#8615,#8616,#8617));
#8607 = ORIENTED_EDGE('',*,*,#8608,.F.);
#8608 = EDGE_CURVE('',#8116,#8609,#8611,.T.);
#8609 = VERTEX_POINT('',#8610);
#8610 = CARTESIAN_POINT('',(33.767472010461,6.5,25.));
#8611 = LINE('',#8612,#8613);
#8612 = CARTESIAN_POINT('',(33.767472010461,6.5,25.));
#8613 = VECTOR('',#8614,1.);
#8614 = DIRECTION('',(4.4E-16,0.707106781187,0.707106781187));
#8615 = ORIENTED_EDGE('',*,*,#8124,.T.);
#8616 = ORIENTED_EDGE('',*,*,#8558,.T.);
#8617 = ORIENTED_EDGE('',*,*,#8618,.F.);
#8618 = EDGE_CURVE('',#8609,#8559,#8619,.T.);
#8619 = LINE('',#8620,#8621);
#8620 = CARTESIAN_POINT('',(33.767472010461,6.5,25.));
#8621 = VECTOR('',#8622,1.);
#8622 = DIRECTION('',(1.,-0.,-0.));
#8623 = PLANE('',#8624);
#8624 = AXIS2_PLACEMENT_3D('',#8625,#8626,#8627);
#8625 = CARTESIAN_POINT('',(33.767472010461,6.25,24.75));
#8626 = DIRECTION('',(0.,0.707106781187,-0.707106781187));
#8627 = DIRECTION('',(-1.,0.,-0.));
#8628 = ADVANCED_FACE('',(#8629),#8647,.F.);
#8629 = FACE_BOUND('',#8630,.T.);
#8630 = EDGE_LOOP('',(#8631,#8632,#8633,#8641));
#8631 = ORIENTED_EDGE('',*,*,#8585,.F.);
#8632 = ORIENTED_EDGE('',*,*,#8029,.T.);
#8633 = ORIENTED_EDGE('',*,*,#8634,.T.);
#8634 = EDGE_CURVE('',#8030,#8635,#8637,.T.);
#8635 = VERTEX_POINT('',#8636);
#8636 = CARTESIAN_POINT('',(66.,6.5,-6.199275190585));
#8637 = LINE('',#8638,#8639);
#8638 = CARTESIAN_POINT('',(65.75,6.25,-6.199275190585));
#8639 = VECTOR('',#8640,1.);
#8640 = DIRECTION('',(0.707106781187,0.707106781187,4.7E-16));
#8641 = ORIENTED_EDGE('',*,*,#8642,.F.);
#8642 = EDGE_CURVE('',#8586,#8635,#8643,.T.);
#8643 = LINE('',#8644,#8645);
#8644 = CARTESIAN_POINT('',(66.,6.5,-1.323027566016));
#8645 = VECTOR('',#8646,1.);
#8646 = DIRECTION('',(-0.,6.7E-16,-1.));
#8647 = PLANE('',#8648);
#8648 = AXIS2_PLACEMENT_3D('',#8649,#8650,#8651);
#8649 = CARTESIAN_POINT('',(65.75,6.25,-1.323027566016));
#8650 = DIRECTION('',(-0.707106781187,0.707106781187,3.2E-16));
#8651 = DIRECTION('',(-1.087258300203E-16,-5.612741699797E-16,1.));
#8652 = ADVANCED_FACE('',(#8653),#8670,.T.);
#8653 = FACE_BOUND('',#8654,.T.);
#8654 = EDGE_LOOP('',(#8655,#8661,#8662,#8663));
#8655 = ORIENTED_EDGE('',*,*,#8656,.F.);
#8656 = EDGE_CURVE('',#8108,#8219,#8657,.T.);
#8657 = LINE('',#8658,#8659);
#8658 = CARTESIAN_POINT('',(32.596783730122,6.25,24.300764755933));
#8659 = VECTOR('',#8660,1.);
#8660 = DIRECTION('',(-0.473029498105,0.707106781187,0.525588331228));
#8661 = ORIENTED_EDGE('',*,*,#8115,.T.);
#8662 = ORIENTED_EDGE('',*,*,#8608,.T.);
#8663 = ORIENTED_EDGE('',*,*,#8664,.F.);
#8664 = EDGE_CURVE('',#8219,#8609,#8665,.T.);
#8665 = CIRCLE('',#8666,2.);
#8666 = AXIS2_PLACEMENT_3D('',#8667,#8668,#8669);
#8667 = CARTESIAN_POINT('',(33.767472010461,6.5,23.));
#8668 = DIRECTION('',(-2.465190328816E-32,1.,4.4E-16));
#8669 = DIRECTION('',(-0.668964731622,-3.270494243488E-16,0.743294146247
    ));
#8670 = CONICAL_SURFACE('',#8671,2.,0.785398163397);
#8671 = AXIS2_PLACEMENT_3D('',#8672,#8673,#8674);
#8672 = CARTESIAN_POINT('',(33.767472010461,6.5,23.));
#8673 = DIRECTION('',(-0.,1.,4.4E-16));
#8674 = DIRECTION('',(-0.668964731622,-3.270494243488E-16,0.743294146247
    ));
#8675 = ADVANCED_FACE('',(#8676),#8695,.T.);
#8676 = FACE_BOUND('',#8677,.T.);
#8677 = EDGE_LOOP('',(#8678,#8679,#8680,#8688));
#8678 = ORIENTED_EDGE('',*,*,#8634,.F.);
#8679 = ORIENTED_EDGE('',*,*,#8037,.T.);
#8680 = ORIENTED_EDGE('',*,*,#8681,.T.);
#8681 = EDGE_CURVE('',#8038,#8682,#8684,.T.);
#8682 = VERTEX_POINT('',#8683);
#8683 = CARTESIAN_POINT('',(65.337929463245,6.5,-7.68586348308));
#8684 = LINE('',#8685,#8686);
#8685 = CARTESIAN_POINT('',(65.337929463245,6.5,-7.68586348308));
#8686 = VECTOR('',#8687,1.);
#8687 = DIRECTION('',(0.473029498105,0.707106781187,-0.525588331228));
#8688 = ORIENTED_EDGE('',*,*,#8689,.F.);
#8689 = EDGE_CURVE('',#8635,#8682,#8690,.T.);
#8690 = CIRCLE('',#8691,2.);
#8691 = AXIS2_PLACEMENT_3D('',#8692,#8693,#8694);
#8692 = CARTESIAN_POINT('',(64.,6.5,-6.199275190585));
#8693 = DIRECTION('',(0.,1.,4.4E-16));
#8694 = DIRECTION('',(1.,1.936E-31,-4.4E-16));
#8695 = CONICAL_SURFACE('',#8696,2.,0.785398163397);
#8696 = AXIS2_PLACEMENT_3D('',#8697,#8698,#8699);
#8697 = CARTESIAN_POINT('',(64.,6.5,-6.199275190585));
#8698 = DIRECTION('',(-0.,1.,4.4E-16));
#8699 = DIRECTION('',(1.,1.936E-31,-4.4E-16));
#8700 = ADVANCED_FACE('',(#8701),#8707,.T.);
#8701 = FACE_BOUND('',#8702,.T.);
#8702 = EDGE_LOOP('',(#8703,#8704,#8705,#8706));
#8703 = ORIENTED_EDGE('',*,*,#8149,.F.);
#8704 = ORIENTED_EDGE('',*,*,#8107,.T.);
#8705 = ORIENTED_EDGE('',*,*,#8656,.T.);
#8706 = ORIENTED_EDGE('',*,*,#8226,.F.);
#8707 = PLANE('',#8708);
#8708 = AXIS2_PLACEMENT_3D('',#8709,#8710,#8711);
#8709 = CARTESIAN_POINT('',(25.397123621647,6.25,17.821070658306));
#8710 = DIRECTION('',(-0.473029498105,-0.707106781187,0.525588331228));
#8711 = DIRECTION('',(0.743294146247,-4.996003610813E-16,0.668964731622)
  );
#8712 = ADVANCED_FACE('',(#8713),#8731,.T.);
#8713 = FACE_BOUND('',#8714,.T.);
#8714 = EDGE_LOOP('',(#8715,#8716,#8717,#8725));
#8715 = ORIENTED_EDGE('',*,*,#8681,.F.);
#8716 = ORIENTED_EDGE('',*,*,#8046,.T.);
#8717 = ORIENTED_EDGE('',*,*,#8718,.T.);
#8718 = EDGE_CURVE('',#8047,#8719,#8721,.T.);
#8719 = VERTEX_POINT('',#8720);
#8720 = CARTESIAN_POINT('',(55.954191831007,6.5,-16.13122735209));
#8721 = LINE('',#8722,#8723);
#8722 = CARTESIAN_POINT('',(55.786950648101,6.25,-15.94540381553));
#8723 = VECTOR('',#8724,1.);
#8724 = DIRECTION('',(0.473029498105,0.707106781187,-0.525588331228));
#8725 = ORIENTED_EDGE('',*,*,#8726,.F.);
#8726 = EDGE_CURVE('',#8682,#8719,#8727,.T.);
#8727 = LINE('',#8728,#8729);
#8728 = CARTESIAN_POINT('',(65.337929463245,6.5,-7.68586348308));
#8729 = VECTOR('',#8730,1.);
#8730 = DIRECTION('',(-0.743294146247,4.5E-16,-0.668964731622));
#8731 = PLANE('',#8732);
#8732 = AXIS2_PLACEMENT_3D('',#8733,#8734,#8735);
#8733 = CARTESIAN_POINT('',(65.170688280339,6.25,-7.500039946518));
#8734 = DIRECTION('',(0.473029498105,-0.707106781187,-0.525588331228));
#8735 = DIRECTION('',(-0.743294146247,3.053113317719E-16,-0.668964731622
    ));
#8736 = ADVANCED_FACE('',(#8737),#8756,.T.);
#8737 = FACE_BOUND('',#8738,.T.);
#8738 = EDGE_LOOP('',(#8739,#8740,#8741,#8749));
#8739 = ORIENTED_EDGE('',*,*,#8718,.F.);
#8740 = ORIENTED_EDGE('',*,*,#8054,.T.);
#8741 = ORIENTED_EDGE('',*,*,#8742,.T.);
#8742 = EDGE_CURVE('',#8055,#8743,#8745,.T.);
#8743 = VERTEX_POINT('',#8744);
#8744 = CARTESIAN_POINT('',(53.129674075267,6.5,-15.98256852284));
#8745 = LINE('',#8746,#8747);
#8746 = CARTESIAN_POINT('',(53.129674075267,6.5,-15.98256852284));
#8747 = VECTOR('',#8748,1.);
#8748 = DIRECTION('',(-0.525588331228,0.707106781187,-0.473029498105));
#8749 = ORIENTED_EDGE('',*,*,#8750,.F.);
#8750 = EDGE_CURVE('',#8719,#8743,#8751,.T.);
#8751 = CIRCLE('',#8752,2.);
#8752 = AXIS2_PLACEMENT_3D('',#8753,#8754,#8755);
#8753 = CARTESIAN_POINT('',(54.616262367762,6.5,-14.6446390596));
#8754 = DIRECTION('',(0.,1.,4.4E-16));
#8755 = DIRECTION('',(0.668964731622,3.270494243488E-16,-0.743294146247)
  );
#8756 = CONICAL_SURFACE('',#8757,2.,0.785398163397);
#8757 = AXIS2_PLACEMENT_3D('',#8758,#8759,#8760);
#8758 = CARTESIAN_POINT('',(54.616262367762,6.5,-14.6446390596));
#8759 = DIRECTION('',(-0.,1.,4.4E-16));
#8760 = DIRECTION('',(0.668964731622,3.270494243488E-16,-0.743294146247)
  );
#8761 = ADVANCED_FACE('',(#8762),#8778,.F.);
#8762 = FACE_BOUND('',#8763,.T.);
#8763 = EDGE_LOOP('',(#8764,#8765,#8766,#8772));
#8764 = ORIENTED_EDGE('',*,*,#8742,.F.);
#8765 = ORIENTED_EDGE('',*,*,#8063,.T.);
#8766 = ORIENTED_EDGE('',*,*,#8767,.T.);
#8767 = EDGE_CURVE('',#8064,#8454,#8768,.T.);
#8768 = LINE('',#8769,#8770);
#8769 = CARTESIAN_POINT('',(48.159828969609,6.25,-10.08680662636));
#8770 = VECTOR('',#8771,1.);
#8771 = DIRECTION('',(-0.525588331228,0.707106781187,-0.473029498105));
#8772 = ORIENTED_EDGE('',*,*,#8773,.F.);
#8773 = EDGE_CURVE('',#8743,#8454,#8774,.T.);
#8774 = LINE('',#8775,#8776);
#8775 = CARTESIAN_POINT('',(53.129674075267,6.5,-15.98256852284));
#8776 = VECTOR('',#8777,1.);
#8777 = DIRECTION('',(-0.668964731622,-5.E-16,0.743294146247));
#8778 = PLANE('',#8779);
#8779 = AXIS2_PLACEMENT_3D('',#8780,#8781,#8782);
#8780 = CARTESIAN_POINT('',(53.315497611829,6.25,-15.81532733993));
#8781 = DIRECTION('',(0.525588331228,0.707106781187,0.473029498105));
#8782 = DIRECTION('',(0.668964731622,5.551115123126E-16,-0.743294146247)
  );
#8783 = ADVANCED_FACE('',(#8784),#8790,.T.);
#8784 = FACE_BOUND('',#8785,.T.);
#8785 = EDGE_LOOP('',(#8786,#8787,#8788,#8789));
#8786 = ORIENTED_EDGE('',*,*,#8767,.F.);
#8787 = ORIENTED_EDGE('',*,*,#8071,.T.);
#8788 = ORIENTED_EDGE('',*,*,#8493,.T.);
#8789 = ORIENTED_EDGE('',*,*,#8461,.F.);
#8790 = CONICAL_SURFACE('',#8791,2.,0.785398163397);
#8791 = AXIS2_PLACEMENT_3D('',#8792,#8793,#8794);
#8792 = CARTESIAN_POINT('',(49.460593725541,6.5,-8.916118346021));
#8793 = DIRECTION('',(-0.,1.,4.4E-16));
#8794 = DIRECTION('',(-0.743294146247,2.943444819139E-16,-0.668964731622
    ));
#8795 = ADVANCED_FACE('',(#8796),#8867,.F.);
#8796 = FACE_BOUND('',#8797,.F.);
#8797 = EDGE_LOOP('',(#8798,#8806,#8815,#8832,#8841,#8858,#8865,#8866));
#8798 = ORIENTED_EDGE('',*,*,#8799,.F.);
#8799 = EDGE_CURVE('',#8800,#8165,#8802,.T.);
#8800 = VERTEX_POINT('',#8801);
#8801 = CARTESIAN_POINT('',(48.252957410536,14.,19.16338065496));
#8802 = LINE('',#8803,#8804);
#8803 = CARTESIAN_POINT('',(48.252957410536,14.,19.16338065496));
#8804 = VECTOR('',#8805,1.);
#8805 = DIRECTION('',(-0.743294146247,2.4E-16,-0.668964731622));
#8806 = ORIENTED_EDGE('',*,*,#8807,.T.);
#8807 = EDGE_CURVE('',#8800,#8808,#8810,.T.);
#8808 = VERTEX_POINT('',#8809);
#8809 = CARTESIAN_POINT('',(43.59586348308,7.409915476188,
    24.337929463245));
#8810 = CIRCLE('',#8811,6.6);
#8811 = AXIS2_PLACEMENT_3D('',#8812,#8813,#8814);
#8812 = CARTESIAN_POINT('',(43.837790181828,14.,24.069122020191));
#8813 = DIRECTION('',(-0.743294146247,2.4E-16,-0.668964731622));
#8814 = DIRECTION('',(0.668964731622,3.3E-16,-0.743294146247));
#8815 = ORIENTED_EDGE('',*,*,#8816,.T.);
#8816 = EDGE_CURVE('',#8808,#8817,#8819,.T.);
#8817 = VERTEX_POINT('',#8818);
#8818 = CARTESIAN_POINT('',(42.109275190585,7.664067589739,25.));
#8819 = B_SPLINE_CURVE_WITH_KNOTS('',6,(#8820,#8821,#8822,#8823,#8824,
    #8825,#8826,#8827,#8828,#8829,#8830,#8831),.UNSPECIFIED.,.F.,.F.,(7,
    5,7),(0.,0.487627278979,1.),.UNSPECIFIED.);
#8820 = CARTESIAN_POINT('',(43.59586348308,7.409915476188,
    24.337929463245));
#8821 = CARTESIAN_POINT('',(43.496254366172,7.418086669032,
    24.448606259808));
#8822 = CARTESIAN_POINT('',(43.387467452076,7.430248919338,
    24.549594921117));
#8823 = CARTESIAN_POINT('',(43.271157656447,7.446202933778,
    24.639588524367));
#8824 = CARTESIAN_POINT('',(43.149354924633,7.465393259627,
    24.717714614428));
#8825 = CARTESIAN_POINT('',(43.024364137334,7.486950762331,
    24.783624562663));
#8826 = CARTESIAN_POINT('',(42.766669038853,7.534016919826,
    24.894329491867));
#8827 = CARTESIAN_POINT('',(42.633312090601,7.559777010522,
    24.93813374743));
#8828 = CARTESIAN_POINT('',(42.499954416323,7.586366846052,
    24.969819510348));
#8829 = CARTESIAN_POINT('',(42.367632912713,7.613027589052,
    24.990184169672));
#8830 = CARTESIAN_POINT('',(42.237179968739,7.639108090108,25.));
#8831 = CARTESIAN_POINT('',(42.109275190585,7.664067589739,25.));
#8832 = ORIENTED_EDGE('',*,*,#8833,.F.);
#8833 = EDGE_CURVE('',#8834,#8817,#8836,.T.);
#8834 = VERTEX_POINT('',#8835);
#8835 = CARTESIAN_POINT('',(42.109275190585,20.335932410261,25.));
#8836 = ELLIPSE('',#8837,9.865990967854,6.6);
#8837 = AXIS2_PLACEMENT_3D('',#8838,#8839,#8840);
#8838 = CARTESIAN_POINT('',(44.872099048282,14.,25.));
#8839 = DIRECTION('',(0.,-6.7E-16,1.));
#8840 = DIRECTION('',(-1.,-2.7E-16,-1.809E-31));
#8841 = ORIENTED_EDGE('',*,*,#8842,.T.);
#8842 = EDGE_CURVE('',#8834,#8843,#8845,.T.);
#8843 = VERTEX_POINT('',#8844);
#8844 = CARTESIAN_POINT('',(43.59586348308,20.590084523812,
    24.337929463245));
#8845 = B_SPLINE_CURVE_WITH_KNOTS('',6,(#8846,#8847,#8848,#8849,#8850,
    #8851,#8852,#8853,#8854,#8855,#8856,#8857),.UNSPECIFIED.,.F.,.F.,(7,
    5,7),(0.,0.512665273117,1.),.UNSPECIFIED.);
#8846 = CARTESIAN_POINT('',(42.109275190585,20.335932410261,25.));
#8847 = CARTESIAN_POINT('',(42.237246131871,20.360904821049,25.));
#8848 = CARTESIAN_POINT('',(42.367772219613,20.387000242269,
    24.99017400989));
#8849 = CARTESIAN_POINT('',(42.500170424225,20.41367668612,
    24.969786651866));
#8850 = CARTESIAN_POINT('',(42.633604767421,20.440281365112,
    24.938064291711));
#8851 = CARTESIAN_POINT('',(42.767034724317,20.466053688505,
    24.894209076197));
#8852 = CARTESIAN_POINT('',(43.02471095406,20.513108939232,
    24.783440585241));
#8853 = CARTESIAN_POINT('',(43.149628017213,20.534649834326,
    24.717540313451));
#8854 = CARTESIAN_POINT('',(43.271361798304,20.553825467397,
    24.639432983099));
#8855 = CARTESIAN_POINT('',(43.387603502277,20.569766619155,
    24.549470651765));
#8856 = CARTESIAN_POINT('',(43.496321755244,20.581918859067,
    24.448531383062));
#8857 = CARTESIAN_POINT('',(43.59586348308,20.590084523812,
    24.337929463245));
#8858 = ORIENTED_EDGE('',*,*,#8859,.T.);
#8859 = EDGE_CURVE('',#8843,#8800,#8860,.T.);
#8860 = CIRCLE('',#8861,6.6);
#8861 = AXIS2_PLACEMENT_3D('',#8862,#8863,#8864);
#8862 = CARTESIAN_POINT('',(43.837790181828,14.,24.069122020191));
#8863 = DIRECTION('',(-0.743294146247,2.4E-16,-0.668964731622));
#8864 = DIRECTION('',(0.668964731622,3.3E-16,-0.743294146247));
#8865 = ORIENTED_EDGE('',*,*,#8799,.T.);
#8866 = ORIENTED_EDGE('',*,*,#8164,.F.);
#8867 = CYLINDRICAL_SURFACE('',#8868,6.6);
#8868 = AXIS2_PLACEMENT_3D('',#8869,#8870,#8871);
#8869 = CARTESIAN_POINT('',(43.837790181828,14.,24.069122020191));
#8870 = DIRECTION('',(-0.743294146247,2.4E-16,-0.668964731622));
#8871 = DIRECTION('',(0.668964731622,3.3E-16,-0.743294146247));
#8872 = ADVANCED_FACE('',(#8873),#8884,.F.);
#8873 = FACE_BOUND('',#8874,.F.);
#8874 = EDGE_LOOP('',(#8875,#8876,#8877,#8883));
#8875 = ORIENTED_EDGE('',*,*,#8194,.F.);
#8876 = ORIENTED_EDGE('',*,*,#8329,.T.);
#8877 = ORIENTED_EDGE('',*,*,#8878,.T.);
#8878 = EDGE_CURVE('',#8330,#8211,#8879,.T.);
#8879 = LINE('',#8880,#8881);
#8880 = CARTESIAN_POINT('',(32.596783730122,21.75,24.300764755933));
#8881 = VECTOR('',#8882,1.);
#8882 = DIRECTION('',(-0.473029498105,-0.707106781187,0.525588331228));
#8883 = ORIENTED_EDGE('',*,*,#8210,.F.);
#8884 = PLANE('',#8885);
#8885 = AXIS2_PLACEMENT_3D('',#8886,#8887,#8888);
#8886 = CARTESIAN_POINT('',(25.397123621647,21.75,17.821070658306));
#8887 = DIRECTION('',(0.473029498105,-0.707106781187,-0.525588331228));
#8888 = DIRECTION('',(0.743294146247,-2.498001805407E-16,0.668964731622)
  );
#8889 = ADVANCED_FACE('',(#8890),#8909,.T.);
#8890 = FACE_BOUND('',#8891,.T.);
#8891 = EDGE_LOOP('',(#8892,#8893,#8894,#8902));
#8892 = ORIENTED_EDGE('',*,*,#8218,.F.);
#8893 = ORIENTED_EDGE('',*,*,#8664,.T.);
#8894 = ORIENTED_EDGE('',*,*,#8895,.T.);
#8895 = EDGE_CURVE('',#8609,#8896,#8898,.T.);
#8896 = VERTEX_POINT('',#8897);
#8897 = CARTESIAN_POINT('',(33.767472010461,21.5,25.));
#8898 = LINE('',#8899,#8900);
#8899 = CARTESIAN_POINT('',(33.767472010461,6.,25.));
#8900 = VECTOR('',#8901,1.);
#8901 = DIRECTION('',(0.,1.,6.7E-16));
#8902 = ORIENTED_EDGE('',*,*,#8903,.F.);
#8903 = EDGE_CURVE('',#8211,#8896,#8904,.T.);
#8904 = CIRCLE('',#8905,2.);
#8905 = AXIS2_PLACEMENT_3D('',#8906,#8907,#8908);
#8906 = CARTESIAN_POINT('',(33.767472010461,21.5,23.));
#8907 = DIRECTION('',(0.,1.,4.4E-16));
#8908 = DIRECTION('',(-0.668964731622,-3.270494243488E-16,0.743294146247
    ));
#8909 = CYLINDRICAL_SURFACE('',#8910,2.);
#8910 = AXIS2_PLACEMENT_3D('',#8911,#8912,#8913);
#8911 = CARTESIAN_POINT('',(33.767472010461,6.,23.));
#8912 = DIRECTION('',(0.,1.,6.7E-16));
#8913 = DIRECTION('',(-0.668964731622,-4.980070779856E-16,0.743294146247
    ));
#8914 = ADVANCED_FACE('',(#8915),#8940,.F.);
#8915 = FACE_BOUND('',#8916,.F.);
#8916 = EDGE_LOOP('',(#8917,#8925,#8926,#8934));
#8917 = ORIENTED_EDGE('',*,*,#8918,.F.);
#8918 = EDGE_CURVE('',#8241,#8919,#8921,.T.);
#8919 = VERTEX_POINT('',#8920);
#8920 = CARTESIAN_POINT('',(43.59586348308,21.5,24.337929463245));
#8921 = LINE('',#8922,#8923);
#8922 = CARTESIAN_POINT('',(43.410039946518,21.75,24.170688280339));
#8923 = VECTOR('',#8924,1.);
#8924 = DIRECTION('',(0.525588331228,-0.707106781187,0.473029498105));
#8925 = ORIENTED_EDGE('',*,*,#8240,.T.);
#8926 = ORIENTED_EDGE('',*,*,#8927,.T.);
#8927 = EDGE_CURVE('',#8243,#8928,#8930,.T.);
#8928 = VERTEX_POINT('',#8929);
#8929 = CARTESIAN_POINT('',(65.486588292494,21.5,1.490189722854E-02));
#8930 = LINE('',#8931,#8932);
#8931 = CARTESIAN_POINT('',(65.300764755933,21.75,-0.152339285677));
#8932 = VECTOR('',#8933,1.);
#8933 = DIRECTION('',(0.525588331228,-0.707106781187,0.473029498105));
#8934 = ORIENTED_EDGE('',*,*,#8935,.F.);
#8935 = EDGE_CURVE('',#8919,#8928,#8936,.T.);
#8936 = LINE('',#8937,#8938);
#8937 = CARTESIAN_POINT('',(43.59586348308,21.5,24.337929463245));
#8938 = VECTOR('',#8939,1.);
#8939 = DIRECTION('',(0.668964731622,3.3E-16,-0.743294146247));
#8940 = PLANE('',#8941);
#8941 = AXIS2_PLACEMENT_3D('',#8942,#8943,#8944);
#8942 = CARTESIAN_POINT('',(43.410039946518,21.75,24.170688280339));
#8943 = DIRECTION('',(-0.525588331228,-0.707106781187,-0.473029498105));
#8944 = DIRECTION('',(0.668964731622,4.163336342344E-16,-0.743294146247)
  );
#8945 = ADVANCED_FACE('',(#8946),#8965,.T.);
#8946 = FACE_BOUND('',#8947,.F.);
#8947 = EDGE_LOOP('',(#8948,#8956,#8957,#8958));
#8948 = ORIENTED_EDGE('',*,*,#8949,.F.);
#8949 = EDGE_CURVE('',#8347,#8950,#8952,.T.);
#8950 = VERTEX_POINT('',#8951);
#8951 = CARTESIAN_POINT('',(42.109275190585,21.5,25.));
#8952 = LINE('',#8953,#8954);
#8953 = CARTESIAN_POINT('',(42.109275190585,21.75,24.75));
#8954 = VECTOR('',#8955,1.);
#8955 = DIRECTION('',(0.,-0.707106781187,0.707106781187));
#8956 = ORIENTED_EDGE('',*,*,#8354,.T.);
#8957 = ORIENTED_EDGE('',*,*,#8918,.T.);
#8958 = ORIENTED_EDGE('',*,*,#8959,.F.);
#8959 = EDGE_CURVE('',#8950,#8919,#8960,.T.);
#8960 = CIRCLE('',#8961,2.);
#8961 = AXIS2_PLACEMENT_3D('',#8962,#8963,#8964);
#8962 = CARTESIAN_POINT('',(42.109275190585,21.5,23.));
#8963 = DIRECTION('',(-0.,1.,4.4E-16));
#8964 = DIRECTION('',(0.,-4.4E-16,1.));
#8965 = CONICAL_SURFACE('',#8966,2.,0.785398163397);
#8966 = AXIS2_PLACEMENT_3D('',#8967,#8968,#8969);
#8967 = CARTESIAN_POINT('',(42.109275190585,21.5,23.));
#8968 = DIRECTION('',(0.,-1.,-4.4E-16));
#8969 = DIRECTION('',(0.,-4.4E-16,1.));
#8970 = ADVANCED_FACE('',(#8971),#8990,.T.);
#8971 = FACE_BOUND('',#8972,.F.);
#8972 = EDGE_LOOP('',(#8973,#8974,#8975,#8983));
#8973 = ORIENTED_EDGE('',*,*,#8927,.F.);
#8974 = ORIENTED_EDGE('',*,*,#8250,.T.);
#8975 = ORIENTED_EDGE('',*,*,#8976,.T.);
#8976 = EDGE_CURVE('',#8251,#8977,#8979,.T.);
#8977 = VERTEX_POINT('',#8978);
#8978 = CARTESIAN_POINT('',(66.,21.5,-1.323027566016));
#8979 = LINE('',#8980,#8981);
#8980 = CARTESIAN_POINT('',(66.,21.5,-1.323027566016));
#8981 = VECTOR('',#8982,1.);
#8982 = DIRECTION('',(0.707106781187,-0.707106781187,9.1E-16));
#8983 = ORIENTED_EDGE('',*,*,#8984,.F.);
#8984 = EDGE_CURVE('',#8928,#8977,#8985,.T.);
#8985 = CIRCLE('',#8986,2.);
#8986 = AXIS2_PLACEMENT_3D('',#8987,#8988,#8989);
#8987 = CARTESIAN_POINT('',(64.,21.5,-1.323027566016));
#8988 = DIRECTION('',(-2.465190328816E-32,1.,4.4E-16));
#8989 = DIRECTION('',(0.743294146247,-2.943444819139E-16,0.668964731622)
  );
#8990 = CONICAL_SURFACE('',#8991,2.,0.785398163397);
#8991 = AXIS2_PLACEMENT_3D('',#8992,#8993,#8994);
#8992 = CARTESIAN_POINT('',(64.,21.5,-1.323027566016));
#8993 = DIRECTION('',(0.,-1.,-4.4E-16));
#8994 = DIRECTION('',(0.743294146247,-2.943444819139E-16,0.668964731622)
  );
#8995 = ADVANCED_FACE('',(#8996),#9012,.T.);
#8996 = FACE_BOUND('',#8997,.F.);
#8997 = EDGE_LOOP('',(#8998,#9004,#9005,#9006));
#8998 = ORIENTED_EDGE('',*,*,#8999,.F.);
#8999 = EDGE_CURVE('',#8338,#8896,#9000,.T.);
#9000 = LINE('',#9001,#9002);
#9001 = CARTESIAN_POINT('',(33.767472010461,21.5,25.));
#9002 = VECTOR('',#9003,1.);
#9003 = DIRECTION('',(1.33E-15,-0.707106781187,0.707106781187));
#9004 = ORIENTED_EDGE('',*,*,#8346,.T.);
#9005 = ORIENTED_EDGE('',*,*,#8949,.T.);
#9006 = ORIENTED_EDGE('',*,*,#9007,.F.);
#9007 = EDGE_CURVE('',#8896,#8950,#9008,.T.);
#9008 = LINE('',#9009,#9010);
#9009 = CARTESIAN_POINT('',(33.767472010461,21.5,25.));
#9010 = VECTOR('',#9011,1.);
#9011 = DIRECTION('',(1.,-0.,-0.));
#9012 = PLANE('',#9013);
#9013 = AXIS2_PLACEMENT_3D('',#9014,#9015,#9016);
#9014 = CARTESIAN_POINT('',(33.767472010461,21.75,24.75));
#9015 = DIRECTION('',(0.,0.707106781187,0.707106781187));
#9016 = DIRECTION('',(-1.,-0.,0.));
#9017 = ADVANCED_FACE('',(#9018),#9036,.T.);
#9018 = FACE_BOUND('',#9019,.F.);
#9019 = EDGE_LOOP('',(#9020,#9021,#9022,#9030));
#9020 = ORIENTED_EDGE('',*,*,#8976,.F.);
#9021 = ORIENTED_EDGE('',*,*,#8259,.T.);
#9022 = ORIENTED_EDGE('',*,*,#9023,.T.);
#9023 = EDGE_CURVE('',#8260,#9024,#9026,.T.);
#9024 = VERTEX_POINT('',#9025);
#9025 = CARTESIAN_POINT('',(66.,21.5,-6.199275190585));
#9026 = LINE('',#9027,#9028);
#9027 = CARTESIAN_POINT('',(65.75,21.75,-6.199275190585));
#9028 = VECTOR('',#9029,1.);
#9029 = DIRECTION('',(0.707106781187,-0.707106781187,-4.7E-16));
#9030 = ORIENTED_EDGE('',*,*,#9031,.F.);
#9031 = EDGE_CURVE('',#8977,#9024,#9032,.T.);
#9032 = LINE('',#9033,#9034);
#9033 = CARTESIAN_POINT('',(66.,21.5,-1.323027566016));
#9034 = VECTOR('',#9035,1.);
#9035 = DIRECTION('',(-0.,6.7E-16,-1.));
#9036 = PLANE('',#9037);
#9037 = AXIS2_PLACEMENT_3D('',#9038,#9039,#9040);
#9038 = CARTESIAN_POINT('',(65.75,21.75,-1.323027566016));
#9039 = DIRECTION('',(0.707106781187,0.707106781187,2.5E-16));
#9040 = DIRECTION('',(1.582233047034E-16,-5.117766952966E-16,1.));
#9041 = ADVANCED_FACE('',(#9042),#9048,.T.);
#9042 = FACE_BOUND('',#9043,.F.);
#9043 = EDGE_LOOP('',(#9044,#9045,#9046,#9047));
#9044 = ORIENTED_EDGE('',*,*,#8878,.F.);
#9045 = ORIENTED_EDGE('',*,*,#8337,.T.);
#9046 = ORIENTED_EDGE('',*,*,#8999,.T.);
#9047 = ORIENTED_EDGE('',*,*,#8903,.F.);
#9048 = CONICAL_SURFACE('',#9049,2.,0.785398163397);
#9049 = AXIS2_PLACEMENT_3D('',#9050,#9051,#9052);
#9050 = CARTESIAN_POINT('',(33.767472010461,21.5,23.));
#9051 = DIRECTION('',(0.,-1.,-4.4E-16));
#9052 = DIRECTION('',(-0.668964731622,-3.270494243488E-16,0.743294146247
    ));
#9053 = ADVANCED_FACE('',(#9054),#9073,.T.);
#9054 = FACE_BOUND('',#9055,.F.);
#9055 = EDGE_LOOP('',(#9056,#9057,#9058,#9066));
#9056 = ORIENTED_EDGE('',*,*,#9023,.F.);
#9057 = ORIENTED_EDGE('',*,*,#8267,.T.);
#9058 = ORIENTED_EDGE('',*,*,#9059,.T.);
#9059 = EDGE_CURVE('',#8268,#9060,#9062,.T.);
#9060 = VERTEX_POINT('',#9061);
#9061 = CARTESIAN_POINT('',(65.337929463245,21.5,-7.68586348308));
#9062 = LINE('',#9063,#9064);
#9063 = CARTESIAN_POINT('',(65.337929463245,21.5,-7.68586348308));
#9064 = VECTOR('',#9065,1.);
#9065 = DIRECTION('',(0.473029498105,-0.707106781187,-0.525588331228));
#9066 = ORIENTED_EDGE('',*,*,#9067,.F.);
#9067 = EDGE_CURVE('',#9024,#9060,#9068,.T.);
#9068 = CIRCLE('',#9069,2.);
#9069 = AXIS2_PLACEMENT_3D('',#9070,#9071,#9072);
#9070 = CARTESIAN_POINT('',(64.,21.5,-6.199275190585));
#9071 = DIRECTION('',(0.,1.,4.4E-16));
#9072 = DIRECTION('',(1.,-9.768E-31,2.22E-15));
#9073 = CONICAL_SURFACE('',#9074,2.,0.785398163397);
#9074 = AXIS2_PLACEMENT_3D('',#9075,#9076,#9077);
#9075 = CARTESIAN_POINT('',(64.,21.5,-6.199275190585));
#9076 = DIRECTION('',(0.,-1.,-4.4E-16));
#9077 = DIRECTION('',(1.,-9.768E-31,2.22E-15));
#9078 = ADVANCED_FACE('',(#9079),#9097,.F.);
#9079 = FACE_BOUND('',#9080,.F.);
#9080 = EDGE_LOOP('',(#9081,#9082,#9083,#9091));
#9081 = ORIENTED_EDGE('',*,*,#9059,.F.);
#9082 = ORIENTED_EDGE('',*,*,#8276,.T.);
#9083 = ORIENTED_EDGE('',*,*,#9084,.T.);
#9084 = EDGE_CURVE('',#8277,#9085,#9087,.T.);
#9085 = VERTEX_POINT('',#9086);
#9086 = CARTESIAN_POINT('',(55.954191831007,21.5,-16.13122735209));
#9087 = LINE('',#9088,#9089);
#9088 = CARTESIAN_POINT('',(55.786950648101,21.75,-15.94540381553));
#9089 = VECTOR('',#9090,1.);
#9090 = DIRECTION('',(0.473029498105,-0.707106781187,-0.525588331228));
#9091 = ORIENTED_EDGE('',*,*,#9092,.F.);
#9092 = EDGE_CURVE('',#9060,#9085,#9093,.T.);
#9093 = LINE('',#9094,#9095);
#9094 = CARTESIAN_POINT('',(65.337929463245,21.5,-7.68586348308));
#9095 = VECTOR('',#9096,1.);
#9096 = DIRECTION('',(-0.743294146247,3.E-16,-0.668964731622));
#9097 = PLANE('',#9098);
#9098 = AXIS2_PLACEMENT_3D('',#9099,#9100,#9101);
#9099 = CARTESIAN_POINT('',(65.170688280339,21.75,-7.500039946518));
#9100 = DIRECTION('',(-0.473029498105,-0.707106781187,0.525588331228));
#9101 = DIRECTION('',(-0.743294146247,3.608224830032E-16,-0.668964731622
    ));
#9102 = ADVANCED_FACE('',(#9103),#9122,.T.);
#9103 = FACE_BOUND('',#9104,.F.);
#9104 = EDGE_LOOP('',(#9105,#9106,#9107,#9115));
#9105 = ORIENTED_EDGE('',*,*,#9084,.F.);
#9106 = ORIENTED_EDGE('',*,*,#8284,.T.);
#9107 = ORIENTED_EDGE('',*,*,#9108,.T.);
#9108 = EDGE_CURVE('',#8285,#9109,#9111,.T.);
#9109 = VERTEX_POINT('',#9110);
#9110 = CARTESIAN_POINT('',(53.129674075267,21.5,-15.98256852284));
#9111 = LINE('',#9112,#9113);
#9112 = CARTESIAN_POINT('',(53.129674075267,21.5,-15.98256852284));
#9113 = VECTOR('',#9114,1.);
#9114 = DIRECTION('',(-0.525588331228,-0.707106781187,-0.473029498105));
#9115 = ORIENTED_EDGE('',*,*,#9116,.F.);
#9116 = EDGE_CURVE('',#9085,#9109,#9117,.T.);
#9117 = CIRCLE('',#9118,2.);
#9118 = AXIS2_PLACEMENT_3D('',#9119,#9120,#9121);
#9119 = CARTESIAN_POINT('',(54.616262367762,21.5,-14.6446390596));
#9120 = DIRECTION('',(-2.465190328816E-32,1.,4.4E-16));
#9121 = DIRECTION('',(0.668964731622,3.270494243488E-16,-0.743294146247)
  );
#9122 = CONICAL_SURFACE('',#9123,2.,0.785398163397);
#9123 = AXIS2_PLACEMENT_3D('',#9124,#9125,#9126);
#9124 = CARTESIAN_POINT('',(54.616262367762,21.5,-14.6446390596));
#9125 = DIRECTION('',(0.,-1.,-4.4E-16));
#9126 = DIRECTION('',(0.668964731622,3.270494243488E-16,-0.743294146247)
  );
#9127 = ADVANCED_FACE('',(#9128),#9144,.T.);
#9128 = FACE_BOUND('',#9129,.F.);
#9129 = EDGE_LOOP('',(#9130,#9131,#9132,#9138));
#9130 = ORIENTED_EDGE('',*,*,#9108,.F.);
#9131 = ORIENTED_EDGE('',*,*,#8293,.T.);
#9132 = ORIENTED_EDGE('',*,*,#9133,.T.);
#9133 = EDGE_CURVE('',#8294,#8388,#9134,.T.);
#9134 = LINE('',#9135,#9136);
#9135 = CARTESIAN_POINT('',(48.159828969609,21.75,-10.08680662636));
#9136 = VECTOR('',#9137,1.);
#9137 = DIRECTION('',(-0.525588331228,-0.707106781187,-0.473029498105));
#9138 = ORIENTED_EDGE('',*,*,#9139,.F.);
#9139 = EDGE_CURVE('',#9109,#8388,#9140,.T.);
#9140 = LINE('',#9141,#9142);
#9141 = CARTESIAN_POINT('',(53.129674075267,21.5,-15.98256852284));
#9142 = VECTOR('',#9143,1.);
#9143 = DIRECTION('',(-0.668964731622,-3.3E-16,0.743294146247));
#9144 = PLANE('',#9145);
#9145 = AXIS2_PLACEMENT_3D('',#9146,#9147,#9148);
#9146 = CARTESIAN_POINT('',(53.315497611829,21.75,-15.81532733993));
#9147 = DIRECTION('',(-0.525588331228,0.707106781187,-0.473029498105));
#9148 = DIRECTION('',(0.668964731622,4.163336342344E-16,-0.743294146247)
  );
#9149 = ADVANCED_FACE('',(#9150),#9156,.T.);
#9150 = FACE_BOUND('',#9151,.F.);
#9151 = EDGE_LOOP('',(#9152,#9153,#9154,#9155));
#9152 = ORIENTED_EDGE('',*,*,#9133,.F.);
#9153 = ORIENTED_EDGE('',*,*,#8301,.T.);
#9154 = ORIENTED_EDGE('',*,*,#8476,.T.);
#9155 = ORIENTED_EDGE('',*,*,#8387,.F.);
#9156 = CONICAL_SURFACE('',#9157,2.,0.785398163397);
#9157 = AXIS2_PLACEMENT_3D('',#9158,#9159,#9160);
#9158 = CARTESIAN_POINT('',(49.460593725541,21.5,-8.916118346021));
#9159 = DIRECTION('',(0.,-1.,-4.4E-16));
#9160 = DIRECTION('',(-0.743294146247,2.943444819139E-16,-0.668964731622
    ));
#9161 = ADVANCED_FACE('',(#9162),#9190,.F.);
#9162 = FACE_BOUND('',#9163,.T.);
#9163 = EDGE_LOOP('',(#9164,#9170,#9171,#9172,#9181,#9188,#9189));
#9164 = ORIENTED_EDGE('',*,*,#9165,.F.);
#9165 = EDGE_CURVE('',#8743,#9109,#9166,.T.);
#9166 = LINE('',#9167,#9168);
#9167 = CARTESIAN_POINT('',(53.129674075267,6.,-15.98256852284));
#9168 = VECTOR('',#9169,1.);
#9169 = DIRECTION('',(0.,1.,6.7E-16));
#9170 = ORIENTED_EDGE('',*,*,#8773,.T.);
#9171 = ORIENTED_EDGE('',*,*,#8453,.F.);
#9172 = ORIENTED_EDGE('',*,*,#9173,.T.);
#9173 = EDGE_CURVE('',#8405,#9174,#9176,.T.);
#9174 = VERTEX_POINT('',#9175);
#9175 = CARTESIAN_POINT('',(52.469988056408,14.,-15.24958405744));
#9176 = CIRCLE('',#9177,4.);
#9177 = AXIS2_PLACEMENT_3D('',#9178,#9179,#9180);
#9178 = CARTESIAN_POINT('',(49.794129129918,14.,-12.27640747245));
#9179 = DIRECTION('',(0.743294146247,-2.4E-16,0.668964731622));
#9180 = DIRECTION('',(0.668964731622,3.3E-16,-0.743294146247));
#9181 = ORIENTED_EDGE('',*,*,#9182,.T.);
#9182 = EDGE_CURVE('',#9174,#8397,#9183,.T.);
#9183 = CIRCLE('',#9184,4.);
#9184 = AXIS2_PLACEMENT_3D('',#9185,#9186,#9187);
#9185 = CARTESIAN_POINT('',(49.794129129918,14.,-12.27640747245));
#9186 = DIRECTION('',(0.743294146247,-2.4E-16,0.668964731622));
#9187 = DIRECTION('',(0.668964731622,3.3E-16,-0.743294146247));
#9188 = ORIENTED_EDGE('',*,*,#8396,.F.);
#9189 = ORIENTED_EDGE('',*,*,#9139,.F.);
#9190 = PLANE('',#9191);
#9191 = AXIS2_PLACEMENT_3D('',#9192,#9193,#9194);
#9192 = CARTESIAN_POINT('',(23.743294146247,-1.11E-14,16.668964731622));
#9193 = DIRECTION('',(0.743294146247,-4.5E-16,0.668964731622));
#9194 = DIRECTION('',(-0.668964731622,-5.E-16,0.743294146247));
#9195 = ADVANCED_FACE('',(#9196),#9217,.F.);
#9196 = FACE_BOUND('',#9197,.F.);
#9197 = EDGE_LOOP('',(#9198,#9206,#9213,#9214,#9215,#9216));
#9198 = ORIENTED_EDGE('',*,*,#9199,.F.);
#9199 = EDGE_CURVE('',#9200,#9174,#9202,.T.);
#9200 = VERTEX_POINT('',#9201);
#9201 = CARTESIAN_POINT('',(61.305202618636,14.,-7.297890951439));
#9202 = LINE('',#9203,#9204);
#9203 = CARTESIAN_POINT('',(61.305202618636,14.,-7.297890951439));
#9204 = VECTOR('',#9205,1.);
#9205 = DIRECTION('',(-0.743294146247,2.4E-16,-0.668964731622));
#9206 = ORIENTED_EDGE('',*,*,#9207,.T.);
#9207 = EDGE_CURVE('',#9200,#9200,#9208,.T.);
#9208 = CIRCLE('',#9209,4.);
#9209 = AXIS2_PLACEMENT_3D('',#9210,#9211,#9212);
#9210 = CARTESIAN_POINT('',(58.629343692146,14.,-4.32471436645));
#9211 = DIRECTION('',(-0.743294146247,2.4E-16,-0.668964731622));
#9212 = DIRECTION('',(0.668964731622,3.3E-16,-0.743294146247));
#9213 = ORIENTED_EDGE('',*,*,#9199,.T.);
#9214 = ORIENTED_EDGE('',*,*,#9182,.T.);
#9215 = ORIENTED_EDGE('',*,*,#8404,.F.);
#9216 = ORIENTED_EDGE('',*,*,#9173,.T.);
#9217 = CYLINDRICAL_SURFACE('',#9218,4.);
#9218 = AXIS2_PLACEMENT_3D('',#9219,#9220,#9221);
#9219 = CARTESIAN_POINT('',(58.629343692146,14.,-4.32471436645));
#9220 = DIRECTION('',(-0.743294146247,2.4E-16,-0.668964731622));
#9221 = DIRECTION('',(0.668964731622,3.3E-16,-0.743294146247));
#9222 = ADVANCED_FACE('',(#9223),#9264,.T.);
#9223 = FACE_BOUND('',#9224,.F.);
#9224 = EDGE_LOOP('',(#9225,#9233,#9234,#9240,#9241,#9242,#9248,#9249,
    #9257));
#9225 = ORIENTED_EDGE('',*,*,#9226,.F.);
#9226 = EDGE_CURVE('',#8537,#9227,#9229,.T.);
#9227 = VERTEX_POINT('',#9228);
#9228 = CARTESIAN_POINT('',(65.486588292494,7.541987366456,
    1.490189722862E-02));
#9229 = LINE('',#9230,#9231);
#9230 = CARTESIAN_POINT('',(65.486588292494,6.,1.490189722852E-02));
#9231 = VECTOR('',#9232,1.);
#9232 = DIRECTION('',(0.,1.,6.7E-16));
#9233 = ORIENTED_EDGE('',*,*,#8544,.F.);
#9234 = ORIENTED_EDGE('',*,*,#9235,.T.);
#9235 = EDGE_CURVE('',#8528,#8808,#9236,.T.);
#9236 = LINE('',#9237,#9238);
#9237 = CARTESIAN_POINT('',(43.59586348308,6.,24.337929463245));
#9238 = VECTOR('',#9239,1.);
#9239 = DIRECTION('',(0.,1.,6.7E-16));
#9240 = ORIENTED_EDGE('',*,*,#8807,.F.);
#9241 = ORIENTED_EDGE('',*,*,#8859,.F.);
#9242 = ORIENTED_EDGE('',*,*,#9243,.T.);
#9243 = EDGE_CURVE('',#8843,#8919,#9244,.T.);
#9244 = LINE('',#9245,#9246);
#9245 = CARTESIAN_POINT('',(43.59586348308,6.,24.337929463245));
#9246 = VECTOR('',#9247,1.);
#9247 = DIRECTION('',(0.,1.,6.7E-16));
#9248 = ORIENTED_EDGE('',*,*,#8935,.T.);
#9249 = ORIENTED_EDGE('',*,*,#9250,.F.);
#9250 = EDGE_CURVE('',#9251,#8928,#9253,.T.);
#9251 = VERTEX_POINT('',#9252);
#9252 = CARTESIAN_POINT('',(65.486588292494,20.458012633544,
    1.490189722863E-02));
#9253 = LINE('',#9254,#9255);
#9254 = CARTESIAN_POINT('',(65.486588292494,6.,1.490189722852E-02));
#9255 = VECTOR('',#9256,1.);
#9256 = DIRECTION('',(0.,1.,6.7E-16));
#9257 = ORIENTED_EDGE('',*,*,#9258,.F.);
#9258 = EDGE_CURVE('',#9227,#9251,#9259,.T.);
#9259 = CIRCLE('',#9260,6.6);
#9260 = AXIS2_PLACEMENT_3D('',#9261,#9262,#9263);
#9261 = CARTESIAN_POINT('',(64.575696862124,14.,1.027003486529));
#9262 = DIRECTION('',(-0.743294146247,2.4E-16,-0.668964731622));
#9263 = DIRECTION('',(0.668964731622,3.3E-16,-0.743294146247));
#9264 = PLANE('',#9265);
#9265 = AXIS2_PLACEMENT_3D('',#9266,#9267,#9268);
#9266 = CARTESIAN_POINT('',(43.,-1.665E-14,25.));
#9267 = DIRECTION('',(0.743294146247,-4.5E-16,0.668964731622));
#9268 = DIRECTION('',(-0.668964731622,-5.E-16,0.743294146247));
#9269 = ADVANCED_FACE('',(#9270),#9281,.T.);
#9270 = FACE_BOUND('',#9271,.F.);
#9271 = EDGE_LOOP('',(#9272,#9273,#9274,#9280));
#9272 = ORIENTED_EDGE('',*,*,#9235,.F.);
#9273 = ORIENTED_EDGE('',*,*,#8568,.F.);
#9274 = ORIENTED_EDGE('',*,*,#9275,.T.);
#9275 = EDGE_CURVE('',#8559,#8817,#9276,.T.);
#9276 = LINE('',#9277,#9278);
#9277 = CARTESIAN_POINT('',(42.109275190585,6.,25.));
#9278 = VECTOR('',#9279,1.);
#9279 = DIRECTION('',(0.,1.,6.7E-16));
#9280 = ORIENTED_EDGE('',*,*,#8816,.F.);
#9281 = CYLINDRICAL_SURFACE('',#9282,2.);
#9282 = AXIS2_PLACEMENT_3D('',#9283,#9284,#9285);
#9283 = CARTESIAN_POINT('',(42.109275190585,6.,23.));
#9284 = DIRECTION('',(0.,1.,6.7E-16));
#9285 = DIRECTION('',(0.743294146247,-4.48206370187E-16,0.668964731622)
  );
#9286 = ADVANCED_FACE('',(#9287),#9314,.T.);
#9287 = FACE_BOUND('',#9288,.F.);
#9288 = EDGE_LOOP('',(#9289,#9297,#9298,#9299));
#9289 = ORIENTED_EDGE('',*,*,#9290,.F.);
#9290 = EDGE_CURVE('',#8586,#9291,#9293,.T.);
#9291 = VERTEX_POINT('',#9292);
#9292 = CARTESIAN_POINT('',(66.,7.977350565996,-1.323027566016));
#9293 = LINE('',#9294,#9295);
#9294 = CARTESIAN_POINT('',(66.,6.,-1.323027566016));
#9295 = VECTOR('',#9296,1.);
#9296 = DIRECTION('',(0.,1.,6.7E-16));
#9297 = ORIENTED_EDGE('',*,*,#8593,.F.);
#9298 = ORIENTED_EDGE('',*,*,#9226,.T.);
#9299 = ORIENTED_EDGE('',*,*,#9300,.F.);
#9300 = EDGE_CURVE('',#9291,#9227,#9301,.T.);
#9301 = B_SPLINE_CURVE_WITH_KNOTS('',6,(#9302,#9303,#9304,#9305,#9306,
    #9307,#9308,#9309,#9310,#9311,#9312,#9313),.UNSPECIFIED.,.F.,.F.,(7,
    5,7),(0.,0.54490761556,1.),.UNSPECIFIED.);
#9302 = CARTESIAN_POINT('',(66.,7.977350565996,-1.323027566016));
#9303 = CARTESIAN_POINT('',(66.,7.936994309594,-1.201900084841));
#9304 = CARTESIAN_POINT('',(65.991196747331,7.89524126292,
    -1.078679867967));
#9305 = CARTESIAN_POINT('',(65.973020647211,7.852649740423,
    -0.953933373689));
#9306 = CARTESIAN_POINT('',(65.944866708891,7.809848295134,
    -0.828337582096));
#9307 = CARTESIAN_POINT('',(65.906108264994,7.767510421681,
    -0.702727379325));
#9308 = CARTESIAN_POINT('',(65.814354043316,7.691935845002,
    -0.474093324792));
#9309 = CARTESIAN_POINT('',(65.764685942461,7.658289635878,
    -0.370579941473));
#9310 = CARTESIAN_POINT('',(65.706924675117,7.625994698642,
    -0.268808348786));
#9311 = CARTESIAN_POINT('',(65.641120570377,7.595592162934,
    -0.169931080342));
#9312 = CARTESIAN_POINT('',(65.567529455135,7.567498556634,
    -7.503272792724E-02));
#9313 = CARTESIAN_POINT('',(65.486588292494,7.541987366456,
    1.490189722853E-02));
#9314 = CYLINDRICAL_SURFACE('',#9315,2.);
#9315 = AXIS2_PLACEMENT_3D('',#9316,#9317,#9318);
#9316 = CARTESIAN_POINT('',(64.,6.,-1.323027566016));
#9317 = DIRECTION('',(0.,1.,6.7E-16));
#9318 = DIRECTION('',(1.,0.,0.));
#9319 = ADVANCED_FACE('',(#9320),#9333,.F.);
#9320 = FACE_BOUND('',#9321,.T.);
#9321 = EDGE_LOOP('',(#9322,#9323,#9324,#9325,#9326,#9332));
#9322 = ORIENTED_EDGE('',*,*,#8895,.F.);
#9323 = ORIENTED_EDGE('',*,*,#8618,.T.);
#9324 = ORIENTED_EDGE('',*,*,#9275,.T.);
#9325 = ORIENTED_EDGE('',*,*,#8833,.F.);
#9326 = ORIENTED_EDGE('',*,*,#9327,.T.);
#9327 = EDGE_CURVE('',#8834,#8950,#9328,.T.);
#9328 = LINE('',#9329,#9330);
#9329 = CARTESIAN_POINT('',(42.109275190585,6.,25.));
#9330 = VECTOR('',#9331,1.);
#9331 = DIRECTION('',(0.,1.,6.7E-16));
#9332 = ORIENTED_EDGE('',*,*,#9007,.F.);
#9333 = PLANE('',#9334);
#9334 = AXIS2_PLACEMENT_3D('',#9335,#9336,#9337);
#9335 = CARTESIAN_POINT('',(66.,-1.665E-14,25.));
#9336 = DIRECTION('',(0.,6.7E-16,-1.));
#9337 = DIRECTION('',(1.,0.,0.));
#9338 = ADVANCED_FACE('',(#9339),#9358,.F.);
#9339 = FACE_BOUND('',#9340,.T.);
#9340 = EDGE_LOOP('',(#9341,#9342,#9343,#9351));
#9341 = ORIENTED_EDGE('',*,*,#9290,.F.);
#9342 = ORIENTED_EDGE('',*,*,#8642,.T.);
#9343 = ORIENTED_EDGE('',*,*,#9344,.T.);
#9344 = EDGE_CURVE('',#8635,#9345,#9347,.T.);
#9345 = VERTEX_POINT('',#9346);
#9346 = CARTESIAN_POINT('',(66.,12.111541592696,-6.199275190585));
#9347 = LINE('',#9348,#9349);
#9348 = CARTESIAN_POINT('',(66.,6.,-6.199275190585));
#9349 = VECTOR('',#9350,1.);
#9350 = DIRECTION('',(0.,1.,6.7E-16));
#9351 = ORIENTED_EDGE('',*,*,#9352,.F.);
#9352 = EDGE_CURVE('',#9291,#9345,#9353,.T.);
#9353 = ELLIPSE('',#9354,8.879391871069,6.6);
#9354 = AXIS2_PLACEMENT_3D('',#9355,#9356,#9357);
#9355 = CARTESIAN_POINT('',(66.,14.,2.308876310618));
#9356 = DIRECTION('',(1.,-0.,0.));
#9357 = DIRECTION('',(0.,3.6E-16,-1.));
#9358 = PLANE('',#9359);
#9359 = AXIS2_PLACEMENT_3D('',#9360,#9361,#9362);
#9360 = CARTESIAN_POINT('',(66.,1.665E-14,-25.));
#9361 = DIRECTION('',(-1.,-0.,-0.));
#9362 = DIRECTION('',(0.,6.7E-16,-1.));
#9363 = ADVANCED_FACE('',(#9364),#9407,.T.);
#9364 = FACE_BOUND('',#9365,.F.);
#9365 = EDGE_LOOP('',(#9366,#9372,#9373,#9374,#9387,#9400,#9406));
#9366 = ORIENTED_EDGE('',*,*,#9367,.F.);
#9367 = EDGE_CURVE('',#8682,#9060,#9368,.T.);
#9368 = LINE('',#9369,#9370);
#9369 = CARTESIAN_POINT('',(65.337929463245,6.,-7.68586348308));
#9370 = VECTOR('',#9371,1.);
#9371 = DIRECTION('',(0.,1.,6.7E-16));
#9372 = ORIENTED_EDGE('',*,*,#8689,.F.);
#9373 = ORIENTED_EDGE('',*,*,#9344,.T.);
#9374 = ORIENTED_EDGE('',*,*,#9375,.F.);
#9375 = EDGE_CURVE('',#9376,#9345,#9378,.T.);
#9376 = VERTEX_POINT('',#9377);
#9377 = CARTESIAN_POINT('',(65.957660904163,14.,-6.608620746704));
#9378 = B_SPLINE_CURVE_WITH_KNOTS('',7,(#9379,#9380,#9381,#9382,#9383,
    #9384,#9385,#9386),.UNSPECIFIED.,.F.,.F.,(8,8),(0.,1.),
  .PIECEWISE_BEZIER_KNOTS.);
#9379 = CARTESIAN_POINT('',(65.957660904162,14.,-6.608620746705));
#9380 = CARTESIAN_POINT('',(65.957660904162,13.719816542637,
    -6.608620746705));
#9381 = CARTESIAN_POINT('',(65.962469159668,13.445452632795,
    -6.585624702104));
#9382 = CARTESIAN_POINT('',(65.971728860399,13.173887495664,
    -6.541345087838));
#9383 = CARTESIAN_POINT('',(65.983270941166,12.903308318219,
    -6.477647330461));
#9384 = CARTESIAN_POINT('',(65.993774747039,12.634040997029,
    -6.396917467809));
#9385 = CARTESIAN_POINT('',(66.,12.368673276976,-6.302576631388));
#9386 = CARTESIAN_POINT('',(66.,12.111541592696,-6.199275190585));
#9387 = ORIENTED_EDGE('',*,*,#9388,.F.);
#9388 = EDGE_CURVE('',#9389,#9376,#9391,.T.);
#9389 = VERTEX_POINT('',#9390);
#9390 = CARTESIAN_POINT('',(66.,15.888458407304,-6.199275190585));
#9391 = B_SPLINE_CURVE_WITH_KNOTS('',7,(#9392,#9393,#9394,#9395,#9396,
    #9397,#9398,#9399),.UNSPECIFIED.,.F.,.F.,(8,8),(0.,1.),
  .PIECEWISE_BEZIER_KNOTS.);
#9392 = CARTESIAN_POINT('',(66.,15.888458407304,-6.199275190585));
#9393 = CARTESIAN_POINT('',(66.,15.63133028277,-6.302575201277));
#9394 = CARTESIAN_POINT('',(65.993774920865,15.365962326117,
    -6.396916472721));
#9395 = CARTESIAN_POINT('',(65.983271020387,15.096692559553,
    -6.477647426033));
#9396 = CARTESIAN_POINT('',(65.971728708831,14.826110717595,
    -6.541345763754));
#9397 = CARTESIAN_POINT('',(65.96246906569,14.554544111574,-6.5856251621
    ));
#9398 = CARTESIAN_POINT('',(65.957660904162,14.280180642976,
    -6.608620746705));
#9399 = CARTESIAN_POINT('',(65.957660904162,14.,-6.608620746705));
#9400 = ORIENTED_EDGE('',*,*,#9401,.T.);
#9401 = EDGE_CURVE('',#9389,#9024,#9402,.T.);
#9402 = LINE('',#9403,#9404);
#9403 = CARTESIAN_POINT('',(66.,6.,-6.199275190585));
#9404 = VECTOR('',#9405,1.);
#9405 = DIRECTION('',(0.,1.,6.7E-16));
#9406 = ORIENTED_EDGE('',*,*,#9067,.T.);
#9407 = CYLINDRICAL_SURFACE('',#9408,2.);
#9408 = AXIS2_PLACEMENT_3D('',#9409,#9410,#9411);
#9409 = CARTESIAN_POINT('',(64.,6.,-6.199275190585));
#9410 = DIRECTION('',(0.,1.,6.7E-16));
#9411 = DIRECTION('',(0.668964731622,4.980070779856E-16,-0.743294146247)
  );
#9412 = ADVANCED_FACE('',(#9413),#9424,.T.);
#9413 = FACE_BOUND('',#9414,.F.);
#9414 = EDGE_LOOP('',(#9415,#9416,#9417,#9423));
#9415 = ORIENTED_EDGE('',*,*,#9367,.T.);
#9416 = ORIENTED_EDGE('',*,*,#9092,.T.);
#9417 = ORIENTED_EDGE('',*,*,#9418,.F.);
#9418 = EDGE_CURVE('',#8719,#9085,#9419,.T.);
#9419 = LINE('',#9420,#9421);
#9420 = CARTESIAN_POINT('',(55.954191831007,6.,-16.13122735209));
#9421 = VECTOR('',#9422,1.);
#9422 = DIRECTION('',(0.,1.,6.7E-16));
#9423 = ORIENTED_EDGE('',*,*,#8726,.F.);
#9424 = PLANE('',#9425);
#9425 = AXIS2_PLACEMENT_3D('',#9426,#9427,#9428);
#9426 = CARTESIAN_POINT('',(66.,4.72E-15,-7.09));
#9427 = DIRECTION('',(0.668964731622,5.E-16,-0.743294146247));
#9428 = DIRECTION('',(0.743294146247,-4.5E-16,0.668964731622));
#9429 = ADVANCED_FACE('',(#9430),#9436,.T.);
#9430 = FACE_BOUND('',#9431,.F.);
#9431 = EDGE_LOOP('',(#9432,#9433,#9434,#9435));
#9432 = ORIENTED_EDGE('',*,*,#9165,.F.);
#9433 = ORIENTED_EDGE('',*,*,#8750,.F.);
#9434 = ORIENTED_EDGE('',*,*,#9418,.T.);
#9435 = ORIENTED_EDGE('',*,*,#9116,.T.);
#9436 = CYLINDRICAL_SURFACE('',#9437,2.);
#9437 = AXIS2_PLACEMENT_3D('',#9438,#9439,#9440);
#9438 = CARTESIAN_POINT('',(54.616262367762,6.,-14.6446390596));
#9439 = DIRECTION('',(0.,1.,6.7E-16));
#9440 = DIRECTION('',(-0.743294146247,4.48206370187E-16,-0.668964731622)
  );
#9441 = ADVANCED_FACE('',(#9442),#9448,.T.);
#9442 = FACE_BOUND('',#9443,.F.);
#9443 = EDGE_LOOP('',(#9444,#9445,#9446,#9447));
#9444 = ORIENTED_EDGE('',*,*,#9243,.F.);
#9445 = ORIENTED_EDGE('',*,*,#8842,.F.);
#9446 = ORIENTED_EDGE('',*,*,#9327,.T.);
#9447 = ORIENTED_EDGE('',*,*,#8959,.T.);
#9448 = CYLINDRICAL_SURFACE('',#9449,2.);
#9449 = AXIS2_PLACEMENT_3D('',#9450,#9451,#9452);
#9450 = CARTESIAN_POINT('',(42.109275190585,6.,23.));
#9451 = DIRECTION('',(0.,1.,6.7E-16));
#9452 = DIRECTION('',(0.743294146247,-4.48206370187E-16,0.668964731622)
  );
#9453 = ADVANCED_FACE('',(#9454),#9481,.T.);
#9454 = FACE_BOUND('',#9455,.F.);
#9455 = EDGE_LOOP('',(#9456,#9464,#9479,#9480));
#9456 = ORIENTED_EDGE('',*,*,#9457,.F.);
#9457 = EDGE_CURVE('',#9458,#8977,#9460,.T.);
#9458 = VERTEX_POINT('',#9459);
#9459 = CARTESIAN_POINT('',(66.,20.022649434004,-1.323027566016));
#9460 = LINE('',#9461,#9462);
#9461 = CARTESIAN_POINT('',(66.,6.,-1.323027566016));
#9462 = VECTOR('',#9463,1.);
#9463 = DIRECTION('',(0.,1.,6.7E-16));
#9464 = ORIENTED_EDGE('',*,*,#9465,.F.);
#9465 = EDGE_CURVE('',#9251,#9458,#9466,.T.);
#9466 = B_SPLINE_CURVE_WITH_KNOTS('',6,(#9467,#9468,#9469,#9470,#9471,
    #9472,#9473,#9474,#9475,#9476,#9477,#9478),.UNSPECIFIED.,.F.,.F.,(7,
    5,7),(0.,0.457870088429,1.),.UNSPECIFIED.);
#9467 = CARTESIAN_POINT('',(65.486588292494,20.458012633544,
    1.490189722853E-02));
#9468 = CARTESIAN_POINT('',(65.56802560618,20.432345065532,
    -7.558400686696E-02));
#9469 = CARTESIAN_POINT('',(65.642019269645,20.404064339962,
    -0.171091100719));
#9470 = CARTESIAN_POINT('',(65.708127160817,20.373448814106,
    -0.270617638521));
#9471 = CARTESIAN_POINT('',(65.766091834759,20.340922934526,
    -0.373060746701));
#9472 = CARTESIAN_POINT('',(65.815865459975,20.307038176976,
    -0.477248996277));
#9473 = CARTESIAN_POINT('',(65.907095630855,20.231408238662,
    -0.705935292633));
#9474 = CARTESIAN_POINT('',(65.945440627905,20.189276892988,
    -0.830904511395));
#9475 = CARTESIAN_POINT('',(65.973298261233,20.146697628185,
    -0.955844918613));
#9476 = CARTESIAN_POINT('',(65.991286170989,20.104332726973,
    -1.079937221708));
#9477 = CARTESIAN_POINT('',(66.,20.062800204696,-1.20251684092));
#9478 = CARTESIAN_POINT('',(66.,20.022649434004,-1.323027566016));
#9479 = ORIENTED_EDGE('',*,*,#9250,.T.);
#9480 = ORIENTED_EDGE('',*,*,#8984,.T.);
#9481 = CYLINDRICAL_SURFACE('',#9482,2.);
#9482 = AXIS2_PLACEMENT_3D('',#9483,#9484,#9485);
#9483 = CARTESIAN_POINT('',(64.,6.,-1.323027566016));
#9484 = DIRECTION('',(0.,1.,6.7E-16));
#9485 = DIRECTION('',(1.,0.,0.));
#9486 = ADVANCED_FACE('',(#9487),#9499,.F.);
#9487 = FACE_BOUND('',#9488,.T.);
#9488 = EDGE_LOOP('',(#9489,#9490,#9497,#9498));
#9489 = ORIENTED_EDGE('',*,*,#9457,.F.);
#9490 = ORIENTED_EDGE('',*,*,#9491,.F.);
#9491 = EDGE_CURVE('',#9389,#9458,#9492,.T.);
#9492 = ELLIPSE('',#9493,8.879391871069,6.6);
#9493 = AXIS2_PLACEMENT_3D('',#9494,#9495,#9496);
#9494 = CARTESIAN_POINT('',(66.,14.,2.308876310618));
#9495 = DIRECTION('',(1.,-0.,0.));
#9496 = DIRECTION('',(0.,3.6E-16,-1.));
#9497 = ORIENTED_EDGE('',*,*,#9401,.T.);
#9498 = ORIENTED_EDGE('',*,*,#9031,.F.);
#9499 = PLANE('',#9500);
#9500 = AXIS2_PLACEMENT_3D('',#9501,#9502,#9503);
#9501 = CARTESIAN_POINT('',(66.,1.665E-14,-25.));
#9502 = DIRECTION('',(-1.,-0.,-0.));
#9503 = DIRECTION('',(0.,6.7E-16,-1.));
#9504 = ADVANCED_FACE('',(#9505,#9516),#9519,.F.);
#9505 = FACE_BOUND('',#9506,.F.);
#9506 = EDGE_LOOP('',(#9507));
#9507 = ORIENTED_EDGE('',*,*,#9508,.T.);
#9508 = EDGE_CURVE('',#9509,#9509,#9511,.T.);
#9509 = VERTEX_POINT('',#9510);
#9510 = CARTESIAN_POINT('',(63.044510920855,14.,-9.230455731682));
#9511 = CIRCLE('',#9512,6.6);
#9512 = AXIS2_PLACEMENT_3D('',#9513,#9514,#9515);
#9513 = CARTESIAN_POINT('',(58.629343692146,14.,-4.32471436645));
#9514 = DIRECTION('',(-0.743294146247,2.4E-16,-0.668964731622));
#9515 = DIRECTION('',(0.668964731622,3.3E-16,-0.743294146247));
#9516 = FACE_BOUND('',#9517,.F.);
#9517 = EDGE_LOOP('',(#9518));
#9518 = ORIENTED_EDGE('',*,*,#9207,.F.);
#9519 = PLANE('',#9520);
#9520 = AXIS2_PLACEMENT_3D('',#9521,#9522,#9523);
#9521 = CARTESIAN_POINT('',(58.629343692146,14.,-4.32471436645));
#9522 = DIRECTION('',(-0.743294146247,2.4E-16,-0.668964731622));
#9523 = DIRECTION('',(0.668964731622,3.3E-16,-0.743294146247));
#9524 = ADVANCED_FACE('',(#9525),#9542,.F.);
#9525 = FACE_BOUND('',#9526,.F.);
#9526 = EDGE_LOOP('',(#9527,#9528,#9529,#9530,#9531,#9532,#9538,#9539,
    #9540,#9541));
#9527 = ORIENTED_EDGE('',*,*,#9300,.T.);
#9528 = ORIENTED_EDGE('',*,*,#9258,.T.);
#9529 = ORIENTED_EDGE('',*,*,#9465,.T.);
#9530 = ORIENTED_EDGE('',*,*,#9491,.F.);
#9531 = ORIENTED_EDGE('',*,*,#9388,.T.);
#9532 = ORIENTED_EDGE('',*,*,#9533,.T.);
#9533 = EDGE_CURVE('',#9376,#9509,#9534,.T.);
#9534 = LINE('',#9535,#9536);
#9535 = CARTESIAN_POINT('',(68.990864090832,14.,-3.878737878702));
#9536 = VECTOR('',#9537,1.);
#9537 = DIRECTION('',(-0.743294146247,2.4E-16,-0.668964731622));
#9538 = ORIENTED_EDGE('',*,*,#9508,.F.);
#9539 = ORIENTED_EDGE('',*,*,#9533,.F.);
#9540 = ORIENTED_EDGE('',*,*,#9375,.T.);
#9541 = ORIENTED_EDGE('',*,*,#9352,.F.);
#9542 = CYLINDRICAL_SURFACE('',#9543,6.6);
#9543 = AXIS2_PLACEMENT_3D('',#9544,#9545,#9546);
#9544 = CARTESIAN_POINT('',(64.575696862124,14.,1.027003486529));
#9545 = DIRECTION('',(-0.743294146247,2.4E-16,-0.668964731622));
#9546 = DIRECTION('',(0.668964731622,3.3E-16,-0.743294146247));
#9547 = ( GEOMETRIC_REPRESENTATION_CONTEXT(3) 
GLOBAL_UNCERTAINTY_ASSIGNED_CONTEXT((#9551)) 
GLOBAL_UNIT_ASSIGNED_CONTEXT((#9548,#9549,#9550)) REPRESENTATION_CONTEXT
('Context #1','3D Context with UNIT and UNCERTAINTY') );
#9548 = ( LENGTH_UNIT() NAMED_UNIT(*) SI_UNIT(.MILLI.,.METRE.) );
#9549 = ( NAMED_UNIT(*) PLANE_ANGLE_UNIT() SI_UNIT($,.RADIAN.) );
#9550 = ( NAMED_UNIT(*) SI_UNIT($,.STERADIAN.) SOLID_ANGLE_UNIT() );
#9551 = UNCERTAINTY_MEASURE_WITH_UNIT(LENGTH_MEASURE(2.E-05),#9548,
  'distance_accuracy_value','confusion accuracy');
#9552 = PRODUCT_RELATED_PRODUCT_CATEGORY('part',$,(#7));
#9553 = MECHANICAL_DESIGN_GEOMETRIC_PRESENTATION_REPRESENTATION('',(
    #9554,#9565,#9574),#9547);
#9554 = STYLED_ITEM('color',(#9555),#15);
#9555 = PRESENTATION_STYLE_ASSIGNMENT((#9556,#9562));
#9556 = SURFACE_STYLE_USAGE(.BOTH.,#9557);
#9557 = SURFACE_SIDE_STYLE('',(#9558));
#9558 = SURFACE_STYLE_FILL_AREA(#9559);
#9559 = FILL_AREA_STYLE('',(#9560));
#9560 = FILL_AREA_STYLE_COLOUR('',#9561);
#9561 = COLOUR_RGB('',0.447058818107,0.474509808674,0.501960817233);
#9562 = CURVE_STYLE('',#9563,POSITIVE_LENGTH_MEASURE(0.1),#9564);
#9563 = DRAUGHTING_PRE_DEFINED_CURVE_FONT('continuous');
#9564 = COLOUR_RGB('',9.803921802644E-02,9.803921802644E-02,
  9.803921802644E-02);
#9565 = STYLED_ITEM('color',(#9566),#6143);
#9566 = PRESENTATION_STYLE_ASSIGNMENT((#9567,#9572));
#9567 = SURFACE_STYLE_USAGE(.BOTH.,#9568);
#9568 = SURFACE_SIDE_STYLE('',(#9569));
#9569 = SURFACE_STYLE_FILL_AREA(#9570);
#9570 = FILL_AREA_STYLE('',(#9571));
#9571 = FILL_AREA_STYLE_COLOUR('',#9561);
#9572 = CURVE_STYLE('',#9573,POSITIVE_LENGTH_MEASURE(0.1),#9564);
#9573 = DRAUGHTING_PRE_DEFINED_CURVE_FONT('continuous');
#9574 = STYLED_ITEM('color',(#9575),#7636);
#9575 = PRESENTATION_STYLE_ASSIGNMENT((#9576,#9581));
#9576 = SURFACE_STYLE_USAGE(.BOTH.,#9577);
#9577 = SURFACE_SIDE_STYLE('',(#9578));
#9578 = SURFACE_STYLE_FILL_AREA(#9579);
#9579 = FILL_AREA_STYLE('',(#9580));
#9580 = FILL_AREA_STYLE_COLOUR('',#9561);
#9581 = CURVE_STYLE('',#9582,POSITIVE_LENGTH_MEASURE(0.1),#9564);
#9582 = DRAUGHTING_PRE_DEFINED_CURVE_FONT('continuous');
ENDSEC;
END-ISO-10303-21;
